0.000012
0.000036
0.000060
0.000084
0.000108
0.000132
0.000156
0.000180
0.000204
0.000228
0.000252
0.000276
0.000300
0.000324
0.000348
0.000372
0.000395
0.000419
0.000443
0.000467
0.000491
0.000515
0.000539
0.000563
0.000587
0.000611
0.000635
0.000659
0.000683
0.000707
0.000731
0.000755
0.000779
0.000803
0.000827
0.000851
0.000875
0.000899
0.000923
0.000947
0.000971
0.000995
0.001019
0.001043
0.001067
0.001091
0.001115
0.001139
0.001162
0.001186
0.001210
0.001234
0.001258
0.001282
0.001306
0.001330
0.001354
0.001378
0.001402
0.001426
0.001450
0.001474
0.001498
0.001522
0.001546
0.001570
0.001594
0.001618
0.001642
0.001666
0.001690
0.001714
0.001738
0.001762
0.001786
0.001810
0.001834
0.001858
0.001882
0.001905
0.001929
0.001953
0.001977
0.002001
0.002025
0.002049
0.002073
0.002097
0.002121
0.002145
0.002169
0.002193
0.002217
0.002241
0.002265
0.002289
0.002313
0.002337
0.002361
0.002385
0.002409
0.002433
0.002457
0.002481
0.002505
0.002529
0.002553
0.002577
0.002601
0.002625
0.002649
0.002672
0.002696
0.002720
0.002744
0.002768
0.002792
0.002816
0.002840
0.002864
0.002888
0.002912
0.002936
0.002960
0.002984
0.003008
0.003032
0.003056
0.003080
0.003104
0.003128
0.003152
0.003176
0.003200
0.003224
0.003248
0.003272
0.003296
0.003320
0.003344
0.003368
0.003392
0.003415
0.003439
0.003463
0.003487
0.003511
0.003535
0.003559
0.003583
0.003607
0.003631
0.003655
0.003679
0.003703
0.003727
0.003751
0.003775
0.003799
0.003823
0.003847
0.003871
0.003895
0.003919
0.003943
0.003967
0.003991
0.004015
0.004039
0.004063
0.004087
0.004111
0.004135
0.004159
0.004182
0.004206
0.004230
0.004254
0.004278
0.004302
0.004326
0.004350
0.004374
0.004398
0.004422
0.004446
0.004470
0.004494
0.004518
0.004542
0.004566
0.004590
0.004614
0.004638
0.004662
0.004686
0.004710
0.004734
0.004758
0.004782
0.004806
0.004830
0.004854
0.004878
0.004902
0.004925
0.004949
0.004973
0.004997
0.005021
0.005045
0.005069
0.005093
0.005117
0.005141
0.005165
0.005189
0.005213
0.005237
0.005261
0.005285
0.005309
0.005333
0.005357
0.005381
0.005405
0.005429
0.005453
0.005477
0.005501
0.005525
0.005549
0.005573
0.005597
0.005621
0.005645
0.005669
0.005692
0.005716
0.005740
0.005764
0.005788
0.005812
0.005836
0.005860
0.005884
0.005908
0.005932
0.005956
0.005980
0.006004
0.006028
0.006052
0.006076
0.006100
0.006124
0.006148
0.006172
0.006196
0.006220
0.006244
0.006268
0.006292
0.006316
0.006340
0.006364
0.006388
0.006412
0.006435
0.006459
0.006483
0.006507
0.006531
0.006555
0.006579
0.006603
0.006627
0.006651
0.006675
0.006699
0.006723
0.006747
0.006771
0.006795
0.006819
0.006843
0.006867
0.006891
0.006915
0.006939
0.006963
0.006987
0.007011
0.007035
0.007059
0.007083
0.007107
0.007131
0.007155
0.007178
0.007202
0.007226
0.007250
0.007274
0.007298
0.007322
0.007346
0.007370
0.007394
0.007418
0.007442
0.007466
0.007490
0.007514
0.007538
0.007562
0.007586
0.007610
0.007634
0.007658
0.007682
0.007706
0.007730
0.007754
0.007778
0.007802
0.007826
0.007850
0.007874
0.007898
0.007921
0.007945
0.007969
0.007993
0.008017
0.008041
0.008065
0.008089
0.008113
0.008137
0.008161
0.008185
0.008209
0.008233
0.008257
0.008281
0.008305
0.008329
0.008353
0.008377
0.008401
0.008425
0.008449
0.008473
0.008497
0.008521
0.008545
0.008569
0.008593
0.008617
0.008641
0.008664
0.008688
0.008712
0.008736
0.008760
0.008784
0.008808
0.008832
0.008856
0.008880
0.008904
0.008928
0.008952
0.008976
0.009000
0.009024
0.009048
0.009072
0.009096
0.009120
0.009144
0.009168
0.009192
0.009216
0.009240
0.009264
0.009288
0.009312
0.009336
0.009360
0.009384
0.009407
0.009431
0.009455
0.009479
0.009503
0.009527
0.009551
0.009575
0.009599
0.009623
0.009647
0.009671
0.009695
0.009719
0.009743
0.009767
0.009791
0.009815
0.009839
0.009863
0.009887
0.009911
0.009935
0.009959
0.009983
0.010007
0.010031
0.010055
0.010079
0.010103
0.010126
0.010150
0.010174
0.010198
0.010222
0.010246
0.010270
0.010294
0.010318
0.010342
0.010366
0.010390
0.010414
0.010438
0.010462
0.010486
0.010510
0.010534
0.010558
0.010582
0.010606
0.010630
0.010654
0.010678
0.010702
0.010726
0.010750
0.010774
0.010798
0.010822
0.010846
0.010869
0.010893
0.010917
0.010941
0.010965
0.010989
0.011013
0.011037
0.011061
0.011085
0.011109
0.011133
0.011157
0.011181
0.011205
0.011229
0.011253
0.011277
0.011301
0.011325
0.011349
0.011373
0.011397
0.011421
0.011445
0.011469
0.011493
0.011517
0.011541
0.011565
0.011588
0.011612
0.011636
0.011660
0.011684
0.011708
0.011732
0.011756
0.011780
0.011804
0.011828
0.011852
0.011876
0.011900
0.011924
0.011948
0.011972
0.011996
0.012020
0.012044
0.012068
0.012092
0.012116
0.012140
0.012164
0.012188
0.012212
0.012236
0.012260
0.012284
0.012307
0.012331
0.012355
0.012379
0.012403
0.012427
0.012451
0.012475
0.012499
0.012523
0.012547
0.012571
0.012595
0.012619
0.012643
0.012667
0.012691
0.012715
0.012739
0.012763
0.012787
0.012811
0.012835
0.012859
0.012883
0.012907
0.012931
0.012955
0.012979
0.013003
0.013026
0.013050
0.013074
0.013098
0.013122
0.013146
0.013170
0.013194
0.013218
0.013242
0.013266
0.013290
0.013314
0.013338
0.013362
0.013386
0.013410
0.013434
0.013458
0.013482
0.013506
0.013530
0.013554
0.013578
0.013602
0.013626
0.013650
0.013674
0.013698
0.013722
0.013745
0.013769
0.013793
0.013817
0.013841
0.013865
0.013889
0.013913
0.013937
0.013961
0.013985
0.014009
0.014033
0.014057
0.014081
0.014105
0.014129
0.014153
0.014177
0.014201
0.014225
0.014249
0.014273
0.014297
0.014321
0.014345
0.014369
0.014393
0.014417
0.014440
0.014464
0.014488
0.014512
0.014536
0.014560
0.014584
0.014608
0.014632
0.014656
0.014680
0.014704
0.014728
0.014752
0.014776
0.014800
0.014824
0.014848
0.014872
0.014896
0.014920
0.014944
0.014968
0.014992
0.015016
0.015040
0.015064
0.015088
0.015112
0.015135
0.015159
0.015183
0.015207
0.015231
0.015255
0.015279
0.015303
0.015327
0.015351
0.015375
0.015399
0.015423
0.015447
0.015471
0.015495
0.015519
0.015543
0.015567
0.015591
0.015615
0.015639
0.015663
0.015687
0.015711
0.015735
0.015759
0.015783
0.015807
0.015830
0.015854
0.015878
0.015902
0.015926
0.015950
0.015974
0.015998
0.016022
0.016046
0.016070
0.016094
0.016118
0.016142
0.016166
0.016190
0.016214
0.016238
0.016262
0.016286
0.016310
0.016334
0.016358
0.016382
0.016406
0.016430
0.016454
0.016478
0.016502
0.016525
0.016549
0.016573
0.016597
0.016621
0.016645
0.016669
0.016693
0.016717
0.016741
0.016765
0.016789
0.016813
0.016837
0.016861
0.016885
0.016909
0.016933
0.016957
0.016981
0.017005
0.017029
0.017053
0.017077
0.017101
0.017125
0.017149
0.017173
0.017197
0.017220
0.017244
0.017268
0.017292
0.017316
0.017340
0.017364
0.017388
0.017412
0.017436
0.017460
0.017484
0.017508
0.017532
0.017556
0.017580
0.017604
0.017628
0.017652
0.017676
0.017700
0.017724
0.017748
0.017772
0.017796
0.017820
0.017844
0.017868
0.017891
0.017915
0.017939
0.017963
0.017987
0.018011
0.018035
0.018059
0.018083
0.018107
0.018131
0.018155
0.018179
0.018203
0.018227
0.018251
0.018275
0.018299
0.018323
0.018347
0.018371
0.018395
0.018419
0.018443
0.018467
0.018491
0.018515
0.018539
0.018562
0.018586
0.018610
0.018634
0.018658
0.018682
0.018706
0.018730
0.018754
0.018778
0.018802
0.018826
0.018850
0.018874
0.018898
0.018922
0.018946
0.018970
0.018994
0.019018
0.019042
0.019066
0.019090
0.019114
0.019138
0.019162
0.019186
0.019210
0.019233
0.019257
0.019281
0.019305
0.019329
0.019353
0.019377
0.019401
0.019425
0.019449
0.019473
0.019497
0.019521
0.019545
0.019569
0.019593
0.019617
0.019641
0.019665
0.019689
0.019713
0.019737
0.019761
0.019785
0.019809
0.019833
0.019857
0.019881
0.019904
0.019928
0.019952
0.019976
0.020000
0.020024
0.020048
0.020072
0.020096
0.020120
0.020144
0.020168
0.020192
0.020216
0.020240
0.020264
0.020288
0.020312
0.020336
0.020360
0.020384
0.020408
0.020432
0.020456
0.020480
0.020504
0.020528
0.020551
0.020575
0.020599
0.020623
0.020647
0.020671
0.020695
0.020719
0.020743
0.020767
0.020791
0.020815
0.020839
0.020863
0.020887
0.020911
0.020935
0.020959
0.020983
0.021007
0.021031
0.021055
0.021079
0.021103
0.021127
0.021151
0.021175
0.021199
0.021222
0.021246
0.021270
0.021294
0.021318
0.021342
0.021366
0.021390
0.021414
0.021438
0.021462
0.021486
0.021510
0.021534
0.021558
0.021582
0.021606
0.021630
0.021654
0.021678
0.021702
0.021726
0.021750
0.021774
0.021798
0.021822
0.021846
0.021869
0.021893
0.021917
0.021941
0.021965
0.021989
0.022013
0.022037
0.022061
0.022085
0.022109
0.022133
0.022157
0.022181
0.022205
0.022229
0.022253
0.022277
0.022301
0.022325
0.022349
0.022373
0.022397
0.022421
0.022445
0.022469
0.022492
0.022516
0.022540
0.022564
0.022588
0.022612
0.022636
0.022660
0.022684
0.022708
0.022732
0.022756
0.022780
0.022804
0.022828
0.022852
0.022876
0.022900
0.022924
0.022948
0.022972
0.022996
0.023020
0.023044
0.023068
0.023092
0.023116
0.023139
0.023163
0.023187
0.023211
0.023235
0.023259
0.023283
0.023307
0.023331
0.023355
0.023379
0.023403
0.023427
0.023451
0.023475
0.023499
0.023523
0.023547
0.023571
0.023595
0.023619
0.023643
0.023667
0.023691
0.023715
0.023739
0.023762
0.023786
0.023810
0.023834
0.023858
0.023882
0.023906
0.023930
0.023954
0.023978
0.024002
0.024026
0.024050
0.024074
0.024098
0.024122
0.024146
0.024170
0.024194
0.024218
0.024242
0.024266
0.024290
0.024314
0.024338
0.024362
0.024385
0.024409
0.024433
0.024457
0.024481
0.024505
0.024529
0.024553
0.024577
0.024601
0.024625
0.024649
0.024673
0.024697
0.024721
0.024745
0.024769
0.024793
0.024817
0.024841
0.024865
0.024889
0.024913
0.024937
0.024961
0.024985
0.025008
0.025032
0.025056
0.025080
0.025104
0.025128
0.025152
0.025176
0.025200
0.025224
0.025248
0.025272
0.025296
0.025320
0.025344
0.025368
0.025392
0.025416
0.025440
0.025464
0.025488
0.025512
0.025536
0.025560
0.025584
0.025607
0.025631
0.025655
0.025679
0.025703
0.025727
0.025751
0.025775
0.025799
0.025823
0.025847
0.025871
0.025895
0.025919
0.025943
0.025967
0.025991
0.026015
0.026039
0.026063
0.026087
0.026111
0.026135
0.026159
0.026183
0.026206
0.026230
0.026254
0.026278
0.026302
0.026326
0.026350
0.026374
0.026398
0.026422
0.026446
0.026470
0.026494
0.026518
0.026542
0.026566
0.026590
0.026614
0.026638
0.026662
0.026686
0.026710
0.026734
0.026758
0.026782
0.026805
0.026829
0.026853
0.026877
0.026901
0.026925
0.026949
0.026973
0.026997
0.027021
0.027045
0.027069
0.027093
0.027117
0.027141
0.027165
0.027189
0.027213
0.027237
0.027261
0.027285
0.027309
0.027333
0.027357
0.027381
0.027404
0.027428
0.027452
0.027476
0.027500
0.027524
0.027548
0.027572
0.027596
0.027620
0.027644
0.027668
0.027692
0.027716
0.027740
0.027764
0.027788
0.027812
0.027836
0.027860
0.027884
0.027908
0.027932
0.027956
0.027980
0.028003
0.028027
0.028051
0.028075
0.028099
0.028123
0.028147
0.028171
0.028195
0.028219
0.028243
0.028267
0.028291
0.028315
0.028339
0.028363
0.028387
0.028411
0.028435
0.028459
0.028483
0.028507
0.028531
0.028555
0.028578
0.028602
0.028626
0.028650
0.028674
0.028698
0.028722
0.028746
0.028770
0.028794
0.028818
0.028842
0.028866
0.028890
0.028914
0.028938
0.028962
0.028986
0.029010
0.029034
0.029058
0.029082
0.029106
0.029130
0.029153
0.029177
0.029201
0.029225
0.029249
0.029273
0.029297
0.029321
0.029345
0.029369
0.029393
0.029417
0.029441
0.029465
0.029489
0.029513
0.029537
0.029561
0.029585
0.029609
0.029633
0.029657
0.029681
0.029705
0.029728
0.029752
0.029776
0.029800
0.029824
0.029848
0.029872
0.029896
0.029920
0.029944
0.029968
0.029992
0.030016
0.030040
0.030064
0.030088
0.030112
0.030136
0.030160
0.030184
0.030208
0.030232
0.030256
0.030280
0.030303
0.030327
0.030351
0.030375
0.030399
0.030423
0.030447
0.030471
0.030495
0.030519
0.030543
0.030567
0.030591
0.030615
0.030639
0.030663
0.030687
0.030711
0.030735
0.030759
0.030783
0.030807
0.030831
0.030854
0.030878
0.030902
0.030926
0.030950
0.030974
0.030998
0.031022
0.031046
0.031070
0.031094
0.031118
0.031142
0.031166
0.031190
0.031214
0.031238
0.031262
0.031286
0.031310
0.031334
0.031358
0.031382
0.031405
0.031429
0.031453
0.031477
0.031501
0.031525
0.031549
0.031573
0.031597
0.031621
0.031645
0.031669
0.031693
0.031717
0.031741
0.031765
0.031789
0.031813
0.031837
0.031861
0.031885
0.031909
0.031933
0.031956
0.031980
0.032004
0.032028
0.032052
0.032076
0.032100
0.032124
0.032148
0.032172
0.032196
0.032220
0.032244
0.032268
0.032292
0.032316
0.032340
0.032364
0.032388
0.032412
0.032436
0.032460
0.032484
0.032507
0.032531
0.032555
0.032579
0.032603
0.032627
0.032651
0.032675
0.032699
0.032723
0.032747
0.032771
0.032795
0.032819
0.032843
0.032867
0.032891
0.032915
0.032939
0.032963
0.032987
0.033011
0.033034
0.033058
0.033082
0.033106
0.033130
0.033154
0.033178
0.033202
0.033226
0.033250
0.033274
0.033298
0.033322
0.033346
0.033370
0.033394
0.033418
0.033442
0.033466
0.033490
0.033514
0.033538
0.033562
0.033585
0.033609
0.033633
0.033657
0.033681
0.033705
0.033729
0.033753
0.033777
0.033801
0.033825
0.033849
0.033873
0.033897
0.033921
0.033945
0.033969
0.033993
0.034017
0.034041
0.034065
0.034089
0.034112
0.034136
0.034160
0.034184
0.034208
0.034232
0.034256
0.034280
0.034304
0.034328
0.034352
0.034376
0.034400
0.034424
0.034448
0.034472
0.034496
0.034520
0.034544
0.034568
0.034592
0.034616
0.034639
0.034663
0.034687
0.034711
0.034735
0.034759
0.034783
0.034807
0.034831
0.034855
0.034879
0.034903
0.034927
0.034951
0.034975
0.034999
0.035023
0.035047
0.035071
0.035095
0.035119
0.035142
0.035166
0.035190
0.035214
0.035238
0.035262
0.035286
0.035310
0.035334
0.035358
0.035382
0.035406
0.035430
0.035454
0.035478
0.035502
0.035526
0.035550
0.035574
0.035598
0.035622
0.035646
0.035669
0.035693
0.035717
0.035741
0.035765
0.035789
0.035813
0.035837
0.035861
0.035885
0.035909
0.035933
0.035957
0.035981
0.036005
0.036029
0.036053
0.036077
0.036101
0.036125
0.036149
0.036172
0.036196
0.036220
0.036244
0.036268
0.036292
0.036316
0.036340
0.036364
0.036388
0.036412
0.036436
0.036460
0.036484
0.036508
0.036532
0.036556
0.036580
0.036604
0.036628
0.036652
0.036675
0.036699
0.036723
0.036747
0.036771
0.036795
0.036819
0.036843
0.036867
0.036891
0.036915
0.036939
0.036963
0.036987
0.037011
0.037035
0.037059
0.037083
0.037107
0.037131
0.037155
0.037178
0.037202
0.037226
0.037250
0.037274
0.037298
0.037322
0.037346
0.037370
0.037394
0.037418
0.037442
0.037466
0.037490
0.037514
0.037538
0.037562
0.037586
0.037610
0.037634
0.037658
0.037681
0.037705
0.037729
0.037753
0.037777
0.037801
0.037825
0.037849
0.037873
0.037897
0.037921
0.037945
0.037969
0.037993
0.038017
0.038041
0.038065
0.038089
0.038113
0.038137
0.038160
0.038184
0.038208
0.038232
0.038256
0.038280
0.038304
0.038328
0.038352
0.038376
0.038400
0.038424
0.038448
0.038472
0.038496
0.038520
0.038544
0.038568
0.038592
0.038616
0.038640
0.038663
0.038687
0.038711
0.038735
0.038759
0.038783
0.038807
0.038831
0.038855
0.038879
0.038903
0.038927
0.038951
0.038975
0.038999
0.039023
0.039047
0.039071
0.039095
0.039119
0.039142
0.039166
0.039190
0.039214
0.039238
0.039262
0.039286
0.039310
0.039334
0.039358
0.039382
0.039406
0.039430
0.039454
0.039478
0.039502
0.039526
0.039550
0.039574
0.039598
0.039621
0.039645
0.039669
0.039693
0.039717
0.039741
0.039765
0.039789
0.039813
0.039837
0.039861
0.039885
0.039909
0.039933
0.039957
0.039981
0.040005
0.040029
0.040053
0.040076
0.040100
0.040124
0.040148
0.040172
0.040196
0.040220
0.040244
0.040268
0.040292
0.040316
0.040340
0.040364
0.040388
0.040412
0.040436
0.040460
0.040484
0.040508
0.040532
0.040555
0.040579
0.040603
0.040627
0.040651
0.040675
0.040699
0.040723
0.040747
0.040771
0.040795
0.040819
0.040843
0.040867
0.040891
0.040915
0.040939
0.040963
0.040987
0.041010
0.041034
0.041058
0.041082
0.041106
0.041130
0.041154
0.041178
0.041202
0.041226
0.041250
0.041274
0.041298
0.041322
0.041346
0.041370
0.041394
0.041418
0.041442
0.041466
0.041489
0.041513
0.041537
0.041561
0.041585
0.041609
0.041633
0.041657
0.041681
0.041705
0.041729
0.041753
0.041777
0.041801
0.041825
0.041849
0.041873
0.041897
0.041921
0.041944
0.041968
0.041992
0.042016
0.042040
0.042064
0.042088
0.042112
0.042136
0.042160
0.042184
0.042208
0.042232
0.042256
0.042280
0.042304
0.042328
0.042352
0.042376
0.042399
0.042423
0.042447
0.042471
0.042495
0.042519
0.042543
0.042567
0.042591
0.042615
0.042639
0.042663
0.042687
0.042711
0.042735
0.042759
0.042783
0.042807
0.042830
0.042854
0.042878
0.042902
0.042926
0.042950
0.042974
0.042998
0.043022
0.043046
0.043070
0.043094
0.043118
0.043142
0.043166
0.043190
0.043214
0.043238
0.043262
0.043285
0.043309
0.043333
0.043357
0.043381
0.043405
0.043429
0.043453
0.043477
0.043501
0.043525
0.043549
0.043573
0.043597
0.043621
0.043645
0.043669
0.043693
0.043717
0.043740
0.043764
0.043788
0.043812
0.043836
0.043860
0.043884
0.043908
0.043932
0.043956
0.043980
0.044004
0.044028
0.044052
0.044076
0.044100
0.044124
0.044148
0.044171
0.044195
0.044219
0.044243
0.044267
0.044291
0.044315
0.044339
0.044363
0.044387
0.044411
0.044435
0.044459
0.044483
0.044507
0.044531
0.044555
0.044579
0.044602
0.044626
0.044650
0.044674
0.044698
0.044722
0.044746
0.044770
0.044794
0.044818
0.044842
0.044866
0.044890
0.044914
0.044938
0.044962
0.044986
0.045010
0.045033
0.045057
0.045081
0.045105
0.045129
0.045153
0.045177
0.045201
0.045225
0.045249
0.045273
0.045297
0.045321
0.045345
0.045369
0.045393
0.045417
0.045441
0.045464
0.045488
0.045512
0.045536
0.045560
0.045584
0.045608
0.045632
0.045656
0.045680
0.045704
0.045728
0.045752
0.045776
0.045800
0.045824
0.045848
0.045871
0.045895
0.045919
0.045943
0.045967
0.045991
0.046015
0.046039
0.046063
0.046087
0.046111
0.046135
0.046159
0.046183
0.046207
0.046231
0.046255
0.046279
0.046302
0.046326
0.046350
0.046374
0.046398
0.046422
0.046446
0.046470
0.046494
0.046518
0.046542
0.046566
0.046590
0.046614
0.046638
0.046662
0.046686
0.046709
0.046733
0.046757
0.046781
0.046805
0.046829
0.046853
0.046877
0.046901
0.046925
0.046949
0.046973
0.046997
0.047021
0.047045
0.047069
0.047093
0.047117
0.047140
0.047164
0.047188
0.047212
0.047236
0.047260
0.047284
0.047308
0.047332
0.047356
0.047380
0.047404
0.047428
0.047452
0.047476
0.047500
0.047524
0.047547
0.047571
0.047595
0.047619
0.047643
0.047667
0.047691
0.047715
0.047739
0.047763
0.047787
0.047811
0.047835
0.047859
0.047883
0.047907
0.047931
0.047954
0.047978
0.048002
0.048026
0.048050
0.048074
0.048098
0.048122
0.048146
0.048170
0.048194
0.048218
0.048242
0.048266
0.048290
0.048314
0.048338
0.048361
0.048385
0.048409
0.048433
0.048457
0.048481
0.048505
0.048529
0.048553
0.048577
0.048601
0.048625
0.048649
0.048673
0.048697
0.048721
0.048744
0.048768
0.048792
0.048816
0.048840
0.048864
0.048888
0.048912
0.048936
0.048960
0.048984
0.049008
0.049032
0.049056
0.049080
0.049104
0.049128
0.049151
0.049175
0.049199
0.049223
0.049247
0.049271
0.049295
0.049319
0.049343
0.049367
0.049391
0.049415
0.049439
0.049463
0.049487
0.049511
0.049534
0.049558
0.049582
0.049606
0.049630
0.049654
0.049678
0.049702
0.049726
0.049750
0.049774
0.049798
0.049822
0.049846
0.049870
0.049894
0.049918
0.049941
0.049965
0.049989
0.050013
0.050037
0.050061
0.050085
0.050109
0.050133
0.050157
0.050181
0.050205
0.050229
0.050253
0.050277
0.050301
0.050324
0.050348
0.050372
0.050396
0.050420
0.050444
0.050468
0.050492
0.050516
0.050540
0.050564
0.050588
0.050612
0.050636
0.050660
0.050684
0.050707
0.050731
0.050755
0.050779
0.050803
0.050827
0.050851
0.050875
0.050899
0.050923
0.050947
0.050971
0.050995
0.051019
0.051043
0.051067
0.051090
0.051114
0.051138
0.051162
0.051186
0.051210
0.051234
0.051258
0.051282
0.051306
0.051330
0.051354
0.051378
0.051402
0.051426
0.051450
0.051473
0.051497
0.051521
0.051545
0.051569
0.051593
0.051617
0.051641
0.051665
0.051689
0.051713
0.051737
0.051761
0.051785
0.051809
0.051833
0.051856
0.051880
0.051904
0.051928
0.051952
0.051976
0.052000
0.052024
0.052048
0.052072
0.052096
0.052120
0.052144
0.052168
0.052192
0.052215
0.052239
0.052263
0.052287
0.052311
0.052335
0.052359
0.052383
0.052407
0.052431
0.052455
0.052479
0.052503
0.052527
0.052551
0.052575
0.052598
0.052622
0.052646
0.052670
0.052694
0.052718
0.052742
0.052766
0.052790
0.052814
0.052838
0.052862
0.052886
0.052910
0.052934
0.052957
0.052981
0.053005
0.053029
0.053053
0.053077
0.053101
0.053125
0.053149
0.053173
0.053197
0.053221
0.053245
0.053269
0.053293
0.053316
0.053340
0.053364
0.053388
0.053412
0.053436
0.053460
0.053484
0.053508
0.053532
0.053556
0.053580
0.053604
0.053628
0.053652
0.053676
0.053699
0.053723
0.053747
0.053771
0.053795
0.053819
0.053843
0.053867
0.053891
0.053915
0.053939
0.053963
0.053987
0.054011
0.054035
0.054058
0.054082
0.054106
0.054130
0.054154
0.054178
0.054202
0.054226
0.054250
0.054274
0.054298
0.054322
0.054346
0.054370
0.054394
0.054417
0.054441
0.054465
0.054489
0.054513
0.054537
0.054561
0.054585
0.054609
0.054633
0.054657
0.054681
0.054705
0.054729
0.054752
0.054776
0.054800
0.054824
0.054848
0.054872
0.054896
0.054920
0.054944
0.054968
0.054992
0.055016
0.055040
0.055064
0.055088
0.055111
0.055135
0.055159
0.055183
0.055207
0.055231
0.055255
0.055279
0.055303
0.055327
0.055351
0.055375
0.055399
0.055423
0.055447
0.055470
0.055494
0.055518
0.055542
0.055566
0.055590
0.055614
0.055638
0.055662
0.055686
0.055710
0.055734
0.055758
0.055782
0.055805
0.055829
0.055853
0.055877
0.055901
0.055925
0.055949
0.055973
0.055997
0.056021
0.056045
0.056069
0.056093
0.056117
0.056141
0.056164
0.056188
0.056212
0.056236
0.056260
0.056284
0.056308
0.056332
0.056356
0.056380
0.056404
0.056428
0.056452
0.056476
0.056499
0.056523
0.056547
0.056571
0.056595
0.056619
0.056643
0.056667
0.056691
0.056715
0.056739
0.056763
0.056787
0.056811
0.056835
0.056858
0.056882
0.056906
0.056930
0.056954
0.056978
0.057002
0.057026
0.057050
0.057074
0.057098
0.057122
0.057146
0.057170
0.057193
0.057217
0.057241
0.057265
0.057289
0.057313
0.057337
0.057361
0.057385
0.057409
0.057433
0.057457
0.057481
0.057505
0.057528
0.057552
0.057576
0.057600
0.057624
0.057648
0.057672
0.057696
0.057720
0.057744
0.057768
0.057792
0.057816
0.057840
0.057863
0.057887
0.057911
0.057935
0.057959
0.057983
0.058007
0.058031
0.058055
0.058079
0.058103
0.058127
0.058151
0.058175
0.058198
0.058222
0.058246
0.058270
0.058294
0.058318
0.058342
0.058366
0.058390
0.058414
0.058438
0.058462
0.058486
0.058510
0.058533
0.058557
0.058581
0.058605
0.058629
0.058653
0.058677
0.058701
0.058725
0.058749
0.058773
0.058797
0.058821
0.058844
0.058868
0.058892
0.058916
0.058940
0.058964
0.058988
0.059012
0.059036
0.059060
0.059084
0.059108
0.059132
0.059156
0.059179
0.059203
0.059227
0.059251
0.059275
0.059299
0.059323
0.059347
0.059371
0.059395
0.059419
0.059443
0.059467
0.059490
0.059514
0.059538
0.059562
0.059586
0.059610
0.059634
0.059658
0.059682
0.059706
0.059730
0.059754
0.059778
0.059802
0.059825
0.059849
0.059873
0.059897
0.059921
0.059945
0.059969
0.059993
0.060017
0.060041
0.060065
0.060089
0.060113
0.060136
0.060160
0.060184
0.060208
0.060232
0.060256
0.060280
0.060304
0.060328
0.060352
0.060376
0.060400
0.060424
0.060448
0.060471
0.060495
0.060519
0.060543
0.060567
0.060591
0.060615
0.060639
0.060663
0.060687
0.060711
0.060735
0.060759
0.060782
0.060806
0.060830
0.060854
0.060878
0.060902
0.060926
0.060950
0.060974
0.060998
0.061022
0.061046
0.061070
0.061093
0.061117
0.061141
0.061165
0.061189
0.061213
0.061237
0.061261
0.061285
0.061309
0.061333
0.061357
0.061381
0.061404
0.061428
0.061452
0.061476
0.061500
0.061524
0.061548
0.061572
0.061596
0.061620
0.061644
0.061668
0.061692
0.061715
0.061739
0.061763
0.061787
0.061811
0.061835
0.061859
0.061883
0.061907
0.061931
0.061955
0.061979
0.062003
0.062026
0.062050
0.062074
0.062098
0.062122
0.062146
0.062170
0.062194
0.062218
0.062242
0.062266
0.062290
0.062314
0.062337
0.062361
0.062385
0.062409
0.062433
0.062457
0.062481
0.062505
0.062529
0.062553
0.062577
0.062601
0.062625
0.062648
0.062672
0.062696
0.062720
0.062744
0.062768
0.062792
0.062816
0.062840
0.062864
0.062888
0.062912
0.062935
0.062959
0.062983
0.063007
0.063031
0.063055
0.063079
0.063103
0.063127
0.063151
0.063175
0.063199
0.063223
0.063246
0.063270
0.063294
0.063318
0.063342
0.063366
0.063390
0.063414
0.063438
0.063462
0.063486
0.063510
0.063533
0.063557
0.063581
0.063605
0.063629
0.063653
0.063677
0.063701
0.063725
0.063749
0.063773
0.063797
0.063821
0.063844
0.063868
0.063892
0.063916
0.063940
0.063964
0.063988
0.064012
0.064036
0.064060
0.064084
0.064108
0.064131
0.064155
0.064179
0.064203
0.064227
0.064251
0.064275
0.064299
0.064323
0.064347
0.064371
0.064395
0.064419
0.064442
0.064466
0.064490
0.064514
0.064538
0.064562
0.064586
0.064610
0.064634
0.064658
0.064682
0.064706
0.064729
0.064753
0.064777
0.064801
0.064825
0.064849
0.064873
0.064897
0.064921
0.064945
0.064969
0.064993
0.065016
0.065040
0.065064
0.065088
0.065112
0.065136
0.065160
0.065184
0.065208
0.065232
0.065256
0.065280
0.065303
0.065327
0.065351
0.065375
0.065399
0.065423
0.065447
0.065471
0.065495
0.065519
0.065543
0.065567
0.065590
0.065614
0.065638
0.065662
0.065686
0.065710
0.065734
0.065758
0.065782
0.065806
0.065830
0.065854
0.065877
0.065901
0.065925
0.065949
0.065973
0.065997
0.066021
0.066045
0.066069
0.066093
0.066117
0.066141
0.066164
0.066188
0.066212
0.066236
0.066260
0.066284
0.066308
0.066332
0.066356
0.066380
0.066404
0.066428
0.066451
0.066475
0.066499
0.066523
0.066547
0.066571
0.066595
0.066619
0.066643
0.066667
0.066691
0.066715
0.066738
0.066762
0.066786
0.066810
0.066834
0.066858
0.066882
0.066906
0.066930
0.066954
0.066978
0.067002
0.067025
0.067049
0.067073
0.067097
0.067121
0.067145
0.067169
0.067193
0.067217
0.067241
0.067265
0.067288
0.067312
0.067336
0.067360
0.067384
0.067408
0.067432
0.067456
0.067480
0.067504
0.067528
0.067552
0.067575
0.067599
0.067623
0.067647
0.067671
0.067695
0.067719
0.067743
0.067767
0.067791
0.067815
0.067838
0.067862
0.067886
0.067910
0.067934
0.067958
0.067982
0.068006
0.068030
0.068054
0.068078
0.068102
0.068125
0.068149
0.068173
0.068197
0.068221
0.068245
0.068269
0.068293
0.068317
0.068341
0.068365
0.068388
0.068412
0.068436
0.068460
0.068484
0.068508
0.068532
0.068556
0.068580
0.068604
0.068628
0.068652
0.068675
0.068699
0.068723
0.068747
0.068771
0.068795
0.068819
0.068843
0.068867
0.068891
0.068915
0.068938
0.068962
0.068986
0.069010
0.069034
0.069058
0.069082
0.069106
0.069130
0.069154
0.069178
0.069201
0.069225
0.069249
0.069273
0.069297
0.069321
0.069345
0.069369
0.069393
0.069417
0.069441
0.069465
0.069488
0.069512
0.069536
0.069560
0.069584
0.069608
0.069632
0.069656
0.069680
0.069704
0.069728
0.069751
0.069775
0.069799
0.069823
0.069847
0.069871
0.069895
0.069919
0.069943
0.069967
0.069991
0.070014
0.070038
0.070062
0.070086
0.070110
0.070134
0.070158
0.070182
0.070206
0.070230
0.070254
0.070277
0.070301
0.070325
0.070349
0.070373
0.070397
0.070421
0.070445
0.070469
0.070493
0.070517
0.070540
0.070564
0.070588
0.070612
0.070636
0.070660
0.070684
0.070708
0.070732
0.070756
0.070780
0.070803
0.070827
0.070851
0.070875
0.070899
0.070923
0.070947
0.070971
0.070995
0.071019
0.071043
0.071066
0.071090
0.071114
0.071138
0.071162
0.071186
0.071210
0.071234
0.071258
0.071282
0.071305
0.071329
0.071353
0.071377
0.071401
0.071425
0.071449
0.071473
0.071497
0.071521
0.071545
0.071568
0.071592
0.071616
0.071640
0.071664
0.071688
0.071712
0.071736
0.071760
0.071784
0.071808
0.071831
0.071855
0.071879
0.071903
0.071927
0.071951
0.071975
0.071999
0.072023
0.072047
0.072071
0.072094
0.072118
0.072142
0.072166
0.072190
0.072214
0.072238
0.072262
0.072286
0.072310
0.072333
0.072357
0.072381
0.072405
0.072429
0.072453
0.072477
0.072501
0.072525
0.072549
0.072573
0.072596
0.072620
0.072644
0.072668
0.072692
0.072716
0.072740
0.072764
0.072788
0.072812
0.072835
0.072859
0.072883
0.072907
0.072931
0.072955
0.072979
0.073003
0.073027
0.073051
0.073075
0.073098
0.073122
0.073146
0.073170
0.073194
0.073218
0.073242
0.073266
0.073290
0.073314
0.073337
0.073361
0.073385
0.073409
0.073433
0.073457
0.073481
0.073505
0.073529
0.073553
0.073577
0.073600
0.073624
0.073648
0.073672
0.073696
0.073720
0.073744
0.073768
0.073792
0.073816
0.073839
0.073863
0.073887
0.073911
0.073935
0.073959
0.073983
0.074007
0.074031
0.074055
0.074078
0.074102
0.074126
0.074150
0.074174
0.074198
0.074222
0.074246
0.074270
0.074294
0.074318
0.074341
0.074365
0.074389
0.074413
0.074437
0.074461
0.074485
0.074509
0.074533
0.074557
0.074580
0.074604
0.074628
0.074652
0.074676
0.074700
0.074724
0.074748
0.074772
0.074796
0.074819
0.074843
0.074867
0.074891
0.074915
0.074939
0.074963
0.074987
0.075011
0.075035
0.075058
0.075082
0.075106
0.075130
0.075154
0.075178
0.075202
0.075226
0.075250
0.075274
0.075297
0.075321
0.075345
0.075369
0.075393
0.075417
0.075441
0.075465
0.075489
0.075513
0.075536
0.075560
0.075584
0.075608
0.075632
0.075656
0.075680
0.075704
0.075728
0.075752
0.075775
0.075799
0.075823
0.075847
0.075871
0.075895
0.075919
0.075943
0.075967
0.075991
0.076014
0.076038
0.076062
0.076086
0.076110
0.076134
0.076158
0.076182
0.076206
0.076230
0.076253
0.076277
0.076301
0.076325
0.076349
0.076373
0.076397
0.076421
0.076445
0.076469
0.076492
0.076516
0.076540
0.076564
0.076588
0.076612
0.076636
0.076660
0.076684
0.076708
0.076731
0.076755
0.076779
0.076803
0.076827
0.076851
0.076875
0.076899
0.076923
0.076946
0.076970
0.076994
0.077018
0.077042
0.077066
0.077090
0.077114
0.077138
0.077162
0.077185
0.077209
0.077233
0.077257
0.077281
0.077305
0.077329
0.077353
0.077377
0.077401
0.077424
0.077448
0.077472
0.077496
0.077520
0.077544
0.077568
0.077592
0.077616
0.077639
0.077663
0.077687
0.077711
0.077735
0.077759
0.077783
0.077807
0.077831
0.077855
0.077878
0.077902
0.077926
0.077950
0.077974
0.077998
0.078022
0.078046
0.078070
0.078094
0.078117
0.078141
0.078165
0.078189
0.078213
0.078237
0.078261
0.078285
0.078309
0.078332
0.078356
0.078380
0.078404
0.078428
0.078452
0.078476
0.078500
0.078524
0.078548
0.078571
0.078595
0.078619
0.078643
0.078667
0.078691
0.078715
0.078739
0.078763
0.078786
0.078810
0.078834
0.078858
0.078882
0.078906
0.078930
0.078954
0.078978
0.079001
0.079025
0.079049
0.079073
0.079097
0.079121
0.079145
0.079169
0.079193
0.079217
0.079240
0.079264
0.079288
0.079312
0.079336
0.079360
0.079384
0.079408
0.079432
0.079455
0.079479
0.079503
0.079527
0.079551
0.079575
0.079599
0.079623
0.079647
0.079670
0.079694
0.079718
0.079742
0.079766
0.079790
0.079814
0.079838
0.079862
0.079886
0.079909
0.079933
0.079957
0.079981
0.080005
0.080029
0.080053
0.080077
0.080101
0.080124
0.080148
0.080172
0.080196
0.080220
0.080244
0.080268
0.080292
0.080316
0.080339
0.080363
0.080387
0.080411
0.080435
0.080459
0.080483
0.080507
0.080531
0.080554
0.080578
0.080602
0.080626
0.080650
0.080674
0.080698
0.080722
0.080746
0.080769
0.080793
0.080817
0.080841
0.080865
0.080889
0.080913
0.080937
0.080961
0.080984
0.081008
0.081032
0.081056
0.081080
0.081104
0.081128
0.081152
0.081176
0.081200
0.081223
0.081247
0.081271
0.081295
0.081319
0.081343
0.081367
0.081391
0.081415
0.081438
0.081462
0.081486
0.081510
0.081534
0.081558
0.081582
0.081606
0.081630
0.081653
0.081677
0.081701
0.081725
0.081749
0.081773
0.081797
0.081821
0.081844
0.081868
0.081892
0.081916
0.081940
0.081964
0.081988
0.082012
0.082036
0.082059
0.082083
0.082107
0.082131
0.082155
0.082179
0.082203
0.082227
0.082251
0.082274
0.082298
0.082322
0.082346
0.082370
0.082394
0.082418
0.082442
0.082466
0.082489
0.082513
0.082537
0.082561
0.082585
0.082609
0.082633
0.082657
0.082681
0.082704
0.082728
0.082752
0.082776
0.082800
0.082824
0.082848
0.082872
0.082896
0.082919
0.082943
0.082967
0.082991
0.083015
0.083039
0.083063
0.083087
0.083110
0.083134
0.083158
0.083182
0.083206
0.083230
0.083254
0.083278
0.083302
0.083325
0.083349
0.083373
0.083397
0.083421
0.083445
0.083469
0.083493
0.083517
0.083540
0.083564
0.083588
0.083612
0.083636
0.083660
0.083684
0.083708
0.083732
0.083755
0.083779
0.083803
0.083827
0.083851
0.083875
0.083899
0.083923
0.083946
0.083970
0.083994
0.084018
0.084042
0.084066
0.084090
0.084114
0.084138
0.084161
0.084185
0.084209
0.084233
0.084257
0.084281
0.084305
0.084329
0.084352
0.084376
0.084400
0.084424
0.084448
0.084472
0.084496
0.084520
0.084544
0.084567
0.084591
0.084615
0.084639
0.084663
0.084687
0.084711
0.084735
0.084758
0.084782
0.084806
0.084830
0.084854
0.084878
0.084902
0.084926
0.084950
0.084973
0.084997
0.085021
0.085045
0.085069
0.085093
0.085117
0.085141
0.085164
0.085188
0.085212
0.085236
0.085260
0.085284
0.085308
0.085332
0.085356
0.085379
0.085403
0.085427
0.085451
0.085475
0.085499
0.085523
0.085547
0.085570
0.085594
0.085618
0.085642
0.085666
0.085690
0.085714
0.085738
0.085761
0.085785
0.085809
0.085833
0.085857
0.085881
0.085905
0.085929
0.085953
0.085976
0.086000
0.086024
0.086048
0.086072
0.086096
0.086120
0.086144
0.086167
0.086191
0.086215
0.086239
0.086263
0.086287
0.086311
0.086335
0.086358
0.086382
0.086406
0.086430
0.086454
0.086478
0.086502
0.086526
0.086550
0.086573
0.086597
0.086621
0.086645
0.086669
0.086693
0.086717
0.086741
0.086764
0.086788
0.086812
0.086836
0.086860
0.086884
0.086908
0.086932
0.086955
0.086979
0.087003
0.087027
0.087051
0.087075
0.087099
0.087123
0.087146
0.087170
0.087194
0.087218
0.087242
0.087266
0.087290
0.087314
0.087337
0.087361
0.087385
0.087409
0.087433
0.087457
0.087481
0.087505
0.087528
0.087552
0.087576
0.087600
0.087624
0.087648
0.087672
0.087696
0.087719
0.087743
0.087767
0.087791
0.087815
0.087839
0.087863
0.087887
0.087911
0.087934
0.087958
0.087982
0.088006
0.088030
0.088054
0.088078
0.088102
0.088125
0.088149
0.088173
0.088197
0.088221
0.088245
0.088269
0.088293
0.088316
0.088340
0.088364
0.088388
0.088412
0.088436
0.088460
0.088484
0.088507
0.088531
0.088555
0.088579
0.088603
0.088627
0.088651
0.088674
0.088698
0.088722
0.088746
0.088770
0.088794
0.088818
0.088842
0.088865
0.088889
0.088913
0.088937
0.088961
0.088985
0.089009
0.089033
0.089056
0.089080
0.089104
0.089128
0.089152
0.089176
0.089200
0.089224
0.089247
0.089271
0.089295
0.089319
0.089343
0.089367
0.089391
0.089415
0.089438
0.089462
0.089486
0.089510
0.089534
0.089558
0.089582
0.089606
0.089629
0.089653
0.089677
0.089701
0.089725
0.089749
0.089773
0.089797
0.089820
0.089844
0.089868
0.089892
0.089916
0.089940
0.089964
0.089987
0.090011
0.090035
0.090059
0.090083
0.090107
0.090131
0.090155
0.090178
0.090202
0.090226
0.090250
0.090274
0.090298
0.090322
0.090346
0.090369
0.090393
0.090417
0.090441
0.090465
0.090489
0.090513
0.090537
0.090560
0.090584
0.090608
0.090632
0.090656
0.090680
0.090704
0.090727
0.090751
0.090775
0.090799
0.090823
0.090847
0.090871
0.090895
0.090918
0.090942
0.090966
0.090990
0.091014
0.091038
0.091062
0.091086
0.091109
0.091133
0.091157
0.091181
0.091205
0.091229
0.091253
0.091276
0.091300
0.091324
0.091348
0.091372
0.091396
0.091420
0.091444
0.091467
0.091491
0.091515
0.091539
0.091563
0.091587
0.091611
0.091634
0.091658
0.091682
0.091706
0.091730
0.091754
0.091778
0.091802
0.091825
0.091849
0.091873
0.091897
0.091921
0.091945
0.091969
0.091992
0.092016
0.092040
0.092064
0.092088
0.092112
0.092136
0.092160
0.092183
0.092207
0.092231
0.092255
0.092279
0.092303
0.092327
0.092350
0.092374
0.092398
0.092422
0.092446
0.092470
0.092494
0.092518
0.092541
0.092565
0.092589
0.092613
0.092637
0.092661
0.092685
0.092708
0.092732
0.092756
0.092780
0.092804
0.092828
0.092852
0.092876
0.092899
0.092923
0.092947
0.092971
0.092995
0.093019
0.093043
0.093066
0.093090
0.093114
0.093138
0.093162
0.093186
0.093210
0.093233
0.093257
0.093281
0.093305
0.093329
0.093353
0.093377
0.093401
0.093424
0.093448
0.093472
0.093496
0.093520
0.093544
0.093568
0.093591
0.093615
0.093639
0.093663
0.093687
0.093711
0.093735
0.093758
0.093782
0.093806
0.093830
0.093854
0.093878
0.093902
0.093926
0.093949
0.093973
0.093997
0.094021
0.094045
0.094069
0.094093
0.094116
0.094140
0.094164
0.094188
0.094212
0.094236
0.094260
0.094283
0.094307
0.094331
0.094355
0.094379
0.094403
0.094427
0.094450
0.094474
0.094498
0.094522
0.094546
0.094570
0.094594
0.094618
0.094641
0.094665
0.094689
0.094713
0.094737
0.094761
0.094785
0.094808
0.094832
0.094856
0.094880
0.094904
0.094928
0.094952
0.094975
0.094999
0.095023
0.095047
0.095071
0.095095
0.095119
0.095142
0.095166
0.095190
0.095214
0.095238
0.095262
0.095286
0.095309
0.095333
0.095357
0.095381
0.095405
0.095429
0.095453
0.095476
0.095500
0.095524
0.095548
0.095572
0.095596
0.095620
0.095643
0.095667
0.095691
0.095715
0.095739
0.095763
0.095787
0.095810
0.095834
0.095858
0.095882
0.095906
0.095930
0.095954
0.095978
0.096001
0.096025
0.096049
0.096073
0.096097
0.096121
0.096145
0.096168
0.096192
0.096216
0.096240
0.096264
0.096288
0.096312
0.096335
0.096359
0.096383
0.096407
0.096431
0.096455
0.096479
0.096502
0.096526
0.096550
0.096574
0.096598
0.096622
0.096645
0.096669
0.096693
0.096717
0.096741
0.096765
0.096789
0.096812
0.096836
0.096860
0.096884
0.096908
0.096932
0.096956
0.096979
0.097003
0.097027
0.097051
0.097075
0.097099
0.097123
0.097146
0.097170
0.097194
0.097218
0.097242
0.097266
0.097290
0.097313
0.097337
0.097361
0.097385
0.097409
0.097433
0.097457
0.097480
0.097504
0.097528
0.097552
0.097576
0.097600
0.097624
0.097647
0.097671
0.097695
0.097719
0.097743
0.097767
0.097791
0.097814
0.097838
0.097862
0.097886
0.097910
0.097934
0.097958
0.097981
0.098005
0.098029
0.098053
0.098077
0.098101
0.098124
0.098148
0.098172
0.098196
0.098220
0.098244
0.098268
0.098291
0.098315
0.098339
0.098363
0.098387
0.098411
0.098435
0.098458
0.098482
0.098506
0.098530
0.098554
0.098578
0.098602
0.098625
0.098649
0.098673
0.098697
0.098721
0.098745
0.098768
0.098792
0.098816
0.098840
0.098864
0.098888
0.098912
0.098935
0.098959
0.098983
0.099007
0.099031
0.099055
0.099079
0.099102
0.099126
0.099150
0.099174
0.099198
0.099222
0.099245
0.099269
0.099293
0.099317
0.099341
0.099365
0.099389
0.099412
0.099436
0.099460
0.099484
0.099508
0.099532
0.099556
0.099579
0.099603
0.099627
0.099651
0.099675
0.099699
0.099722
0.099746
0.099770
0.099794
0.099818
0.099842
0.099866
0.099889
0.099913
0.099937
0.099961
0.099985
0.100009
0.100033
0.100056
0.100080
0.100104
0.100128
0.100152
0.100176
0.100199
0.100223
0.100247
0.100271
0.100295
0.100319
0.100343
0.100366
0.100390
0.100414
0.100438
0.100462
0.100486
0.100509
0.100533
0.100557
0.100581
0.100605
0.100629
0.100653
0.100676
0.100700
0.100724
0.100748
0.100772
0.100796
0.100819
0.100843
0.100867
0.100891
0.100915
0.100939
0.100963
0.100986
0.101010
0.101034
0.101058
0.101082
0.101106
0.101129
0.101153
0.101177
0.101201
0.101225
0.101249
0.101273
0.101296
0.101320
0.101344
0.101368
0.101392
0.101416
0.101439
0.101463
0.101487
0.101511
0.101535
0.101559
0.101583
0.101606
0.101630
0.101654
0.101678
0.101702
0.101726
0.101749
0.101773
0.101797
0.101821
0.101845
0.101869
0.101893
0.101916
0.101940
0.101964
0.101988
0.102012
0.102036
0.102059
0.102083
0.102107
0.102131
0.102155
0.102179
0.102202
0.102226
0.102250
0.102274
0.102298
0.102322
0.102346
0.102369
0.102393
0.102417
0.102441
0.102465
0.102489
0.102512
0.102536
0.102560
0.102584
0.102608
0.102632
0.102655
0.102679
0.102703
0.102727
0.102751
0.102775
0.102799
0.102822
0.102846
0.102870
0.102894
0.102918
0.102942
0.102965
0.102989
0.103013
0.103037
0.103061
0.103085
0.103108
0.103132
0.103156
0.103180
0.103204
0.103228
0.103252
0.103275
0.103299
0.103323
0.103347
0.103371
0.103395
0.103418
0.103442
0.103466
0.103490
0.103514
0.103538
0.103561
0.103585
0.103609
0.103633
0.103657
0.103681
0.103704
0.103728
0.103752
0.103776
0.103800
0.103824
0.103847
0.103871
0.103895
0.103919
0.103943
0.103967
0.103991
0.104014
0.104038
0.104062
0.104086
0.104110
0.104134
0.104157
0.104181
0.104205
0.104229
0.104253
0.104277
0.104300
0.104324
0.104348
0.104372
0.104396
0.104420
0.104443
0.104467
0.104491
0.104515
0.104539
0.104563
0.104586
0.104610
0.104634
0.104658
0.104682
0.104706
0.104729
0.104753
0.104777
0.104801
0.104825
0.104849
0.104873
0.104896
0.104920
0.104944
0.104968
0.104992
0.105016
0.105039
0.105063
0.105087
0.105111
0.105135
0.105159
0.105182
0.105206
0.105230
0.105254
0.105278
0.105302
0.105325
0.105349
0.105373
0.105397
0.105421
0.105445
0.105468
0.105492
0.105516
0.105540
0.105564
0.105588
0.105611
0.105635
0.105659
0.105683
0.105707
0.105731
0.105754
0.105778
0.105802
0.105826
0.105850
0.105874
0.105897
0.105921
0.105945
0.105969
0.105993
0.106017
0.106040
0.106064
0.106088
0.106112
0.106136
0.106160
0.106183
0.106207
0.106231
0.106255
0.106279
0.106303
0.106326
0.106350
0.106374
0.106398
0.106422
0.106446
0.106469
0.106493
0.106517
0.106541
0.106565
0.106589
0.106612
0.106636
0.106660
0.106684
0.106708
0.106732
0.106755
0.106779
0.106803
0.106827
0.106851
0.106875
0.106898
0.106922
0.106946
0.106970
0.106994
0.107018
0.107041
0.107065
0.107089
0.107113
0.107137
0.107161
0.107184
0.107208
0.107232
0.107256
0.107280
0.107303
0.107327
0.107351
0.107375
0.107399
0.107423
0.107446
0.107470
0.107494
0.107518
0.107542
0.107566
0.107589
0.107613
0.107637
0.107661
0.107685
0.107709
0.107732
0.107756
0.107780
0.107804
0.107828
0.107852
0.107875
0.107899
0.107923
0.107947
0.107971
0.107995
0.108018
0.108042
0.108066
0.108090
0.108114
0.108138
0.108161
0.108185
0.108209
0.108233
0.108257
0.108280
0.108304
0.108328
0.108352
0.108376
0.108400
0.108423
0.108447
0.108471
0.108495
0.108519
0.108543
0.108566
0.108590
0.108614
0.108638
0.108662
0.108686
0.108709
0.108733
0.108757
0.108781
0.108805
0.108828
0.108852
0.108876
0.108900
0.108924
0.108948
0.108971
0.108995
0.109019
0.109043
0.109067
0.109091
0.109114
0.109138
0.109162
0.109186
0.109210
0.109234
0.109257
0.109281
0.109305
0.109329
0.109353
0.109376
0.109400
0.109424
0.109448
0.109472
0.109496
0.109519
0.109543
0.109567
0.109591
0.109615
0.109639
0.109662
0.109686
0.109710
0.109734
0.109758
0.109781
0.109805
0.109829
0.109853
0.109877
0.109901
0.109924
0.109948
0.109972
0.109996
0.110020
0.110044
0.110067
0.110091
0.110115
0.110139
0.110163
0.110186
0.110210
0.110234
0.110258
0.110282
0.110306
0.110329
0.110353
0.110377
0.110401
0.110425
0.110449
0.110472
0.110496
0.110520
0.110544
0.110568
0.110591
0.110615
0.110639
0.110663
0.110687
0.110711
0.110734
0.110758
0.110782
0.110806
0.110830
0.110853
0.110877
0.110901
0.110925
0.110949
0.110973
0.110996
0.111020
0.111044
0.111068
0.111092
0.111116
0.111139
0.111163
0.111187
0.111211
0.111235
0.111258
0.111282
0.111306
0.111330
0.111354
0.111378
0.111401
0.111425
0.111449
0.111473
0.111497
0.111520
0.111544
0.111568
0.111592
0.111616
0.111640
0.111663
0.111687
0.111711
0.111735
0.111759
0.111782
0.111806
0.111830
0.111854
0.111878
0.111902
0.111925
0.111949
0.111973
0.111997
0.112021
0.112044
0.112068
0.112092
0.112116
0.112140
0.112164
0.112187
0.112211
0.112235
0.112259
0.112283
0.112306
0.112330
0.112354
0.112378
0.112402
0.112426
0.112449
0.112473
0.112497
0.112521
0.112545
0.112568
0.112592
0.112616
0.112640
0.112664
0.112687
0.112711
0.112735
0.112759
0.112783
0.112807
0.112830
0.112854
0.112878
0.112902
0.112926
0.112949
0.112973
0.112997
0.113021
0.113045
0.113069
0.113092
0.113116
0.113140
0.113164
0.113188
0.113211
0.113235
0.113259
0.113283
0.113307
0.113330
0.113354
0.113378
0.113402
0.113426
0.113450
0.113473
0.113497
0.113521
0.113545
0.113569
0.113592
0.113616
0.113640
0.113664
0.113688
0.113712
0.113735
0.113759
0.113783
0.113807
0.113831
0.113854
0.113878
0.113902
0.113926
0.113950
0.113973
0.113997
0.114021
0.114045
0.114069
0.114093
0.114116
0.114140
0.114164
0.114188
0.114212
0.114235
0.114259
0.114283
0.114307
0.114331
0.114354
0.114378
0.114402
0.114426
0.114450
0.114473
0.114497
0.114521
0.114545
0.114569
0.114593
0.114616
0.114640
0.114664
0.114688
0.114712
0.114735
0.114759
0.114783
0.114807
0.114831
0.114854
0.114878
0.114902
0.114926
0.114950
0.114973
0.114997
0.115021
0.115045
0.115069
0.115093
0.115116
0.115140
0.115164
0.115188
0.115212
0.115235
0.115259
0.115283
0.115307
0.115331
0.115354
0.115378
0.115402
0.115426
0.115450
0.115473
0.115497
0.115521
0.115545
0.115569
0.115593
0.115616
0.115640
0.115664
0.115688
0.115712
0.115735
0.115759
0.115783
0.115807
0.115831
0.115854
0.115878
0.115902
0.115926
0.115950
0.115973
0.115997
0.116021
0.116045
0.116069
0.116092
0.116116
0.116140
0.116164
0.116188
0.116212
0.116235
0.116259
0.116283
0.116307
0.116331
0.116354
0.116378
0.116402
0.116426
0.116450
0.116473
0.116497
0.116521
0.116545
0.116569
0.116592
0.116616
0.116640
0.116664
0.116688
0.116711
0.116735
0.116759
0.116783
0.116807
0.116830
0.116854
0.116878
0.116902
0.116926
0.116949
0.116973
0.116997
0.117021
0.117045
0.117068
0.117092
0.117116
0.117140
0.117164
0.117187
0.117211
0.117235
0.117259
0.117283
0.117307
0.117330
0.117354
0.117378
0.117402
0.117426
0.117449
0.117473
0.117497
0.117521
0.117545
0.117568
0.117592
0.117616
0.117640
0.117664
0.117687
0.117711
0.117735
0.117759
0.117783
0.117806
0.117830
0.117854
0.117878
0.117902
0.117925
0.117949
0.117973
0.117997
0.118021
0.118044
0.118068
0.118092
0.118116
0.118140
0.118163
0.118187
0.118211
0.118235
0.118259
0.118282
0.118306
0.118330
0.118354
0.118378
0.118401
0.118425
0.118449
0.118473
0.118497
0.118520
0.118544
0.118568
0.118592
0.118616
0.118639
0.118663
0.118687
0.118711
0.118735
0.118758
0.118782
0.118806
0.118830
0.118854
0.118877
0.118901
0.118925
0.118949
0.118973
0.118996
0.119020
0.119044
0.119068
0.119092
0.119115
0.119139
0.119163
0.119187
0.119211
0.119234
0.119258
0.119282
0.119306
0.119330
0.119353
0.119377
0.119401
0.119425
0.119449
0.119472
0.119496
0.119520
0.119544
0.119567
0.119591
0.119615
0.119639
0.119663
0.119686
0.119710
0.119734
0.119758
0.119782
0.119805
0.119829
0.119853
0.119877
0.119901
0.119924
0.119948
0.119972
0.119996
0.120020
0.120043
0.120067
0.120091
0.120115
0.120139
0.120162
0.120186
0.120210
0.120234
0.120258
0.120281
0.120305
0.120329
0.120353
0.120377
0.120400
0.120424
0.120448
0.120472
0.120495
0.120519
0.120543
0.120567
0.120591
0.120614
0.120638
0.120662
0.120686
0.120710
0.120733
0.120757
0.120781
0.120805
0.120829
0.120852
0.120876
0.120900
0.120924
0.120948
0.120971
0.120995
0.121019
0.121043
0.121067
0.121090
0.121114
0.121138
0.121162
0.121185
0.121209
0.121233
0.121257
0.121281
0.121304
0.121328
0.121352
0.121376
0.121400
0.121423
0.121447
0.121471
0.121495
0.121519
0.121542
0.121566
0.121590
0.121614
0.121638
0.121661
0.121685
0.121709
0.121733
0.121756
0.121780
0.121804
0.121828
0.121852
0.121875
0.121899
0.121923
0.121947
0.121971
0.121994
0.122018
0.122042
0.122066
0.122090
0.122113
0.122137
0.122161
0.122185
0.122208
0.122232
0.122256
0.122280
0.122304
0.122327
0.122351
0.122375
0.122399
0.122423
0.122446
0.122470
0.122494
0.122518
0.122542
0.122565
0.122589
0.122613
0.122637
0.122660
0.122684
0.122708
0.122732
0.122756
0.122779
0.122803
0.122827
0.122851
0.122875
0.122898
0.122922
0.122946
0.122970
0.122993
0.123017
0.123041
0.123065
0.123089
0.123112
0.123136
0.123160
0.123184
0.123208
0.123231
0.123255
0.123279
0.123303
0.123326
0.123350
0.123374
0.123398
0.123422
0.123445
0.123469
0.123493
0.123517
0.123541
0.123564
0.123588
0.123612
0.123636
0.123659
0.123683
0.123707
0.123731
0.123755
0.123778
0.123802
0.123826
0.123850
0.123874
0.123897
0.123921
0.123945
0.123969
0.123992
0.124016
0.124040
0.124064
0.124088
0.124111
0.124135
0.124159
0.124183
0.124206
0.124230
0.124254
0.124278
0.124302
0.124325
0.124349
0.124373
0.124397
0.124421
0.124444
0.124468
0.124492
0.124516
0.124539
0.124563
0.124587
0.124611
0.124635
0.124658
0.124682
0.124706
0.124730
0.124753
0.124777
0.124801
0.124825
0.124849
0.124872
0.124896
0.124920
0.124944
0.124967
0.124991
0.125015
0.125039
0.125063
0.125086
0.125110
0.125134
0.125158
0.125182
0.125205
0.125229
0.125253
0.125277
0.125300
0.125324
0.125348
0.125372
0.125396
0.125419
0.125443
0.125467
0.125491
0.125514
0.125538
0.125562
0.125586
0.125610
0.125633
0.125657
0.125681
0.125705
0.125728
0.125752
0.125776
0.125800
0.125824
0.125847
0.125871
0.125895
0.125919
0.125942
0.125966
0.125990
0.126014
0.126038
0.126061
0.126085
0.126109
0.126133
0.126156
0.126180
0.126204
0.126228
0.126252
0.126275
0.126299
0.126323
0.126347
0.126370
0.126394
0.126418
0.126442
0.126466
0.126489
0.126513
0.126537
0.126561
0.126584
0.126608
0.126632
0.126656
0.126680
0.126703
0.126727
0.126751
0.126775
0.126798
0.126822
0.126846
0.126870
0.126893
0.126917
0.126941
0.126965
0.126989
0.127012
0.127036
0.127060
0.127084
0.127107
0.127131
0.127155
0.127179
0.127203
0.127226
0.127250
0.127274
0.127298
0.127321
0.127345
0.127369
0.127393
0.127417
0.127440
0.127464
0.127488
0.127512
0.127535
0.127559
0.127583
0.127607
0.127630
0.127654
0.127678
0.127702
0.127726
0.127749
0.127773
0.127797
0.127821
0.127844
0.127868
0.127892
0.127916
0.127940
0.127963
0.127987
0.128011
0.128035
0.128058
0.128082
0.128106
0.128130
0.128153
0.128177
0.128201
0.128225
0.128249
0.128272
0.128296
0.128320
0.128344
0.128367
0.128391
0.128415
0.128439
0.128462
0.128486
0.128510
0.128534
0.128558
0.128581
0.128605
0.128629
0.128653
0.128676
0.128700
0.128724
0.128748
0.128771
0.128795
0.128819
0.128843
0.128867
0.128890
0.128914
0.128938
0.128962
0.128985
0.129009
0.129033
0.129057
0.129080
0.129104
0.129128
0.129152
0.129176
0.129199
0.129223
0.129247
0.129271
0.129294
0.129318
0.129342
0.129366
0.129389
0.129413
0.129437
0.129461
0.129484
0.129508
0.129532
0.129556
0.129580
0.129603
0.129627
0.129651
0.129675
0.129698
0.129722
0.129746
0.129770
0.129793
0.129817
0.129841
0.129865
0.129889
0.129912
0.129936
0.129960
0.129984
0.130007
0.130031
0.130055
0.130079
0.130102
0.130126
0.130150
0.130174
0.130197
0.130221
0.130245
0.130269
0.130293
0.130316
0.130340
0.130364
0.130388
0.130411
0.130435
0.130459
0.130483
0.130506
0.130530
0.130554
0.130578
0.130601
0.130625
0.130649
0.130673
0.130696
0.130720
0.130744
0.130768
0.130792
0.130815
0.130839
0.130863
0.130887
0.130910
0.130934
0.130958
0.130982
0.131005
0.131029
0.131053
0.131077
0.131100
0.131124
0.131148
0.131172
0.131195
0.131219
0.131243
0.131267
0.131291
0.131314
0.131338
0.131362
0.131386
0.131409
0.131433
0.131457
0.131481
0.131504
0.131528
0.131552
0.131576
0.131599
0.131623
0.131647
0.131671
0.131694
0.131718
0.131742
0.131766
0.131790
0.131813
0.131837
0.131861
0.131885
0.131908
0.131932
0.131956
0.131980
0.132003
0.132027
0.132051
0.132075
0.132098
0.132122
0.132146
0.132170
0.132193
0.132217
0.132241
0.132265
0.132288
0.132312
0.132336
0.132360
0.132383
0.132407
0.132431
0.132455
0.132478
0.132502
0.132526
0.132550
0.132574
0.132597
0.132621
0.132645
0.132669
0.132692
0.132716
0.132740
0.132764
0.132787
0.132811
0.132835
0.132859
0.132882
0.132906
0.132930
0.132954
0.132977
0.133001
0.133025
0.133049
0.133072
0.133096
0.133120
0.133144
0.133167
0.133191
0.133215
0.133239
0.133262
0.133286
0.133310
0.133334
0.133357
0.133381
0.133405
0.133429
0.133452
0.133476
0.133500
0.133524
0.133547
0.133571
0.133595
0.133619
0.133643
0.133666
0.133690
0.133714
0.133738
0.133761
0.133785
0.133809
0.133833
0.133856
0.133880
0.133904
0.133928
0.133951
0.133975
0.133999
0.134023
0.134046
0.134070
0.134094
0.134118
0.134141
0.134165
0.134189
0.134213
0.134236
0.134260
0.134284
0.134308
0.134331
0.134355
0.134379
0.134403
0.134426
0.134450
0.134474
0.134498
0.134521
0.134545
0.134569
0.134593
0.134616
0.134640
0.134664
0.134688
0.134711
0.134735
0.134759
0.134783
0.134806
0.134830
0.134854
0.134878
0.134901
0.134925
0.134949
0.134973
0.134996
0.135020
0.135044
0.135068
0.135091
0.135115
0.135139
0.135163
0.135186
0.135210
0.135234
0.135258
0.135281
0.135305
0.135329
0.135353
0.135376
0.135400
0.135424
0.135448
0.135471
0.135495
0.135519
0.135543
0.135566
0.135590
0.135614
0.135638
0.135661
0.135685
0.135709
0.135733
0.135756
0.135780
0.135804
0.135827
0.135851
0.135875
0.135899
0.135922
0.135946
0.135970
0.135994
0.136017
0.136041
0.136065
0.136089
0.136112
0.136136
0.136160
0.136184
0.136207
0.136231
0.136255
0.136279
0.136302
0.136326
0.136350
0.136374
0.136397
0.136421
0.136445
0.136469
0.136492
0.136516
0.136540
0.136564
0.136587
0.136611
0.136635
0.136659
0.136682
0.136706
0.136730
0.136754
0.136777
0.136801
0.136825
0.136849
0.136872
0.136896
0.136920
0.136943
0.136967
0.136991
0.137015
0.137038
0.137062
0.137086
0.137110
0.137133
0.137157
0.137181
0.137205
0.137228
0.137252
0.137276
0.137300
0.137323
0.137347
0.137371
0.137395
0.137418
0.137442
0.137466
0.137490
0.137513
0.137537
0.137561
0.137585
0.137608
0.137632
0.137656
0.137679
0.137703
0.137727
0.137751
0.137774
0.137798
0.137822
0.137846
0.137869
0.137893
0.137917
0.137941
0.137964
0.137988
0.138012
0.138036
0.138059
0.138083
0.138107
0.138131
0.138154
0.138178
0.138202
0.138225
0.138249
0.138273
0.138297
0.138320
0.138344
0.138368
0.138392
0.138415
0.138439
0.138463
0.138487
0.138510
0.138534
0.138558
0.138582
0.138605
0.138629
0.138653
0.138676
0.138700
0.138724
0.138748
0.138771
0.138795
0.138819
0.138843
0.138866
0.138890
0.138914
0.138938
0.138961
0.138985
0.139009
0.139033
0.139056
0.139080
0.139104
0.139127
0.139151
0.139175
0.139199
0.139222
0.139246
0.139270
0.139294
0.139317
0.139341
0.139365
0.139389
0.139412
0.139436
0.139460
0.139483
0.139507
0.139531
0.139555
0.139578
0.139602
0.139626
0.139650
0.139673
0.139697
0.139721
0.139745
0.139768
0.139792
0.139816
0.139840
0.139863
0.139887
0.139911
0.139934
0.139958
0.139982
0.140006
0.140029
0.140053
0.140077
0.140101
0.140124
0.140148
0.140172
0.140195
0.140219
0.140243
0.140267
0.140290
0.140314
0.140338
0.140362
0.140385
0.140409
0.140433
0.140457
0.140480
0.140504
0.140528
0.140551
0.140575
0.140599
0.140623
0.140646
0.140670
0.140694
0.140718
0.140741
0.140765
0.140789
0.140812
0.140836
0.140860
0.140884
0.140907
0.140931
0.140955
0.140979
0.141002
0.141026
0.141050
0.141074
0.141097
0.141121
0.141145
0.141168
0.141192
0.141216
0.141240
0.141263
0.141287
0.141311
0.141335
0.141358
0.141382
0.141406
0.141429
0.141453
0.141477
0.141501
0.141524
0.141548
0.141572
0.141596
0.141619
0.141643
0.141667
0.141690
0.141714
0.141738
0.141762
0.141785
0.141809
0.141833
0.141857
0.141880
0.141904
0.141928
0.141951
0.141975
0.141999
0.142023
0.142046
0.142070
0.142094
0.142117
0.142141
0.142165
0.142189
0.142212
0.142236
0.142260
0.142284
0.142307
0.142331
0.142355
0.142378
0.142402
0.142426
0.142450
0.142473
0.142497
0.142521
0.142545
0.142568
0.142592
0.142616
0.142639
0.142663
0.142687
0.142711
0.142734
0.142758
0.142782
0.142805
0.142829
0.142853
0.142877
0.142900
0.142924
0.142948
0.142972
0.142995
0.143019
0.143043
0.143066
0.143090
0.143114
0.143138
0.143161
0.143185
0.143209
0.143232
0.143256
0.143280
0.143304
0.143327
0.143351
0.143375
0.143399
0.143422
0.143446
0.143470
0.143493
0.143517
0.143541
0.143565
0.143588
0.143612
0.143636
0.143659
0.143683
0.143707
0.143731
0.143754
0.143778
0.143802
0.143825
0.143849
0.143873
0.143897
0.143920
0.143944
0.143968
0.143992
0.144015
0.144039
0.144063
0.144086
0.144110
0.144134
0.144158
0.144181
0.144205
0.144229
0.144252
0.144276
0.144300
0.144324
0.144347
0.144371
0.144395
0.144418
0.144442
0.144466
0.144490
0.144513
0.144537
0.144561
0.144584
0.144608
0.144632
0.144656
0.144679
0.144703
0.144727
0.144750
0.144774
0.144798
0.144822
0.144845
0.144869
0.144893
0.144916
0.144940
0.144964
0.144988
0.145011
0.145035
0.145059
0.145082
0.145106
0.145130
0.145154
0.145177
0.145201
0.145225
0.145248
0.145272
0.145296
0.145320
0.145343
0.145367
0.145391
0.145414
0.145438
0.145462
0.145486
0.145509
0.145533
0.145557
0.145580
0.145604
0.145628
0.145652
0.145675
0.145699
0.145723
0.145746
0.145770
0.145794
0.145818
0.145841
0.145865
0.145889
0.145912
0.145936
0.145960
0.145984
0.146007
0.146031
0.146055
0.146078
0.146102
0.146126
0.146150
0.146173
0.146197
0.146221
0.146244
0.146268
0.146292
0.146316
0.146339
0.146363
0.146387
0.146410
0.146434
0.146458
0.146482
0.146505
0.146529
0.146553
0.146576
0.146600
0.146624
0.146647
0.146671
0.146695
0.146719
0.146742
0.146766
0.146790
0.146813
0.146837
0.146861
0.146885
0.146908
0.146932
0.146956
0.146979
0.147003
0.147027
0.147051
0.147074
0.147098
0.147122
0.147145
0.147169
0.147193
0.147216
0.147240
0.147264
0.147288
0.147311
0.147335
0.147359
0.147382
0.147406
0.147430
0.147454
0.147477
0.147501
0.147525
0.147548
0.147572
0.147596
0.147620
0.147643
0.147667
0.147691
0.147714
0.147738
0.147762
0.147785
0.147809
0.147833
0.147857
0.147880
0.147904
0.147928
0.147951
0.147975
0.147999
0.148022
0.148046
0.148070
0.148094
0.148117
0.148141
0.148165
0.148188
0.148212
0.148236
0.148260
0.148283
0.148307
0.148331
0.148354
0.148378
0.148402
0.148425
0.148449
0.148473
0.148497
0.148520
0.148544
0.148568
0.148591
0.148615
0.148639
0.148662
0.148686
0.148710
0.148734
0.148757
0.148781
0.148805
0.148828
0.148852
0.148876
0.148899
0.148923
0.148947
0.148971
0.148994
0.149018
0.149042
0.149065
0.149089
0.149113
0.149137
0.149160
0.149184
0.149208
0.149231
0.149255
0.149279
0.149302
0.149326
0.149350
0.149374
0.149397
0.149421
0.149445
0.149468
0.149492
0.149516
0.149539
0.149563
0.149587
0.149610
0.149634
0.149658
0.149682
0.149705
0.149729
0.149753
0.149776
0.149800
0.149824
0.149847
0.149871
0.149895
0.149919
0.149942
0.149966
0.149990
0.150013
0.150037
0.150061
0.150084
0.150108
0.150132
0.150156
0.150179
0.150203
0.150227
0.150250
0.150274
0.150298
0.150321
0.150345
0.150369
0.150393
0.150416
0.150440
0.150464
0.150487
0.150511
0.150535
0.150558
0.150582
0.150606
0.150629
0.150653
0.150677
0.150701
0.150724
0.150748
0.150772
0.150795
0.150819
0.150843
0.150866
0.150890
0.150914
0.150937
0.150961
0.150985
0.151009
0.151032
0.151056
0.151080
0.151103
0.151127
0.151151
0.151174
0.151198
0.151222
0.151245
0.151269
0.151293
0.151317
0.151340
0.151364
0.151388
0.151411
0.151435
0.151459
0.151482
0.151506
0.151530
0.151553
0.151577
0.151601
0.151625
0.151648
0.151672
0.151696
0.151719
0.151743
0.151767
0.151790
0.151814
0.151838
0.151861
0.151885
0.151909
0.151933
0.151956
0.151980
0.152004
0.152027
0.152051
0.152075
0.152098
0.152122
0.152146
0.152169
0.152193
0.152217
0.152241
0.152264
0.152288
0.152312
0.152335
0.152359
0.152383
0.152406
0.152430
0.152454
0.152477
0.152501
0.152525
0.152548
0.152572
0.152596
0.152620
0.152643
0.152667
0.152691
0.152714
0.152738
0.152762
0.152785
0.152809
0.152833
0.152856
0.152880
0.152904
0.152927
0.152951
0.152975
0.152999
0.153022
0.153046
0.153070
0.153093
0.153117
0.153141
0.153164
0.153188
0.153212
0.153235
0.153259
0.153283
0.153306
0.153330
0.153354
0.153377
0.153401
0.153425
0.153449
0.153472
0.153496
0.153520
0.153543
0.153567
0.153591
0.153614
0.153638
0.153662
0.153685
0.153709
0.153733
0.153756
0.153780
0.153804
0.153827
0.153851
0.153875
0.153899
0.153922
0.153946
0.153970
0.153993
0.154017
0.154041
0.154064
0.154088
0.154112
0.154135
0.154159
0.154183
0.154206
0.154230
0.154254
0.154277
0.154301
0.154325
0.154348
0.154372
0.154396
0.154420
0.154443
0.154467
0.154491
0.154514
0.154538
0.154562
0.154585
0.154609
0.154633
0.154656
0.154680
0.154704
0.154727
0.154751
0.154775
0.154798
0.154822
0.154846
0.154869
0.154893
0.154917
0.154940
0.154964
0.154988
0.155012
0.155035
0.155059
0.155083
0.155106
0.155130
0.155154
0.155177
0.155201
0.155225
0.155248
0.155272
0.155296
0.155319
0.155343
0.155367
0.155390
0.155414
0.155438
0.155461
0.155485
0.155509
0.155532
0.155556
0.155580
0.155603
0.155627
0.155651
0.155675
0.155698
0.155722
0.155746
0.155769
0.155793
0.155817
0.155840
0.155864
0.155888
0.155911
0.155935
0.155959
0.155982
0.156006
0.156030
0.156053
0.156077
0.156101
0.156124
0.156148
0.156172
0.156195
0.156219
0.156243
0.156266
0.156290
0.156314
0.156337
0.156361
0.156385
0.156408
0.156432
0.156456
0.156479
0.156503
0.156527
0.156550
0.156574
0.156598
0.156621
0.156645
0.156669
0.156692
0.156716
0.156740
0.156764
0.156787
0.156811
0.156835
0.156858
0.156882
0.156906
0.156929
0.156953
0.156977
0.157000
0.157024
0.157048
0.157071
0.157095
0.157119
0.157142
0.157166
0.157190
0.157213
0.157237
0.157261
0.157284
0.157308
0.157332
0.157355
0.157379
0.157403
0.157426
0.157450
0.157474
0.157497
0.157521
0.157545
0.157568
0.157592
0.157616
0.157639
0.157663
0.157687
0.157710
0.157734
0.157758
0.157781
0.157805
0.157829
0.157852
0.157876
0.157900
0.157923
0.157947
0.157971
0.157994
0.158018
0.158042
0.158065
0.158089
0.158113
0.158136
0.158160
0.158184
0.158207
0.158231
0.158255
0.158278
0.158302
0.158326
0.158349
0.158373
0.158397
0.158420
0.158444
0.158468
0.158491
0.158515
0.158539
0.158562
0.158586
0.158610
0.158633
0.158657
0.158681
0.158704
0.158728
0.158752
0.158775
0.158799
0.158823
0.158846
0.158870
0.158894
0.158917
0.158941
0.158965
0.158988
0.159012
0.159036
0.159059
0.159083
0.159107
0.159130
0.159154
0.159178
0.159201
0.159225
0.159249
0.159272
0.159296
0.159320
0.159343
0.159367
0.159391
0.159414
0.159438
0.159462
0.159485
0.159509
0.159533
0.159556
0.159580
0.159604
0.159627
0.159651
0.159674
0.159698
0.159722
0.159745
0.159769
0.159793
0.159816
0.159840
0.159864
0.159887
0.159911
0.159935
0.159958
0.159982
0.160006
0.160029
0.160053
0.160077
0.160100
0.160124
0.160148
0.160171
0.160195
0.160219
0.160242
0.160266
0.160290
0.160313
0.160337
0.160361
0.160384
0.160408
0.160432
0.160455
0.160479
0.160503
0.160526
0.160550
0.160574
0.160597
0.160621
0.160645
0.160668
0.160692
0.160715
0.160739
0.160763
0.160786
0.160810
0.160834
0.160857
0.160881
0.160905
0.160928
0.160952
0.160976
0.160999
0.161023
0.161047
0.161070
0.161094
0.161118
0.161141
0.161165
0.161189
0.161212
0.161236
0.161260
0.161283
0.161307
0.161331
0.161354
0.161378
0.161402
0.161425
0.161449
0.161472
0.161496
0.161520
0.161543
0.161567
0.161591
0.161614
0.161638
0.161662
0.161685
0.161709
0.161733
0.161756
0.161780
0.161804
0.161827
0.161851
0.161875
0.161898
0.161922
0.161946
0.161969
0.161993
0.162016
0.162040
0.162064
0.162087
0.162111
0.162135
0.162158
0.162182
0.162206
0.162229
0.162253
0.162277
0.162300
0.162324
0.162348
0.162371
0.162395
0.162419
0.162442
0.162466
0.162489
0.162513
0.162537
0.162560
0.162584
0.162608
0.162631
0.162655
0.162679
0.162702
0.162726
0.162750
0.162773
0.162797
0.162821
0.162844
0.162868
0.162892
0.162915
0.162939
0.162962
0.162986
0.163010
0.163033
0.163057
0.163081
0.163104
0.163128
0.163152
0.163175
0.163199
0.163223
0.163246
0.163270
0.163294
0.163317
0.163341
0.163364
0.163388
0.163412
0.163435
0.163459
0.163483
0.163506
0.163530
0.163554
0.163577
0.163601
0.163625
0.163648
0.163672
0.163696
0.163719
0.163743
0.163766
0.163790
0.163814
0.163837
0.163861
0.163885
0.163908
0.163932
0.163956
0.163979
0.164003
0.164027
0.164050
0.164074
0.164097
0.164121
0.164145
0.164168
0.164192
0.164216
0.164239
0.164263
0.164287
0.164310
0.164334
0.164358
0.164381
0.164405
0.164428
0.164452
0.164476
0.164499
0.164523
0.164547
0.164570
0.164594
0.164618
0.164641
0.164665
0.164689
0.164712
0.164736
0.164759
0.164783
0.164807
0.164830
0.164854
0.164878
0.164901
0.164925
0.164949
0.164972
0.164996
0.165020
0.165043
0.165067
0.165090
0.165114
0.165138
0.165161
0.165185
0.165209
0.165232
0.165256
0.165280
0.165303
0.165327
0.165350
0.165374
0.165398
0.165421
0.165445
0.165469
0.165492
0.165516
0.165540
0.165563
0.165587
0.165610
0.165634
0.165658
0.165681
0.165705
0.165729
0.165752
0.165776
0.165800
0.165823
0.165847
0.165870
0.165894
0.165918
0.165941
0.165965
0.165989
0.166012
0.166036
0.166060
0.166083
0.166107
0.166130
0.166154
0.166178
0.166201
0.166225
0.166249
0.166272
0.166296
0.166320
0.166343
0.166367
0.166390
0.166414
0.166438
0.166461
0.166485
0.166509
0.166532
0.166556
0.166580
0.166603
0.166627
0.166650
0.166674
0.166698
0.166721
0.166745
0.166769
0.166792
0.166816
0.166839
0.166863
0.166887
0.166910
0.166934
0.166958
0.166981
0.167005
0.167029
0.167052
0.167076
0.167099
0.167123
0.167147
0.167170
0.167194
0.167218
0.167241
0.167265
0.167288
0.167312
0.167336
0.167359
0.167383
0.167407
0.167430
0.167454
0.167478
0.167501
0.167525
0.167548
0.167572
0.167596
0.167619
0.167643
0.167667
0.167690
0.167714
0.167737
0.167761
0.167785
0.167808
0.167832
0.167856
0.167879
0.167903
0.167926
0.167950
0.167974
0.167997
0.168021
0.168045
0.168068
0.168092
0.168116
0.168139
0.168163
0.168186
0.168210
0.168234
0.168257
0.168281
0.168305
0.168328
0.168352
0.168375
0.168399
0.168423
0.168446
0.168470
0.168494
0.168517
0.168541
0.168564
0.168588
0.168612
0.168635
0.168659
0.168683
0.168706
0.168730
0.168753
0.168777
0.168801
0.168824
0.168848
0.168872
0.168895
0.168919
0.168942
0.168966
0.168990
0.169013
0.169037
0.169061
0.169084
0.169108
0.169131
0.169155
0.169179
0.169202
0.169226
0.169250
0.169273
0.169297
0.169320
0.169344
0.169368
0.169391
0.169415
0.169438
0.169462
0.169486
0.169509
0.169533
0.169557
0.169580
0.169604
0.169627
0.169651
0.169675
0.169698
0.169722
0.169746
0.169769
0.169793
0.169816
0.169840
0.169864
0.169887
0.169911
0.169935
0.169958
0.169982
0.170005
0.170029
0.170053
0.170076
0.170100
0.170123
0.170147
0.170171
0.170194
0.170218
0.170242
0.170265
0.170289
0.170312
0.170336
0.170360
0.170383
0.170407
0.170431
0.170454
0.170478
0.170501
0.170525
0.170549
0.170572
0.170596
0.170619
0.170643
0.170667
0.170690
0.170714
0.170738
0.170761
0.170785
0.170808
0.170832
0.170856
0.170879
0.170903
0.170926
0.170950
0.170974
0.170997
0.171021
0.171045
0.171068
0.171092
0.171115
0.171139
0.171163
0.171186
0.171210
0.171233
0.171257
0.171281
0.171304
0.171328
0.171352
0.171375
0.171399
0.171422
0.171446
0.171470
0.171493
0.171517
0.171540
0.171564
0.171588
0.171611
0.171635
0.171659
0.171682
0.171706
0.171729
0.171753
0.171777
0.171800
0.171824
0.171847
0.171871
0.171895
0.171918
0.171942
0.171965
0.171989
0.172013
0.172036
0.172060
0.172084
0.172107
0.172131
0.172154
0.172178
0.172202
0.172225
0.172249
0.172272
0.172296
0.172320
0.172343
0.172367
0.172390
0.172414
0.172438
0.172461
0.172485
0.172508
0.172532
0.172556
0.172579
0.172603
0.172627
0.172650
0.172674
0.172697
0.172721
0.172745
0.172768
0.172792
0.172815
0.172839
0.172863
0.172886
0.172910
0.172933
0.172957
0.172981
0.173004
0.173028
0.173051
0.173075
0.173099
0.173122
0.173146
0.173170
0.173193
0.173217
0.173240
0.173264
0.173288
0.173311
0.173335
0.173358
0.173382
0.173406
0.173429
0.173453
0.173476
0.173500
0.173524
0.173547
0.173571
0.173594
0.173618
0.173642
0.173665
0.173689
0.173712
0.173736
0.173760
0.173783
0.173807
0.173830
0.173854
0.173878
0.173901
0.173925
0.173948
0.173972
0.173996
0.174019
0.174043
0.174066
0.174090
0.174114
0.174137
0.174161
0.174184
0.174208
0.174232
0.174255
0.174279
0.174303
0.174326
0.174350
0.174373
0.174397
0.174421
0.174444
0.174468
0.174491
0.174515
0.174539
0.174562
0.174586
0.174609
0.174633
0.174657
0.174680
0.174704
0.174727
0.174751
0.174775
0.174798
0.174822
0.174845
0.174869
0.174893
0.174916
0.174940
0.174963
0.174987
0.175011
0.175034
0.175058
0.175081
0.175105
0.175128
0.175152
0.175176
0.175199
0.175223
0.175246
0.175270
0.175294
0.175317
0.175341
0.175364
0.175388
0.175412
0.175435
0.175459
0.175482
0.175506
0.175530
0.175553
0.175577
0.175600
0.175624
0.175648
0.175671
0.175695
0.175718
0.175742
0.175766
0.175789
0.175813
0.175836
0.175860
0.175884
0.175907
0.175931
0.175954
0.175978
0.176002
0.176025
0.176049
0.176072
0.176096
0.176120
0.176143
0.176167
0.176190
0.176214
0.176237
0.176261
0.176285
0.176308
0.176332
0.176355
0.176379
0.176403
0.176426
0.176450
0.176473
0.176497
0.176521
0.176544
0.176568
0.176591
0.176615
0.176639
0.176662
0.176686
0.176709
0.176733
0.176757
0.176780
0.176804
0.176827
0.176851
0.176874
0.176898
0.176922
0.176945
0.176969
0.176992
0.177016
0.177040
0.177063
0.177087
0.177110
0.177134
0.177158
0.177181
0.177205
0.177228
0.177252
0.177275
0.177299
0.177323
0.177346
0.177370
0.177393
0.177417
0.177441
0.177464
0.177488
0.177511
0.177535
0.177559
0.177582
0.177606
0.177629
0.177653
0.177676
0.177700
0.177724
0.177747
0.177771
0.177794
0.177818
0.177842
0.177865
0.177889
0.177912
0.177936
0.177960
0.177983
0.178007
0.178030
0.178054
0.178077
0.178101
0.178125
0.178148
0.178172
0.178195
0.178219
0.178243
0.178266
0.178290
0.178313
0.178337
0.178360
0.178384
0.178408
0.178431
0.178455
0.178478
0.178502
0.178526
0.178549
0.178573
0.178596
0.178620
0.178643
0.178667
0.178691
0.178714
0.178738
0.178761
0.178785
0.178809
0.178832
0.178856
0.178879
0.178903
0.178926
0.178950
0.178974
0.178997
0.179021
0.179044
0.179068
0.179092
0.179115
0.179139
0.179162
0.179186
0.179209
0.179233
0.179257
0.179280
0.179304
0.179327
0.179351
0.179374
0.179398
0.179422
0.179445
0.179469
0.179492
0.179516
0.179540
0.179563
0.179587
0.179610
0.179634
0.179657
0.179681
0.179705
0.179728
0.179752
0.179775
0.179799
0.179822
0.179846
0.179870
0.179893
0.179917
0.179940
0.179964
0.179988
0.180011
0.180035
0.180058
0.180082
0.180105
0.180129
0.180153
0.180176
0.180200
0.180223
0.180247
0.180270
0.180294
0.180318
0.180341
0.180365
0.180388
0.180412
0.180435
0.180459
0.180483
0.180506
0.180530
0.180553
0.180577
0.180601
0.180624
0.180648
0.180671
0.180695
0.180718
0.180742
0.180766
0.180789
0.180813
0.180836
0.180860
0.180883
0.180907
0.180931
0.180954
0.180978
0.181001
0.181025
0.181048
0.181072
0.181096
0.181119
0.181143
0.181166
0.181190
0.181213
0.181237
0.181261
0.181284
0.181308
0.181331
0.181355
0.181378
0.181402
0.181426
0.181449
0.181473
0.181496
0.181520
0.181543
0.181567
0.181591
0.181614
0.181638
0.181661
0.181685
0.181708
0.181732
0.181756
0.181779
0.181803
0.181826
0.181850
0.181873
0.181897
0.181921
0.181944
0.181968
0.181991
0.182015
0.182038
0.182062
0.182085
0.182109
0.182133
0.182156
0.182180
0.182203
0.182227
0.182250
0.182274
0.182298
0.182321
0.182345
0.182368
0.182392
0.182415
0.182439
0.182463
0.182486
0.182510
0.182533
0.182557
0.182580
0.182604
0.182628
0.182651
0.182675
0.182698
0.182722
0.182745
0.182769
0.182792
0.182816
0.182840
0.182863
0.182887
0.182910
0.182934
0.182957
0.182981
0.183005
0.183028
0.183052
0.183075
0.183099
0.183122
0.183146
0.183169
0.183193
0.183217
0.183240
0.183264
0.183287
0.183311
0.183334
0.183358
0.183382
0.183405
0.183429
0.183452
0.183476
0.183499
0.183523
0.183546
0.183570
0.183594
0.183617
0.183641
0.183664
0.183688
0.183711
0.183735
0.183759
0.183782
0.183806
0.183829
0.183853
0.183876
0.183900
0.183923
0.183947
0.183971
0.183994
0.184018
0.184041
0.184065
0.184088
0.184112
0.184135
0.184159
0.184183
0.184206
0.184230
0.184253
0.184277
0.184300
0.184324
0.184348
0.184371
0.184395
0.184418
0.184442
0.184465
0.184489
0.184512
0.184536
0.184560
0.184583
0.184607
0.184630
0.184654
0.184677
0.184701
0.184724
0.184748
0.184772
0.184795
0.184819
0.184842
0.184866
0.184889
0.184913
0.184936
0.184960
0.184984
0.185007
0.185031
0.185054
0.185078
0.185101
0.185125
0.185148
0.185172
0.185196
0.185219
0.185243
0.185266
0.185290
0.185313
0.185337
0.185360
0.185384
0.185407
0.185431
0.185455
0.185478
0.185502
0.185525
0.185549
0.185572
0.185596
0.185619
0.185643
0.185667
0.185690
0.185714
0.185737
0.185761
0.185784
0.185808
0.185831
0.185855
0.185879
0.185902
0.185926
0.185949
0.185973
0.185996
0.186020
0.186043
0.186067
0.186090
0.186114
0.186138
0.186161
0.186185
0.186208
0.186232
0.186255
0.186279
0.186302
0.186326
0.186350
0.186373
0.186397
0.186420
0.186444
0.186467
0.186491
0.186514
0.186538
0.186561
0.186585
0.186609
0.186632
0.186656
0.186679
0.186703
0.186726
0.186750
0.186773
0.186797
0.186820
0.186844
0.186868
0.186891
0.186915
0.186938
0.186962
0.186985
0.187009
0.187032
0.187056
0.187079
0.187103
0.187127
0.187150
0.187174
0.187197
0.187221
0.187244
0.187268
0.187291
0.187315
0.187338
0.187362
0.187386
0.187409
0.187433
0.187456
0.187480
0.187503
0.187527
0.187550
0.187574
0.187597
0.187621
0.187645
0.187668
0.187692
0.187715
0.187739
0.187762
0.187786
0.187809
0.187833
0.187856
0.187880
0.187903
0.187927
0.187951
0.187974
0.187998
0.188021
0.188045
0.188068
0.188092
0.188115
0.188139
0.188162
0.188186
0.188210
0.188233
0.188257
0.188280
0.188304
0.188327
0.188351
0.188374
0.188398
0.188421
0.188445
0.188468
0.188492
0.188516
0.188539
0.188563
0.188586
0.188610
0.188633
0.188657
0.188680
0.188704
0.188727
0.188751
0.188774
0.188798
0.188822
0.188845
0.188869
0.188892
0.188916
0.188939
0.188963
0.188986
0.189010
0.189033
0.189057
0.189080
0.189104
0.189128
0.189151
0.189175
0.189198
0.189222
0.189245
0.189269
0.189292
0.189316
0.189339
0.189363
0.189386
0.189410
0.189433
0.189457
0.189481
0.189504
0.189528
0.189551
0.189575
0.189598
0.189622
0.189645
0.189669
0.189692
0.189716
0.189739
0.189763
0.189786
0.189810
0.189834
0.189857
0.189881
0.189904
0.189928
0.189951
0.189975
0.189998
0.190022
0.190045
0.190069
0.190092
0.190116
0.190139
0.190163
0.190187
0.190210
0.190234
0.190257
0.190281
0.190304
0.190328
0.190351
0.190375
0.190398
0.190422
0.190445
0.190469
0.190492
0.190516
0.190539
0.190563
0.190587
0.190610
0.190634
0.190657
0.190681
0.190704
0.190728
0.190751
0.190775
0.190798
0.190822
0.190845
0.190869
0.190892
0.190916
0.190939
0.190963
0.190986
0.191010
0.191034
0.191057
0.191081
0.191104
0.191128
0.191151
0.191175
0.191198
0.191222
0.191245
0.191269
0.191292
0.191316
0.191339
0.191363
0.191386
0.191410
0.191433
0.191457
0.191481
0.191504
0.191528
0.191551
0.191575
0.191598
0.191622
0.191645
0.191669
0.191692
0.191716
0.191739
0.191763
0.191786
0.191810
0.191833
0.191857
0.191880
0.191904
0.191928
0.191951
0.191975
0.191998
0.192022
0.192045
0.192069
0.192092
0.192116
0.192139
0.192163
0.192186
0.192210
0.192233
0.192257
0.192280
0.192304
0.192327
0.192351
0.192374
0.192398
0.192421
0.192445
0.192468
0.192492
0.192516
0.192539
0.192563
0.192586
0.192610
0.192633
0.192657
0.192680
0.192704
0.192727
0.192751
0.192774
0.192798
0.192821
0.192845
0.192868
0.192892
0.192915
0.192939
0.192962
0.192986
0.193009
0.193033
0.193056
0.193080
0.193104
0.193127
0.193151
0.193174
0.193198
0.193221
0.193245
0.193268
0.193292
0.193315
0.193339
0.193362
0.193386
0.193409
0.193433
0.193456
0.193480
0.193503
0.193527
0.193550
0.193574
0.193597
0.193621
0.193644
0.193668
0.193691
0.193715
0.193738
0.193762
0.193785
0.193809
0.193832
0.193856
0.193880
0.193903
0.193927
0.193950
0.193974
0.193997
0.194021
0.194044
0.194068
0.194091
0.194115
0.194138
0.194162
0.194185
0.194209
0.194232
0.194256
0.194279
0.194303
0.194326
0.194350
0.194373
0.194397
0.194420
0.194444
0.194467
0.194491
0.194514
0.194538
0.194561
0.194585
0.194608
0.194632
0.194655
0.194679
0.194702
0.194726
0.194749
0.194773
0.194796
0.194820
0.194843
0.194867
0.194891
0.194914
0.194938
0.194961
0.194985
0.195008
0.195032
0.195055
0.195079
0.195102
0.195126
0.195149
0.195173
0.195196
0.195220
0.195243
0.195267
0.195290
0.195314
0.195337
0.195361
0.195384
0.195408
0.195431
0.195455
0.195478
0.195502
0.195525
0.195549
0.195572
0.195596
0.195619
0.195643
0.195666
0.195690
0.195713
0.195737
0.195760
0.195784
0.195807
0.195831
0.195854
0.195878
0.195901
0.195925
0.195948
0.195972
0.195995
0.196019
0.196042
0.196066
0.196089
0.196113
0.196136
0.196160
0.196183
0.196207
0.196230
0.196254
0.196277
0.196301
0.196324
0.196348
0.196371
0.196395
0.196418
0.196442
0.196465
0.196489
0.196512
0.196536
0.196559
0.196583
0.196606
0.196630
0.196653
0.196677
0.196700
0.196724
0.196747
0.196771
0.196794
0.196818
0.196841
0.196865
0.196888
0.196912
0.196935
0.196959
0.196982
0.197006
0.197029
0.197053
0.197076
0.197100
0.197123
0.197147
0.197170
0.197194
0.197217
0.197241
0.197264
0.197288
0.197311
0.197335
0.197358
0.197382
0.197405
0.197429
0.197452
0.197476
0.197499
0.197523
0.197546
0.197570
0.197593
0.197617
0.197640
0.197664
0.197687
0.197711
0.197734
0.197758
0.197781
0.197805
0.197828
0.197852
0.197875
0.197899
0.197922
0.197946
0.197969
0.197993
0.198016
0.198040
0.198063
0.198087
0.198110
0.198134
0.198157
0.198181
0.198204
0.198228
0.198251
0.198275
0.198298
0.198322
0.198345
0.198369
0.198392
0.198416
0.198439
0.198463
0.198486
0.198510
0.198533
0.198557
0.198580
0.198603
0.198627
0.198650
0.198674
0.198697
0.198721
0.198744
0.198768
0.198791
0.198815
0.198838
0.198862
0.198885
0.198909
0.198932
0.198956
0.198979
0.199003
0.199026
0.199050
0.199073
0.199097
0.199120
0.199144
0.199167
0.199191
0.199214
0.199238
0.199261
0.199285
0.199308
0.199332
0.199355
0.199379
0.199402
0.199426
0.199449
0.199473
0.199496
0.199520
0.199543
0.199567
0.199590
0.199614
0.199637
0.199660
0.199684
0.199707
0.199731
0.199754
0.199778
0.199801
0.199825
0.199848
0.199872
0.199895
0.199919
0.199942
0.199966
0.199989
0.200013
0.200036
0.200060
0.200083
0.200107
0.200130
0.200154
0.200177
0.200201
0.200224
0.200248
0.200271
0.200295
0.200318
0.200342
0.200365
0.200388
0.200412
0.200435
0.200459
0.200482
0.200506
0.200529
0.200553
0.200576
0.200600
0.200623
0.200647
0.200670
0.200694
0.200717
0.200741
0.200764
0.200788
0.200811
0.200835
0.200858
0.200882
0.200905
0.200929
0.200952
0.200975
0.200999
0.201022
0.201046
0.201069
0.201093
0.201116
0.201140
0.201163
0.201187
0.201210
0.201234
0.201257
0.201281
0.201304
0.201328
0.201351
0.201375
0.201398
0.201422
0.201445
0.201469
0.201492
0.201515
0.201539
0.201562
0.201586
0.201609
0.201633
0.201656
0.201680
0.201703
0.201727
0.201750
0.201774
0.201797
0.201821
0.201844
0.201868
0.201891
0.201915
0.201938
0.201962
0.201985
0.202008
0.202032
0.202055
0.202079
0.202102
0.202126
0.202149
0.202173
0.202196
0.202220
0.202243
0.202267
0.202290
0.202314
0.202337
0.202361
0.202384
0.202408
0.202431
0.202454
0.202478
0.202501
0.202525
0.202548
0.202572
0.202595
0.202619
0.202642
0.202666
0.202689
0.202713
0.202736
0.202760
0.202783
0.202807
0.202830
0.202853
0.202877
0.202900
0.202924
0.202947
0.202971
0.202994
0.203018
0.203041
0.203065
0.203088
0.203112
0.203135
0.203159
0.203182
0.203206
0.203229
0.203252
0.203276
0.203299
0.203323
0.203346
0.203370
0.203393
0.203417
0.203440
0.203464
0.203487
0.203511
0.203534
0.203558
0.203581
0.203604
0.203628
0.203651
0.203675
0.203698
0.203722
0.203745
0.203769
0.203792
0.203816
0.203839
0.203863
0.203886
0.203910
0.203933
0.203956
0.203980
0.204003
0.204027
0.204050
0.204074
0.204097
0.204121
0.204144
0.204168
0.204191
0.204215
0.204238
0.204261
0.204285
0.204308
0.204332
0.204355
0.204379
0.204402
0.204426
0.204449
0.204473
0.204496
0.204520
0.204543
0.204566
0.204590
0.204613
0.204637
0.204660
0.204684
0.204707
0.204731
0.204754
0.204778
0.204801
0.204825
0.204848
0.204871
0.204895
0.204918
0.204942
0.204965
0.204989
0.205012
0.205036
0.205059
0.205083
0.205106
0.205130
0.205153
0.205176
0.205200
0.205223
0.205247
0.205270
0.205294
0.205317
0.205341
0.205364
0.205388
0.205411
0.205434
0.205458
0.205481
0.205505
0.205528
0.205552
0.205575
0.205599
0.205622
0.205646
0.205669
0.205693
0.205716
0.205739
0.205763
0.205786
0.205810
0.205833
0.205857
0.205880
0.205904
0.205927
0.205951
0.205974
0.205997
0.206021
0.206044
0.206068
0.206091
0.206115
0.206138
0.206162
0.206185
0.206209
0.206232
0.206255
0.206279
0.206302
0.206326
0.206349
0.206373
0.206396
0.206420
0.206443
0.206466
0.206490
0.206513
0.206537
0.206560
0.206584
0.206607
0.206631
0.206654
0.206678
0.206701
0.206724
0.206748
0.206771
0.206795
0.206818
0.206842
0.206865
0.206889
0.206912
0.206936
0.206959
0.206982
0.207006
0.207029
0.207053
0.207076
0.207100
0.207123
0.207147
0.207170
0.207193
0.207217
0.207240
0.207264
0.207287
0.207311
0.207334
0.207358
0.207381
0.207404
0.207428
0.207451
0.207475
0.207498
0.207522
0.207545
0.207569
0.207592
0.207615
0.207639
0.207662
0.207686
0.207709
0.207733
0.207756
0.207780
0.207803
0.207827
0.207850
0.207873
0.207897
0.207920
0.207944
0.207967
0.207991
0.208014
0.208038
0.208061
0.208084
0.208108
0.208131
0.208155
0.208178
0.208202
0.208225
0.208249
0.208272
0.208295
0.208319
0.208342
0.208366
0.208389
0.208413
0.208436
0.208459
0.208483
0.208506
0.208530
0.208553
0.208577
0.208600
0.208624
0.208647
0.208670
0.208694
0.208717
0.208741
0.208764
0.208788
0.208811
0.208835
0.208858
0.208881
0.208905
0.208928
0.208952
0.208975
0.208999
0.209022
0.209045
0.209069
0.209092
0.209116
0.209139
0.209163
0.209186
0.209210
0.209233
0.209256
0.209280
0.209303
0.209327
0.209350
0.209374
0.209397
0.209420
0.209444
0.209467
0.209491
0.209514
0.209538
0.209561
0.209585
0.209608
0.209631
0.209655
0.209678
0.209702
0.209725
0.209749
0.209772
0.209795
0.209819
0.209842
0.209866
0.209889
0.209913
0.209936
0.209960
0.209983
0.210006
0.210030
0.210053
0.210077
0.210100
0.210124
0.210147
0.210170
0.210194
0.210217
0.210241
0.210264
0.210288
0.210311
0.210334
0.210358
0.210381
0.210405
0.210428
0.210452
0.210475
0.210498
0.210522
0.210545
0.210569
0.210592
0.210616
0.210639
0.210662
0.210686
0.210709
0.210733
0.210756
0.210780
0.210803
0.210826
0.210850
0.210873
0.210897
0.210920
0.210944
0.210967
0.210991
0.211014
0.211037
0.211061
0.211084
0.211108
0.211131
0.211155
0.211178
0.211201
0.211225
0.211248
0.211272
0.211295
0.211318
0.211342
0.211365
0.211389
0.211412
0.211436
0.211459
0.211482
0.211506
0.211529
0.211553
0.211576
0.211600
0.211623
0.211646
0.211670
0.211693
0.211717
0.211740
0.211764
0.211787
0.211810
0.211834
0.211857
0.211881
0.211904
0.211928
0.211951
0.211974
0.211998
0.212021
0.212045
0.212068
0.212092
0.212115
0.212138
0.212162
0.212185
0.212209
0.212232
0.212255
0.212279
0.212302
0.212326
0.212349
0.212373
0.212396
0.212419
0.212443
0.212466
0.212490
0.212513
0.212537
0.212560
0.212583
0.212607
0.212630
0.212654
0.212677
0.212700
0.212724
0.212747
0.212771
0.212794
0.212818
0.212841
0.212864
0.212888
0.212911
0.212935
0.212958
0.212982
0.213005
0.213028
0.213052
0.213075
0.213099
0.213122
0.213145
0.213169
0.213192
0.213216
0.213239
0.213263
0.213286
0.213309
0.213333
0.213356
0.213380
0.213403
0.213426
0.213450
0.213473
0.213497
0.213520
0.213544
0.213567
0.213590
0.213614
0.213637
0.213661
0.213684
0.213707
0.213731
0.213754
0.213778
0.213801
0.213825
0.213848
0.213871
0.213895
0.213918
0.213942
0.213965
0.213988
0.214012
0.214035
0.214059
0.214082
0.214105
0.214129
0.214152
0.214176
0.214199
0.214223
0.214246
0.214269
0.214293
0.214316
0.214340
0.214363
0.214386
0.214410
0.214433
0.214457
0.214480
0.214503
0.214527
0.214550
0.214574
0.214597
0.214621
0.214644
0.214667
0.214691
0.214714
0.214738
0.214761
0.214784
0.214808
0.214831
0.214855
0.214878
0.214901
0.214925
0.214948
0.214972
0.214995
0.215018
0.215042
0.215065
0.215089
0.215112
0.215136
0.215159
0.215182
0.215206
0.215229
0.215253
0.215276
0.215299
0.215323
0.215346
0.215370
0.215393
0.215416
0.215440
0.215463
0.215487
0.215510
0.215533
0.215557
0.215580
0.215604
0.215627
0.215650
0.215674
0.215697
0.215721
0.215744
0.215767
0.215791
0.215814
0.215838
0.215861
0.215884
0.215908
0.215931
0.215955
0.215978
0.216001
0.216025
0.216048
0.216072
0.216095
0.216118
0.216142
0.216165
0.216189
0.216212
0.216236
0.216259
0.216282
0.216306
0.216329
0.216353
0.216376
0.216399
0.216423
0.216446
0.216470
0.216493
0.216516
0.216540
0.216563
0.216587
0.216610
0.216633
0.216657
0.216680
0.216704
0.216727
0.216750
0.216774
0.216797
0.216821
0.216844
0.216867
0.216891
0.216914
0.216937
0.216961
0.216984
0.217008
0.217031
0.217054
0.217078
0.217101
0.217125
0.217148
0.217171
0.217195
0.217218
0.217242
0.217265
0.217288
0.217312
0.217335
0.217359
0.217382
0.217405
0.217429
0.217452
0.217476
0.217499
0.217522
0.217546
0.217569
0.217593
0.217616
0.217639
0.217663
0.217686
0.217710
0.217733
0.217756
0.217780
0.217803
0.217827
0.217850
0.217873
0.217897
0.217920
0.217943
0.217967
0.217990
0.218014
0.218037
0.218060
0.218084
0.218107
0.218131
0.218154
0.218177
0.218201
0.218224
0.218248
0.218271
0.218294
0.218318
0.218341
0.218365
0.218388
0.218411
0.218435
0.218458
0.218481
0.218505
0.218528
0.218552
0.218575
0.218598
0.218622
0.218645
0.218669
0.218692
0.218715
0.218739
0.218762
0.218786
0.218809
0.218832
0.218856
0.218879
0.218902
0.218926
0.218949
0.218973
0.218996
0.219019
0.219043
0.219066
0.219090
0.219113
0.219136
0.219160
0.219183
0.219206
0.219230
0.219253
0.219277
0.219300
0.219323
0.219347
0.219370
0.219394
0.219417
0.219440
0.219464
0.219487
0.219510
0.219534
0.219557
0.219581
0.219604
0.219627
0.219651
0.219674
0.219698
0.219721
0.219744
0.219768
0.219791
0.219814
0.219838
0.219861
0.219885
0.219908
0.219931
0.219955
0.219978
0.220002
0.220025
0.220048
0.220072
0.220095
0.220118
0.220142
0.220165
0.220189
0.220212
0.220235
0.220259
0.220282
0.220305
0.220329
0.220352
0.220376
0.220399
0.220422
0.220446
0.220469
0.220492
0.220516
0.220539
0.220563
0.220586
0.220609
0.220633
0.220656
0.220680
0.220703
0.220726
0.220750
0.220773
0.220796
0.220820
0.220843
0.220867
0.220890
0.220913
0.220937
0.220960
0.220983
0.221007
0.221030
0.221054
0.221077
0.221100
0.221124
0.221147
0.221170
0.221194
0.221217
0.221241
0.221264
0.221287
0.221311
0.221334
0.221357
0.221381
0.221404
0.221428
0.221451
0.221474
0.221498
0.221521
0.221544
0.221568
0.221591
0.221615
0.221638
0.221661
0.221685
0.221708
0.221731
0.221755
0.221778
0.221801
0.221825
0.221848
0.221872
0.221895
0.221918
0.221942
0.221965
0.221988
0.222012
0.222035
0.222059
0.222082
0.222105
0.222129
0.222152
0.222175
0.222199
0.222222
0.222246
0.222269
0.222292
0.222316
0.222339
0.222362
0.222386
0.222409
0.222432
0.222456
0.222479
0.222503
0.222526
0.222549
0.222573
0.222596
0.222619
0.222643
0.222666
0.222690
0.222713
0.222736
0.222760
0.222783
0.222806
0.222830
0.222853
0.222876
0.222900
0.222923
0.222947
0.222970
0.222993
0.223017
0.223040
0.223063
0.223087
0.223110
0.223133
0.223157
0.223180
0.223204
0.223227
0.223250
0.223274
0.223297
0.223320
0.223344
0.223367
0.223390
0.223414
0.223437
0.223461
0.223484
0.223507
0.223531
0.223554
0.223577
0.223601
0.223624
0.223647
0.223671
0.223694
0.223718
0.223741
0.223764
0.223788
0.223811
0.223834
0.223858
0.223881
0.223904
0.223928
0.223951
0.223974
0.223998
0.224021
0.224045
0.224068
0.224091
0.224115
0.224138
0.224161
0.224185
0.224208
0.224231
0.224255
0.224278
0.224301
0.224325
0.224348
0.224372
0.224395
0.224418
0.224442
0.224465
0.224488
0.224512
0.224535
0.224558
0.224582
0.224605
0.224628
0.224652
0.224675
0.224699
0.224722
0.224745
0.224769
0.224792
0.224815
0.224839
0.224862
0.224885
0.224909
0.224932
0.224955
0.224979
0.225002
0.225026
0.225049
0.225072
0.225096
0.225119
0.225142
0.225166
0.225189
0.225212
0.225236
0.225259
0.225282
0.225306
0.225329
0.225352
0.225376
0.225399
0.225423
0.225446
0.225469
0.225493
0.225516
0.225539
0.225563
0.225586
0.225609
0.225633
0.225656
0.225679
0.225703
0.225726
0.225749
0.225773
0.225796
0.225819
0.225843
0.225866
0.225890
0.225913
0.225936
0.225960
0.225983
0.226006
0.226030
0.226053
0.226076
0.226100
0.226123
0.226146
0.226170
0.226193
0.226216
0.226240
0.226263
0.226286
0.226310
0.226333
0.226356
0.226380
0.226403
0.226427
0.226450
0.226473
0.226497
0.226520
0.226543
0.226567
0.226590
0.226613
0.226637
0.226660
0.226683
0.226707
0.226730
0.226753
0.226777
0.226800
0.226823
0.226847
0.226870
0.226893
0.226917
0.226940
0.226963
0.226987
0.227010
0.227033
0.227057
0.227080
0.227103
0.227127
0.227150
0.227174
0.227197
0.227220
0.227244
0.227267
0.227290
0.227314
0.227337
0.227360
0.227384
0.227407
0.227430
0.227454
0.227477
0.227500
0.227524
0.227547
0.227570
0.227594
0.227617
0.227640
0.227664
0.227687
0.227710
0.227734
0.227757
0.227780
0.227804
0.227827
0.227850
0.227874
0.227897
0.227920
0.227944
0.227967
0.227990
0.228014
0.228037
0.228060
0.228084
0.228107
0.228130
0.228154
0.228177
0.228200
0.228224
0.228247
0.228270
0.228294
0.228317
0.228340
0.228364
0.228387
0.228410
0.228434
0.228457
0.228480
0.228504
0.228527
0.228550
0.228574
0.228597
0.228620
0.228644
0.228667
0.228690
0.228714
0.228737
0.228760
0.228784
0.228807
0.228830
0.228854
0.228877
0.228900
0.228924
0.228947
0.228970
0.228994
0.229017
0.229040
0.229064
0.229087
0.229110
0.229134
0.229157
0.229180
0.229204
0.229227
0.229250
0.229274
0.229297
0.229320
0.229344
0.229367
0.229390
0.229414
0.229437
0.229460
0.229484
0.229507
0.229530
0.229554
0.229577
0.229600
0.229624
0.229647
0.229670
0.229694
0.229717
0.229740
0.229764
0.229787
0.229810
0.229834
0.229857
0.229880
0.229904
0.229927
0.229950
0.229974
0.229997
0.230020
0.230044
0.230067
0.230090
0.230114
0.230137
0.230160
0.230184
0.230207
0.230230
0.230253
0.230277
0.230300
0.230323
0.230347
0.230370
0.230393
0.230417
0.230440
0.230463
0.230487
0.230510
0.230533
0.230557
0.230580
0.230603
0.230627
0.230650
0.230673
0.230697
0.230720
0.230743
0.230767
0.230790
0.230813
0.230837
0.230860
0.230883
0.230907
0.230930
0.230953
0.230976
0.231000
0.231023
0.231046
0.231070
0.231093
0.231116
0.231140
0.231163
0.231186
0.231210
0.231233
0.231256
0.231280
0.231303
0.231326
0.231350
0.231373
0.231396
0.231420
0.231443
0.231466
0.231490
0.231513
0.231536
0.231559
0.231583
0.231606
0.231629
0.231653
0.231676
0.231699
0.231723
0.231746
0.231769
0.231793
0.231816
0.231839
0.231863
0.231886
0.231909
0.231933
0.231956
0.231979
0.232002
0.232026
0.232049
0.232072
0.232096
0.232119
0.232142
0.232166
0.232189
0.232212
0.232236
0.232259
0.232282
0.232306
0.232329
0.232352
0.232375
0.232399
0.232422
0.232445
0.232469
0.232492
0.232515
0.232539
0.232562
0.232585
0.232609
0.232632
0.232655
0.232679
0.232702
0.232725
0.232748
0.232772
0.232795
0.232818
0.232842
0.232865
0.232888
0.232912
0.232935
0.232958
0.232982
0.233005
0.233028
0.233051
0.233075
0.233098
0.233121
0.233145
0.233168
0.233191
0.233215
0.233238
0.233261
0.233285
0.233308
0.233331
0.233354
0.233378
0.233401
0.233424
0.233448
0.233471
0.233494
0.233518
0.233541
0.233564
0.233588
0.233611
0.233634
0.233657
0.233681
0.233704
0.233727
0.233751
0.233774
0.233797
0.233821
0.233844
0.233867
0.233890
0.233914
0.233937
0.233960
0.233984
0.234007
0.234030
0.234054
0.234077
0.234100
0.234124
0.234147
0.234170
0.234193
0.234217
0.234240
0.234263
0.234287
0.234310
0.234333
0.234357
0.234380
0.234403
0.234426
0.234450
0.234473
0.234496
0.234520
0.234543
0.234566
0.234590
0.234613
0.234636
0.234659
0.234683
0.234706
0.234729
0.234753
0.234776
0.234799
0.234823
0.234846
0.234869
0.234892
0.234916
0.234939
0.234962
0.234986
0.235009
0.235032
0.235056
0.235079
0.235102
0.235125
0.235149
0.235172
0.235195
0.235219
0.235242
0.235265
0.235288
0.235312
0.235335
0.235358
0.235382
0.235405
0.235428
0.235452
0.235475
0.235498
0.235521
0.235545
0.235568
0.235591
0.235615
0.235638
0.235661
0.235684
0.235708
0.235731
0.235754
0.235778
0.235801
0.235824
0.235848
0.235871
0.235894
0.235917
0.235941
0.235964
0.235987
0.236011
0.236034
0.236057
0.236080
0.236104
0.236127
0.236150
0.236174
0.236197
0.236220
0.236243
0.236267
0.236290
0.236313
0.236337
0.236360
0.236383
0.236406
0.236430
0.236453
0.236476
0.236500
0.236523
0.236546
0.236570
0.236593
0.236616
0.236639
0.236663
0.236686
0.236709
0.236733
0.236756
0.236779
0.236802
0.236826
0.236849
0.236872
0.236896
0.236919
0.236942
0.236965
0.236989
0.237012
0.237035
0.237059
0.237082
0.237105
0.237128
0.237152
0.237175
0.237198
0.237222
0.237245
0.237268
0.237291
0.237315
0.237338
0.237361
0.237385
0.237408
0.237431
0.237454
0.237478
0.237501
0.237524
0.237547
0.237571
0.237594
0.237617
0.237641
0.237664
0.237687
0.237710
0.237734
0.237757
0.237780
0.237804
0.237827
0.237850
0.237873
0.237897
0.237920
0.237943
0.237967
0.237990
0.238013
0.238036
0.238060
0.238083
0.238106
0.238130
0.238153
0.238176
0.238199
0.238223
0.238246
0.238269
0.238292
0.238316
0.238339
0.238362
0.238386
0.238409
0.238432
0.238455
0.238479
0.238502
0.238525
0.238549
0.238572
0.238595
0.238618
0.238642
0.238665
0.238688
0.238711
0.238735
0.238758
0.238781
0.238805
0.238828
0.238851
0.238874
0.238898
0.238921
0.238944
0.238967
0.238991
0.239014
0.239037
0.239061
0.239084
0.239107
0.239130
0.239154
0.239177
0.239200
0.239223
0.239247
0.239270
0.239293
0.239317
0.239340
0.239363
0.239386
0.239410
0.239433
0.239456
0.239479
0.239503
0.239526
0.239549
0.239573
0.239596
0.239619
0.239642
0.239666
0.239689
0.239712
0.239735
0.239759
0.239782
0.239805
0.239829
0.239852
0.239875
0.239898
0.239922
0.239945
0.239968
0.239991
0.240015
0.240038
0.240061
0.240084
0.240108
0.240131
0.240154
0.240178
0.240201
0.240224
0.240247
0.240271
0.240294
0.240317
0.240340
0.240364
0.240387
0.240410
0.240433
0.240457
0.240480
0.240503
0.240527
0.240550
0.240573
0.240596
0.240620
0.240643
0.240666
0.240689
0.240713
0.240736
0.240759
0.240782
0.240806
0.240829
0.240852
0.240875
0.240899
0.240922
0.240945
0.240969
0.240992
0.241015
0.241038
0.241062
0.241085
0.241108
0.241131
0.241155
0.241178
0.241201
0.241224
0.241248
0.241271
0.241294
0.241317
0.241341
0.241364
0.241387
0.241410
0.241434
0.241457
0.241480
0.241504
0.241527
0.241550
0.241573
0.241597
0.241620
0.241643
0.241666
0.241690
0.241713
0.241736
0.241759
0.241783
0.241806
0.241829
0.241852
0.241876
0.241899
0.241922
0.241945
0.241969
0.241992
0.242015
0.242038
0.242062
0.242085
0.242108
0.242131
0.242155
0.242178
0.242201
0.242224
0.242248
0.242271
0.242294
0.242317
0.242341
0.242364
0.242387
0.242411
0.242434
0.242457
0.242480
0.242504
0.242527
0.242550
0.242573
0.242597
0.242620
0.242643
0.242666
0.242690
0.242713
0.242736
0.242759
0.242783
0.242806
0.242829
0.242852
0.242876
0.242899
0.242922
0.242945
0.242969
0.242992
0.243015
0.243038
0.243062
0.243085
0.243108
0.243131
0.243155
0.243178
0.243201
0.243224
0.243248
0.243271
0.243294
0.243317
0.243341
0.243364
0.243387
0.243410
0.243434
0.243457
0.243480
0.243503
0.243527
0.243550
0.243573
0.243596
0.243620
0.243643
0.243666
0.243689
0.243712
0.243736
0.243759
0.243782
0.243805
0.243829
0.243852
0.243875
0.243898
0.243922
0.243945
0.243968
0.243991
0.244015
0.244038
0.244061
0.244084
0.244108
0.244131
0.244154
0.244177
0.244201
0.244224
0.244247
0.244270
0.244294
0.244317
0.244340
0.244363
0.244387
0.244410
0.244433
0.244456
0.244480
0.244503
0.244526
0.244549
0.244572
0.244596
0.244619
0.244642
0.244665
0.244689
0.244712
0.244735
0.244758
0.244782
0.244805
0.244828
0.244851
0.244875
0.244898
0.244921
0.244944
0.244968
0.244991
0.245014
0.245037
0.245061
0.245084
0.245107
0.245130
0.245153
0.245177
0.245200
0.245223
0.245246
0.245270
0.245293
0.245316
0.245339
0.245363
0.245386
0.245409
0.245432
0.245456
0.245479
0.245502
0.245525
0.245548
0.245572
0.245595
0.245618
0.245641
0.245665
0.245688
0.245711
0.245734
0.245758
0.245781
0.245804
0.245827
0.245851
0.245874
0.245897
0.245920
0.245943
0.245967
0.245990
0.246013
0.246036
0.246060
0.246083
0.246106
0.246129
0.246153
0.246176
0.246199
0.246222
0.246245
0.246269
0.246292
0.246315
0.246338
0.246362
0.246385
0.246408
0.246431
0.246455
0.246478
0.246501
0.246524
0.246547
0.246571
0.246594
0.246617
0.246640
0.246664
0.246687
0.246710
0.246733
0.246756
0.246780
0.246803
0.246826
0.246849
0.246873
0.246896
0.246919
0.246942
0.246966
0.246989
0.247012
0.247035
0.247058
0.247082
0.247105
0.247128
0.247151
0.247175
0.247198
0.247221
0.247244
0.247267
0.247291
0.247314
0.247337
0.247360
0.247384
0.247407
0.247430
0.247453
0.247476
0.247500
0.247523
0.247546
0.247569
0.247593
0.247616
0.247639
0.247662
0.247685
0.247709
0.247732
0.247755
0.247778
0.247802
0.247825
0.247848
0.247871
0.247894
0.247918
0.247941
0.247964
0.247987
0.248011
0.248034
0.248057
0.248080
0.248103
0.248127
0.248150
0.248173
0.248196
0.248220
0.248243
0.248266
0.248289
0.248312
0.248336
0.248359
0.248382
0.248405
0.248428
0.248452
0.248475
0.248498
0.248521
0.248545
0.248568
0.248591
0.248614
0.248637
0.248661
0.248684
0.248707
0.248730
0.248753
0.248777
0.248800
0.248823
0.248846
0.248870
0.248893
0.248916
0.248939
0.248962
0.248986
0.249009
0.249032
0.249055
0.249078
0.249102
0.249125
0.249148
0.249171
0.249195
0.249218
0.249241
0.249264
0.249287
0.249311
0.249334
0.249357
0.249380
0.249403
0.249427
0.249450
0.249473
0.249496
0.249520
0.249543
0.249566
0.249589
0.249612
0.249636
0.249659
0.249682
0.249705
0.249728
0.249752
0.249775
0.249798
0.249821
0.249844
0.249868
0.249891
0.249914
0.249937
0.249960
0.249984
0.250007
0.250030
0.250053
0.250077
0.250100
0.250123
0.250146
0.250169
0.250193
0.250216
0.250239
0.250262
0.250285
0.250309
0.250332
0.250355
0.250378
0.250401
0.250425
0.250448
0.250471
0.250494
0.250517
0.250541
0.250564
0.250587
0.250610
0.250633
0.250657
0.250680
0.250703
0.250726
0.250749
0.250773
0.250796
0.250819
0.250842
0.250865
0.250889
0.250912
0.250935
0.250958
0.250981
0.251005
0.251028
0.251051
0.251074
0.251097
0.251121
0.251144
0.251167
0.251190
0.251213
0.251237
0.251260
0.251283
0.251306
0.251329
0.251353
0.251376
0.251399
0.251422
0.251445
0.251469
0.251492
0.251515
0.251538
0.251561
0.251585
0.251608
0.251631
0.251654
0.251677
0.251701
0.251724
0.251747
0.251770
0.251793
0.251817
0.251840
0.251863
0.251886
0.251909
0.251933
0.251956
0.251979
0.252002
0.252025
0.252049
0.252072
0.252095
0.252118
0.252141
0.252165
0.252188
0.252211
0.252234
0.252257
0.252281
0.252304
0.252327
0.252350
0.252373
0.252396
0.252420
0.252443
0.252466
0.252489
0.252512
0.252536
0.252559
0.252582
0.252605
0.252628
0.252652
0.252675
0.252698
0.252721
0.252744
0.252768
0.252791
0.252814
0.252837
0.252860
0.252883
0.252907
0.252930
0.252953
0.252976
0.252999
0.253023
0.253046
0.253069
0.253092
0.253115
0.253139
0.253162
0.253185
0.253208
0.253231
0.253255
0.253278
0.253301
0.253324
0.253347
0.253370
0.253394
0.253417
0.253440
0.253463
0.253486
0.253510
0.253533
0.253556
0.253579
0.253602
0.253625
0.253649
0.253672
0.253695
0.253718
0.253741
0.253765
0.253788
0.253811
0.253834
0.253857
0.253881
0.253904
0.253927
0.253950
0.253973
0.253996
0.254020
0.254043
0.254066
0.254089
0.254112
0.254136
0.254159
0.254182
0.254205
0.254228
0.254251
0.254275
0.254298
0.254321
0.254344
0.254367
0.254391
0.254414
0.254437
0.254460
0.254483
0.254506
0.254530
0.254553
0.254576
0.254599
0.254622
0.254645
0.254669
0.254692
0.254715
0.254738
0.254761
0.254785
0.254808
0.254831
0.254854
0.254877
0.254900
0.254924
0.254947
0.254970
0.254993
0.255016
0.255039
0.255063
0.255086
0.255109
0.255132
0.255155
0.255179
0.255202
0.255225
0.255248
0.255271
0.255294
0.255318
0.255341
0.255364
0.255387
0.255410
0.255433
0.255457
0.255480
0.255503
0.255526
0.255549
0.255572
0.255596
0.255619
0.255642
0.255665
0.255688
0.255712
0.255735
0.255758
0.255781
0.255804
0.255827
0.255851
0.255874
0.255897
0.255920
0.255943
0.255966
0.255990
0.256013
0.256036
0.256059
0.256082
0.256105
0.256129
0.256152
0.256175
0.256198
0.256221
0.256244
0.256268
0.256291
0.256314
0.256337
0.256360
0.256383
0.256407
0.256430
0.256453
0.256476
0.256499
0.256522
0.256546
0.256569
0.256592
0.256615
0.256638
0.256661
0.256685
0.256708
0.256731
0.256754
0.256777
0.256800
0.256824
0.256847
0.256870
0.256893
0.256916
0.256939
0.256963
0.256986
0.257009
0.257032
0.257055
0.257078
0.257102
0.257125
0.257148
0.257171
0.257194
0.257217
0.257241
0.257264
0.257287
0.257310
0.257333
0.257356
0.257379
0.257403
0.257426
0.257449
0.257472
0.257495
0.257518
0.257542
0.257565
0.257588
0.257611
0.257634
0.257657
0.257681
0.257704
0.257727
0.257750
0.257773
0.257796
0.257820
0.257843
0.257866
0.257889
0.257912
0.257935
0.257958
0.257982
0.258005
0.258028
0.258051
0.258074
0.258097
0.258121
0.258144
0.258167
0.258190
0.258213
0.258236
0.258260
0.258283
0.258306
0.258329
0.258352
0.258375
0.258398
0.258422
0.258445
0.258468
0.258491
0.258514
0.258537
0.258561
0.258584
0.258607
0.258630
0.258653
0.258676
0.258699
0.258723
0.258746
0.258769
0.258792
0.258815
0.258838
0.258861
0.258885
0.258908
0.258931
0.258954
0.258977
0.259000
0.259024
0.259047
0.259070
0.259093
0.259116
0.259139
0.259162
0.259186
0.259209
0.259232
0.259255
0.259278
0.259301
0.259324
0.259348
0.259371
0.259394
0.259417
0.259440
0.259463
0.259487
0.259510
0.259533
0.259556
0.259579
0.259602
0.259625
0.259649
0.259672
0.259695
0.259718
0.259741
0.259764
0.259787
0.259811
0.259834
0.259857
0.259880
0.259903
0.259926
0.259949
0.259973
0.259996
0.260019
0.260042
0.260065
0.260088
0.260111
0.260135
0.260158
0.260181
0.260204
0.260227
0.260250
0.260273
0.260297
0.260320
0.260343
0.260366
0.260389
0.260412
0.260435
0.260459
0.260482
0.260505
0.260528
0.260551
0.260574
0.260597
0.260621
0.260644
0.260667
0.260690
0.260713
0.260736
0.260759
0.260783
0.260806
0.260829
0.260852
0.260875
0.260898
0.260921
0.260945
0.260968
0.260991
0.261014
0.261037
0.261060
0.261083
0.261106
0.261130
0.261153
0.261176
0.261199
0.261222
0.261245
0.261268
0.261292
0.261315
0.261338
0.261361
0.261384
0.261407
0.261430
0.261454
0.261477
0.261500
0.261523
0.261546
0.261569
0.261592
0.261615
0.261639
0.261662
0.261685
0.261708
0.261731
0.261754
0.261777
0.261801
0.261824
0.261847
0.261870
0.261893
0.261916
0.261939
0.261962
0.261986
0.262009
0.262032
0.262055
0.262078
0.262101
0.262124
0.262147
0.262171
0.262194
0.262217
0.262240
0.262263
0.262286
0.262309
0.262333
0.262356
0.262379
0.262402
0.262425
0.262448
0.262471
0.262494
0.262518
0.262541
0.262564
0.262587
0.262610
0.262633
0.262656
0.262679
0.262703
0.262726
0.262749
0.262772
0.262795
0.262818
0.262841
0.262864
0.262888
0.262911
0.262934
0.262957
0.262980
0.263003
0.263026
0.263049
0.263073
0.263096
0.263119
0.263142
0.263165
0.263188
0.263211
0.263234
0.263258
0.263281
0.263304
0.263327
0.263350
0.263373
0.263396
0.263419
0.263443
0.263466
0.263489
0.263512
0.263535
0.263558
0.263581
0.263604
0.263628
0.263651
0.263674
0.263697
0.263720
0.263743
0.263766
0.263789
0.263812
0.263836
0.263859
0.263882
0.263905
0.263928
0.263951
0.263974
0.263997
0.264021
0.264044
0.264067
0.264090
0.264113
0.264136
0.264159
0.264182
0.264205
0.264229
0.264252
0.264275
0.264298
0.264321
0.264344
0.264367
0.264390
0.264414
0.264437
0.264460
0.264483
0.264506
0.264529
0.264552
0.264575
0.264598
0.264622
0.264645
0.264668
0.264691
0.264714
0.264737
0.264760
0.264783
0.264806
0.264830
0.264853
0.264876
0.264899
0.264922
0.264945
0.264968
0.264991
0.265014
0.265038
0.265061
0.265084
0.265107
0.265130
0.265153
0.265176
0.265199
0.265222
0.265246
0.265269
0.265292
0.265315
0.265338
0.265361
0.265384
0.265407
0.265430
0.265454
0.265477
0.265500
0.265523
0.265546
0.265569
0.265592
0.265615
0.265638
0.265662
0.265685
0.265708
0.265731
0.265754
0.265777
0.265800
0.265823
0.265846
0.265869
0.265893
0.265916
0.265939
0.265962
0.265985
0.266008
0.266031
0.266054
0.266077
0.266101
0.266124
0.266147
0.266170
0.266193
0.266216
0.266239
0.266262
0.266285
0.266308
0.266332
0.266355
0.266378
0.266401
0.266424
0.266447
0.266470
0.266493
0.266516
0.266540
0.266563
0.266586
0.266609
0.266632
0.266655
0.266678
0.266701
0.266724
0.266747
0.266771
0.266794
0.266817
0.266840
0.266863
0.266886
0.266909
0.266932
0.266955
0.266978
0.267001
0.267025
0.267048
0.267071
0.267094
0.267117
0.267140
0.267163
0.267186
0.267209
0.267232
0.267256
0.267279
0.267302
0.267325
0.267348
0.267371
0.267394
0.267417
0.267440
0.267463
0.267487
0.267510
0.267533
0.267556
0.267579
0.267602
0.267625
0.267648
0.267671
0.267694
0.267717
0.267741
0.267764
0.267787
0.267810
0.267833
0.267856
0.267879
0.267902
0.267925
0.267948
0.267971
0.267995
0.268018
0.268041
0.268064
0.268087
0.268110
0.268133
0.268156
0.268179
0.268202
0.268225
0.268249
0.268272
0.268295
0.268318
0.268341
0.268364
0.268387
0.268410
0.268433
0.268456
0.268479
0.268503
0.268526
0.268549
0.268572
0.268595
0.268618
0.268641
0.268664
0.268687
0.268710
0.268733
0.268757
0.268780
0.268803
0.268826
0.268849
0.268872
0.268895
0.268918
0.268941
0.268964
0.268987
0.269010
0.269034
0.269057
0.269080
0.269103
0.269126
0.269149
0.269172
0.269195
0.269218
0.269241
0.269264
0.269287
0.269311
0.269334
0.269357
0.269380
0.269403
0.269426
0.269449
0.269472
0.269495
0.269518
0.269541
0.269564
0.269588
0.269611
0.269634
0.269657
0.269680
0.269703
0.269726
0.269749
0.269772
0.269795
0.269818
0.269841
0.269865
0.269888
0.269911
0.269934
0.269957
0.269980
0.270003
0.270026
0.270049
0.270072
0.270095
0.270118
0.270141
0.270165
0.270188
0.270211
0.270234
0.270257
0.270280
0.270303
0.270326
0.270349
0.270372
0.270395
0.270418
0.270441
0.270465
0.270488
0.270511
0.270534
0.270557
0.270580
0.270603
0.270626
0.270649
0.270672
0.270695
0.270718
0.270741
0.270764
0.270788
0.270811
0.270834
0.270857
0.270880
0.270903
0.270926
0.270949
0.270972
0.270995
0.271018
0.271041
0.271064
0.271087
0.271111
0.271134
0.271157
0.271180
0.271203
0.271226
0.271249
0.271272
0.271295
0.271318
0.271341
0.271364
0.271387
0.271410
0.271434
0.271457
0.271480
0.271503
0.271526
0.271549
0.271572
0.271595
0.271618
0.271641
0.271664
0.271687
0.271710
0.271733
0.271756
0.271780
0.271803
0.271826
0.271849
0.271872
0.271895
0.271918
0.271941
0.271964
0.271987
0.272010
0.272033
0.272056
0.272079
0.272102
0.272126
0.272149
0.272172
0.272195
0.272218
0.272241
0.272264
0.272287
0.272310
0.272333
0.272356
0.272379
0.272402
0.272425
0.272448
0.272471
0.272495
0.272518
0.272541
0.272564
0.272587
0.272610
0.272633
0.272656
0.272679
0.272702
0.272725
0.272748
0.272771
0.272794
0.272817
0.272840
0.272863
0.272887
0.272910
0.272933
0.272956
0.272979
0.273002
0.273025
0.273048
0.273071
0.273094
0.273117
0.273140
0.273163
0.273186
0.273209
0.273232
0.273255
0.273279
0.273302
0.273325
0.273348
0.273371
0.273394
0.273417
0.273440
0.273463
0.273486
0.273509
0.273532
0.273555
0.273578
0.273601
0.273624
0.273647
0.273670
0.273694
0.273717
0.273740
0.273763
0.273786
0.273809
0.273832
0.273855
0.273878
0.273901
0.273924
0.273947
0.273970
0.273993
0.274016
0.274039
0.274062
0.274085
0.274108
0.274131
0.274155
0.274178
0.274201
0.274224
0.274247
0.274270
0.274293
0.274316
0.274339
0.274362
0.274385
0.274408
0.274431
0.274454
0.274477
0.274500
0.274523
0.274546
0.274569
0.274592
0.274616
0.274639
0.274662
0.274685
0.274708
0.274731
0.274754
0.274777
0.274800
0.274823
0.274846
0.274869
0.274892
0.274915
0.274938
0.274961
0.274984
0.275007
0.275030
0.275053
0.275076
0.275099
0.275123
0.275146
0.275169
0.275192
0.275215
0.275238
0.275261
0.275284
0.275307
0.275330
0.275353
0.275376
0.275399
0.275422
0.275445
0.275468
0.275491
0.275514
0.275537
0.275560
0.275583
0.275606
0.275629
0.275652
0.275675
0.275699
0.275722
0.275745
0.275768
0.275791
0.275814
0.275837
0.275860
0.275883
0.275906
0.275929
0.275952
0.275975
0.275998
0.276021
0.276044
0.276067
0.276090
0.276113
0.276136
0.276159
0.276182
0.276205
0.276228
0.276251
0.276274
0.276298
0.276321
0.276344
0.276367
0.276390
0.276413
0.276436
0.276459
0.276482
0.276505
0.276528
0.276551
0.276574
0.276597
0.276620
0.276643
0.276666
0.276689
0.276712
0.276735
0.276758
0.276781
0.276804
0.276827
0.276850
0.276873
0.276896
0.276919
0.276942
0.276965
0.276989
0.277012
0.277035
0.277058
0.277081
0.277104
0.277127
0.277150
0.277173
0.277196
0.277219
0.277242
0.277265
0.277288
0.277311
0.277334
0.277357
0.277380
0.277403
0.277426
0.277449
0.277472
0.277495
0.277518
0.277541
0.277564
0.277587
0.277610
0.277633
0.277656
0.277679
0.277702
0.277725
0.277748
0.277771
0.277794
0.277818
0.277841
0.277864
0.277887
0.277910
0.277933
0.277956
0.277979
0.278002
0.278025
0.278048
0.278071
0.278094
0.278117
0.278140
0.278163
0.278186
0.278209
0.278232
0.278255
0.278278
0.278301
0.278324
0.278347
0.278370
0.278393
0.278416
0.278439
0.278462
0.278485
0.278508
0.278531
0.278554
0.278577
0.278600
0.278623
0.278646
0.278669
0.278692
0.278715
0.278738
0.278761
0.278784
0.278807
0.278830
0.278853
0.278876
0.278899
0.278923
0.278946
0.278969
0.278992
0.279015
0.279038
0.279061
0.279084
0.279107
0.279130
0.279153
0.279176
0.279199
0.279222
0.279245
0.279268
0.279291
0.279314
0.279337
0.279360
0.279383
0.279406
0.279429
0.279452
0.279475
0.279498
0.279521
0.279544
0.279567
0.279590
0.279613
0.279636
0.279659
0.279682
0.279705
0.279728
0.279751
0.279774
0.279797
0.279820
0.279843
0.279866
0.279889
0.279912
0.279935
0.279958
0.279981
0.280004
0.280027
0.280050
0.280073
0.280096
0.280119
0.280142
0.280165
0.280188
0.280211
0.280234
0.280257
0.280280
0.280303
0.280326
0.280349
0.280372
0.280395
0.280418
0.280441
0.280464
0.280487
0.280510
0.280533
0.280556
0.280579
0.280602
0.280625
0.280648
0.280671
0.280694
0.280717
0.280740
0.280763
0.280786
0.280809
0.280832
0.280855
0.280878
0.280901
0.280924
0.280947
0.280970
0.280993
0.281016
0.281039
0.281062
0.281085
0.281108
0.281131
0.281154
0.281177
0.281200
0.281223
0.281246
0.281269
0.281292
0.281315
0.281338
0.281361
0.281384
0.281407
0.281430
0.281453
0.281476
0.281499
0.281522
0.281545
0.281568
0.281591
0.281614
0.281637
0.281660
0.281683
0.281706
0.281729
0.281752
0.281775
0.281798
0.281821
0.281844
0.281867
0.281890
0.281913
0.281936
0.281959
0.281982
0.282005
0.282028
0.282051
0.282074
0.282097
0.282120
0.282143
0.282166
0.282189
0.282212
0.282235
0.282258
0.282281
0.282304
0.282327
0.282350
0.282373
0.282396
0.282419
0.282442
0.282465
0.282488
0.282511
0.282534
0.282557
0.282580
0.282603
0.282626
0.282649
0.282672
0.282695
0.282718
0.282741
0.282764
0.282787
0.282810
0.282833
0.282856
0.282879
0.282902
0.282925
0.282948
0.282971
0.282994
0.283017
0.283040
0.283063
0.283086
0.283109
0.283132
0.283155
0.283178
0.283201
0.283224
0.283247
0.283270
0.283293
0.283316
0.283339
0.283362
0.283385
0.283408
0.283431
0.283454
0.283477
0.283500
0.283523
0.283546
0.283569
0.283592
0.283615
0.283638
0.283661
0.283684
0.283707
0.283730
0.283753
0.283776
0.283799
0.283822
0.283845
0.283867
0.283890
0.283913
0.283936
0.283959
0.283982
0.284005
0.284028
0.284051
0.284074
0.284097
0.284120
0.284143
0.284166
0.284189
0.284212
0.284235
0.284258
0.284281
0.284304
0.284327
0.284350
0.284373
0.284396
0.284419
0.284442
0.284465
0.284488
0.284511
0.284534
0.284557
0.284580
0.284603
0.284626
0.284649
0.284672
0.284695
0.284718
0.284741
0.284764
0.284787
0.284810
0.284833
0.284856
0.284879
0.284902
0.284925
0.284947
0.284970
0.284993
0.285016
0.285039
0.285062
0.285085
0.285108
0.285131
0.285154
0.285177
0.285200
0.285223
0.285246
0.285269
0.285292
0.285315
0.285338
0.285361
0.285384
0.285407
0.285430
0.285453
0.285476
0.285499
0.285522
0.285545
0.285568
0.285591
0.285614
0.285637
0.285660
0.285683
0.285706
0.285729
0.285752
0.285774
0.285797
0.285820
0.285843
0.285866
0.285889
0.285912
0.285935
0.285958
0.285981
0.286004
0.286027
0.286050
0.286073
0.286096
0.286119
0.286142
0.286165
0.286188
0.286211
0.286234
0.286257
0.286280
0.286303
0.286326
0.286349
0.286372
0.286395
0.286418
0.286441
0.286463
0.286486
0.286509
0.286532
0.286555
0.286578
0.286601
0.286624
0.286647
0.286670
0.286693
0.286716
0.286739
0.286762
0.286785
0.286808
0.286831
0.286854
0.286877
0.286900
0.286923
0.286946
0.286969
0.286992
0.287015
0.287038
0.287060
0.287083
0.287106
0.287129
0.287152
0.287175
0.287198
0.287221
0.287244
0.287267
0.287290
0.287313
0.287336
0.287359
0.287382
0.287405
0.287428
0.287451
0.287474
0.287497
0.287520
0.287543
0.287566
0.287589
0.287611
0.287634
0.287657
0.287680
0.287703
0.287726
0.287749
0.287772
0.287795
0.287818
0.287841
0.287864
0.287887
0.287910
0.287933
0.287956
0.287979
0.288002
0.288025
0.288048
0.288071
0.288093
0.288116
0.288139
0.288162
0.288185
0.288208
0.288231
0.288254
0.288277
0.288300
0.288323
0.288346
0.288369
0.288392
0.288415
0.288438
0.288461
0.288484
0.288507
0.288530
0.288553
0.288575
0.288598
0.288621
0.288644
0.288667
0.288690
0.288713
0.288736
0.288759
0.288782
0.288805
0.288828
0.288851
0.288874
0.288897
0.288920
0.288943
0.288966
0.288989
0.289011
0.289034
0.289057
0.289080
0.289103
0.289126
0.289149
0.289172
0.289195
0.289218
0.289241
0.289264
0.289287
0.289310
0.289333
0.289356
0.289379
0.289402
0.289424
0.289447
0.289470
0.289493
0.289516
0.289539
0.289562
0.289585
0.289608
0.289631
0.289654
0.289677
0.289700
0.289723
0.289746
0.289769
0.289792
0.289814
0.289837
0.289860
0.289883
0.289906
0.289929
0.289952
0.289975
0.289998
0.290021
0.290044
0.290067
0.290090
0.290113
0.290136
0.290159
0.290181
0.290204
0.290227
0.290250
0.290273
0.290296
0.290319
0.290342
0.290365
0.290388
0.290411
0.290434
0.290457
0.290480
0.290503
0.290526
0.290548
0.290571
0.290594
0.290617
0.290640
0.290663
0.290686
0.290709
0.290732
0.290755
0.290778
0.290801
0.290824
0.290847
0.290870
0.290892
0.290915
0.290938
0.290961
0.290984
0.291007
0.291030
0.291053
0.291076
0.291099
0.291122
0.291145
0.291168
0.291191
0.291213
0.291236
0.291259
0.291282
0.291305
0.291328
0.291351
0.291374
0.291397
0.291420
0.291443
0.291466
0.291489
0.291512
0.291534
0.291557
0.291580
0.291603
0.291626
0.291649
0.291672
0.291695
0.291718
0.291741
0.291764
0.291787
0.291810
0.291833
0.291855
0.291878
0.291901
0.291924
0.291947
0.291970
0.291993
0.292016
0.292039
0.292062
0.292085
0.292108
0.292131
0.292153
0.292176
0.292199
0.292222
0.292245
0.292268
0.292291
0.292314
0.292337
0.292360
0.292383
0.292406
0.292428
0.292451
0.292474
0.292497
0.292520
0.292543
0.292566
0.292589
0.292612
0.292635
0.292658
0.292681
0.292704
0.292726
0.292749
0.292772
0.292795
0.292818
0.292841
0.292864
0.292887
0.292910
0.292933
0.292956
0.292979
0.293001
0.293024
0.293047
0.293070
0.293093
0.293116
0.293139
0.293162
0.293185
0.293208
0.293231
0.293254
0.293276
0.293299
0.293322
0.293345
0.293368
0.293391
0.293414
0.293437
0.293460
0.293483
0.293506
0.293528
0.293551
0.293574
0.293597
0.293620
0.293643
0.293666
0.293689
0.293712
0.293735
0.293758
0.293781
0.293803
0.293826
0.293849
0.293872
0.293895
0.293918
0.293941
0.293964
0.293987
0.294010
0.294033
0.294055
0.294078
0.294101
0.294124
0.294147
0.294170
0.294193
0.294216
0.294239
0.294262
0.294285
0.294307
0.294330
0.294353
0.294376
0.294399
0.294422
0.294445
0.294468
0.294491
0.294514
0.294536
0.294559
0.294582
0.294605
0.294628
0.294651
0.294674
0.294697
0.294720
0.294743
0.294766
0.294788
0.294811
0.294834
0.294857
0.294880
0.294903
0.294926
0.294949
0.294972
0.294995
0.295017
0.295040
0.295063
0.295086
0.295109
0.295132
0.295155
0.295178
0.295201
0.295224
0.295246
0.295269
0.295292
0.295315
0.295338
0.295361
0.295384
0.295407
0.295430
0.295453
0.295475
0.295498
0.295521
0.295544
0.295567
0.295590
0.295613
0.295636
0.295659
0.295682
0.295704
0.295727
0.295750
0.295773
0.295796
0.295819
0.295842
0.295865
0.295888
0.295910
0.295933
0.295956
0.295979
0.296002
0.296025
0.296048
0.296071
0.296094
0.296117
0.296139
0.296162
0.296185
0.296208
0.296231
0.296254
0.296277
0.296300
0.296323
0.296345
0.296368
0.296391
0.296414
0.296437
0.296460
0.296483
0.296506
0.296529
0.296551
0.296574
0.296597
0.296620
0.296643
0.296666
0.296689
0.296712
0.296735
0.296757
0.296780
0.296803
0.296826
0.296849
0.296872
0.296895
0.296918
0.296941
0.296963
0.296986
0.297009
0.297032
0.297055
0.297078
0.297101
0.297124
0.297147
0.297169
0.297192
0.297215
0.297238
0.297261
0.297284
0.297307
0.297330
0.297353
0.297375
0.297398
0.297421
0.297444
0.297467
0.297490
0.297513
0.297536
0.297559
0.297581
0.297604
0.297627
0.297650
0.297673
0.297696
0.297719
0.297742
0.297764
0.297787
0.297810
0.297833
0.297856
0.297879
0.297902
0.297925
0.297947
0.297970
0.297993
0.298016
0.298039
0.298062
0.298085
0.298108
0.298131
0.298153
0.298176
0.298199
0.298222
0.298245
0.298268
0.298291
0.298314
0.298336
0.298359
0.298382
0.298405
0.298428
0.298451
0.298474
0.298497
0.298519
0.298542
0.298565
0.298588
0.298611
0.298634
0.298657
0.298680
0.298702
0.298725
0.298748
0.298771
0.298794
0.298817
0.298840
0.298863
0.298885
0.298908
0.298931
0.298954
0.298977
0.299000
0.299023
0.299046
0.299068
0.299091
0.299114
0.299137
0.299160
0.299183
0.299206
0.299228
0.299251
0.299274
0.299297
0.299320
0.299343
0.299366
0.299389
0.299411
0.299434
0.299457
0.299480
0.299503
0.299526
0.299549
0.299572
0.299594
0.299617
0.299640
0.299663
0.299686
0.299709
0.299732
0.299754
0.299777
0.299800
0.299823
0.299846
0.299869
0.299892
0.299915
0.299937
0.299960
0.299983
0.300006
0.300029
0.300052
0.300075
0.300097
0.300120
0.300143
0.300166
0.300189
0.300212
0.300235
0.300257
0.300280
0.300303
0.300326
0.300349
0.300372
0.300395
0.300418
0.300440
0.300463
0.300486
0.300509
0.300532
0.300555
0.300578
0.300600
0.300623
0.300646
0.300669
0.300692
0.300715
0.300738
0.300760
0.300783
0.300806
0.300829
0.300852
0.300875
0.300898
0.300920
0.300943
0.300966
0.300989
0.301012
0.301035
0.301058
0.301080
0.301103
0.301126
0.301149
0.301172
0.301195
0.301218
0.301240
0.301263
0.301286
0.301309
0.301332
0.301355
0.301378
0.301400
0.301423
0.301446
0.301469
0.301492
0.301515
0.301538
0.301560
0.301583
0.301606
0.301629
0.301652
0.301675
0.301697
0.301720
0.301743
0.301766
0.301789
0.301812
0.301835
0.301857
0.301880
0.301903
0.301926
0.301949
0.301972
0.301995
0.302017
0.302040
0.302063
0.302086
0.302109
0.302132
0.302154
0.302177
0.302200
0.302223
0.302246
0.302269
0.302292
0.302314
0.302337
0.302360
0.302383
0.302406
0.302429
0.302451
0.302474
0.302497
0.302520
0.302543
0.302566
0.302589
0.302611
0.302634
0.302657
0.302680
0.302703
0.302726
0.302748
0.302771
0.302794
0.302817
0.302840
0.302863
0.302886
0.302908
0.302931
0.302954
0.302977
0.303000
0.303023
0.303045
0.303068
0.303091
0.303114
0.303137
0.303160
0.303182
0.303205
0.303228
0.303251
0.303274
0.303297
0.303319
0.303342
0.303365
0.303388
0.303411
0.303434
0.303457
0.303479
0.303502
0.303525
0.303548
0.303571
0.303594
0.303616
0.303639
0.303662
0.303685
0.303708
0.303731
0.303753
0.303776
0.303799
0.303822
0.303845
0.303868
0.303890
0.303913
0.303936
0.303959
0.303982
0.304005
0.304027
0.304050
0.304073
0.304096
0.304119
0.304142
0.304164
0.304187
0.304210
0.304233
0.304256
0.304279
0.304301
0.304324
0.304347
0.304370
0.304393
0.304416
0.304438
0.304461
0.304484
0.304507
0.304530
0.304553
0.304575
0.304598
0.304621
0.304644
0.304667
0.304690
0.304712
0.304735
0.304758
0.304781
0.304804
0.304827
0.304849
0.304872
0.304895
0.304918
0.304941
0.304963
0.304986
0.305009
0.305032
0.305055
0.305078
0.305100
0.305123
0.305146
0.305169
0.305192
0.305215
0.305237
0.305260
0.305283
0.305306
0.305329
0.305351
0.305374
0.305397
0.305420
0.305443
0.305466
0.305488
0.305511
0.305534
0.305557
0.305580
0.305603
0.305625
0.305648
0.305671
0.305694
0.305717
0.305739
0.305762
0.305785
0.305808
0.305831
0.305854
0.305876
0.305899
0.305922
0.305945
0.305968
0.305990
0.306013
0.306036
0.306059
0.306082
0.306105
0.306127
0.306150
0.306173
0.306196
0.306219
0.306241
0.306264
0.306287
0.306310
0.306333
0.306356
0.306378
0.306401
0.306424
0.306447
0.306470
0.306492
0.306515
0.306538
0.306561
0.306584
0.306607
0.306629
0.306652
0.306675
0.306698
0.306721
0.306743
0.306766
0.306789
0.306812
0.306835
0.306857
0.306880
0.306903
0.306926
0.306949
0.306972
0.306994
0.307017
0.307040
0.307063
0.307086
0.307108
0.307131
0.307154
0.307177
0.307200
0.307222
0.307245
0.307268
0.307291
0.307314
0.307336
0.307359
0.307382
0.307405
0.307428
0.307451
0.307473
0.307496
0.307519
0.307542
0.307565
0.307587
0.307610
0.307633
0.307656
0.307679
0.307701
0.307724
0.307747
0.307770
0.307793
0.307815
0.307838
0.307861
0.307884
0.307907
0.307929
0.307952
0.307975
0.307998
0.308021
0.308043
0.308066
0.308089
0.308112
0.308135
0.308157
0.308180
0.308203
0.308226
0.308249
0.308271
0.308294
0.308317
0.308340
0.308363
0.308385
0.308408
0.308431
0.308454
0.308477
0.308499
0.308522
0.308545
0.308568
0.308591
0.308613
0.308636
0.308659
0.308682
0.308705
0.308727
0.308750
0.308773
0.308796
0.308819
0.308841
0.308864
0.308887
0.308910
0.308933
0.308955
0.308978
0.309001
0.309024
0.309047
0.309069
0.309092
0.309115
0.309138
0.309161
0.309183
0.309206
0.309229
0.309252
0.309275
0.309297
0.309320
0.309343
0.309366
0.309389
0.309411
0.309434
0.309457
0.309480
0.309502
0.309525
0.309548
0.309571
0.309594
0.309616
0.309639
0.309662
0.309685
0.309708
0.309730
0.309753
0.309776
0.309799
0.309822
0.309844
0.309867
0.309890
0.309913
0.309936
0.309958
0.309981
0.310004
0.310027
0.310049
0.310072
0.310095
0.310118
0.310141
0.310163
0.310186
0.310209
0.310232
0.310255
0.310277
0.310300
0.310323
0.310346
0.310368
0.310391
0.310414
0.310437
0.310460
0.310482
0.310505
0.310528
0.310551
0.310574
0.310596
0.310619
0.310642
0.310665
0.310687
0.310710
0.310733
0.310756
0.310779
0.310801
0.310824
0.310847
0.310870
0.310892
0.310915
0.310938
0.310961
0.310984
0.311006
0.311029
0.311052
0.311075
0.311097
0.311120
0.311143
0.311166
0.311189
0.311211
0.311234
0.311257
0.311280
0.311302
0.311325
0.311348
0.311371
0.311394
0.311416
0.311439
0.311462
0.311485
0.311507
0.311530
0.311553
0.311576
0.311599
0.311621
0.311644
0.311667
0.311690
0.311712
0.311735
0.311758
0.311781
0.311804
0.311826
0.311849
0.311872
0.311895
0.311917
0.311940
0.311963
0.311986
0.312008
0.312031
0.312054
0.312077
0.312100
0.312122
0.312145
0.312168
0.312191
0.312213
0.312236
0.312259
0.312282
0.312305
0.312327
0.312350
0.312373
0.312396
0.312418
0.312441
0.312464
0.312487
0.312509
0.312532
0.312555
0.312578
0.312600
0.312623
0.312646
0.312669
0.312692
0.312714
0.312737
0.312760
0.312783
0.312805
0.312828
0.312851
0.312874
0.312896
0.312919
0.312942
0.312965
0.312988
0.313010
0.313033
0.313056
0.313079
0.313101
0.313124
0.313147
0.313170
0.313192
0.313215
0.313238
0.313261
0.313283
0.313306
0.313329
0.313352
0.313374
0.313397
0.313420
0.313443
0.313466
0.313488
0.313511
0.313534
0.313557
0.313579
0.313602
0.313625
0.313648
0.313670
0.313693
0.313716
0.313739
0.313761
0.313784
0.313807
0.313830
0.313852
0.313875
0.313898
0.313921
0.313943
0.313966
0.313989
0.314012
0.314034
0.314057
0.314080
0.314103
0.314126
0.314148
0.314171
0.314194
0.314217
0.314239
0.314262
0.314285
0.314308
0.314330
0.314353
0.314376
0.314399
0.314421
0.314444
0.314467
0.314490
0.314512
0.314535
0.314558
0.314581
0.314603
0.314626
0.314649
0.314672
0.314694
0.314717
0.314740
0.314763
0.314785
0.314808
0.314831
0.314854
0.314876
0.314899
0.314922
0.314945
0.314967
0.314990
0.315013
0.315036
0.315058
0.315081
0.315104
0.315127
0.315149
0.315172
0.315195
0.315218
0.315240
0.315263
0.315286
0.315309
0.315331
0.315354
0.315377
0.315400
0.315422
0.315445
0.315468
0.315490
0.315513
0.315536
0.315559
0.315581
0.315604
0.315627
0.315650
0.315672
0.315695
0.315718
0.315741
0.315763
0.315786
0.315809
0.315832
0.315854
0.315877
0.315900
0.315923
0.315945
0.315968
0.315991
0.316014
0.316036
0.316059
0.316082
0.316105
0.316127
0.316150
0.316173
0.316195
0.316218
0.316241
0.316264
0.316286
0.316309
0.316332
0.316355
0.316377
0.316400
0.316423
0.316446
0.316468
0.316491
0.316514
0.316537
0.316559
0.316582
0.316605
0.316627
0.316650
0.316673
0.316696
0.316718
0.316741
0.316764
0.316787
0.316809
0.316832
0.316855
0.316878
0.316900
0.316923
0.316946
0.316968
0.316991
0.317014
0.317037
0.317059
0.317082
0.317105
0.317128
0.317150
0.317173
0.317196
0.317219
0.317241
0.317264
0.317287
0.317309
0.317332
0.317355
0.317378
0.317400
0.317423
0.317446
0.317469
0.317491
0.317514
0.317537
0.317559
0.317582
0.317605
0.317628
0.317650
0.317673
0.317696
0.317719
0.317741
0.317764
0.317787
0.317809
0.317832
0.317855
0.317878
0.317900
0.317923
0.317946
0.317969
0.317991
0.318014
0.318037
0.318059
0.318082
0.318105
0.318128
0.318150
0.318173
0.318196
0.318219
0.318241
0.318264
0.318287
0.318309
0.318332
0.318355
0.318378
0.318400
0.318423
0.318446
0.318468
0.318491
0.318514
0.318537
0.318559
0.318582
0.318605
0.318627
0.318650
0.318673
0.318696
0.318718
0.318741
0.318764
0.318787
0.318809
0.318832
0.318855
0.318877
0.318900
0.318923
0.318946
0.318968
0.318991
0.319014
0.319036
0.319059
0.319082
0.319105
0.319127
0.319150
0.319173
0.319195
0.319218
0.319241
0.319264
0.319286
0.319309
0.319332
0.319354
0.319377
0.319400
0.319423
0.319445
0.319468
0.319491
0.319513
0.319536
0.319559
0.319582
0.319604
0.319627
0.319650
0.319672
0.319695
0.319718
0.319740
0.319763
0.319786
0.319809
0.319831
0.319854
0.319877
0.319899
0.319922
0.319945
0.319968
0.319990
0.320013
0.320036
0.320058
0.320081
0.320104
0.320127
0.320149
0.320172
0.320195
0.320217
0.320240
0.320263
0.320285
0.320308
0.320331
0.320354
0.320376
0.320399
0.320422
0.320444
0.320467
0.320490
0.320513
0.320535
0.320558
0.320581
0.320603
0.320626
0.320649
0.320671
0.320694
0.320717
0.320740
0.320762
0.320785
0.320808
0.320830
0.320853
0.320876
0.320898
0.320921
0.320944
0.320967
0.320989
0.321012
0.321035
0.321057
0.321080
0.321103
0.321125
0.321148
0.321171
0.321194
0.321216
0.321239
0.321262
0.321284
0.321307
0.321330
0.321352
0.321375
0.321398
0.321421
0.321443
0.321466
0.321489
0.321511
0.321534
0.321557
0.321579
0.321602
0.321625
0.321648
0.321670
0.321693
0.321716
0.321738
0.321761
0.321784
0.321806
0.321829
0.321852
0.321874
0.321897
0.321920
0.321943
0.321965
0.321988
0.322011
0.322033
0.322056
0.322079
0.322101
0.322124
0.322147
0.322169
0.322192
0.322215
0.322238
0.322260
0.322283
0.322306
0.322328
0.322351
0.322374
0.322396
0.322419
0.322442
0.322464
0.322487
0.322510
0.322532
0.322555
0.322578
0.322601
0.322623
0.322646
0.322669
0.322691
0.322714
0.322737
0.322759
0.322782
0.322805
0.322827
0.322850
0.322873
0.322895
0.322918
0.322941
0.322963
0.322986
0.323009
0.323032
0.323054
0.323077
0.323100
0.323122
0.323145
0.323168
0.323190
0.323213
0.323236
0.323258
0.323281
0.323304
0.323326
0.323349
0.323372
0.323394
0.323417
0.323440
0.323462
0.323485
0.323508
0.323531
0.323553
0.323576
0.323599
0.323621
0.323644
0.323667
0.323689
0.323712
0.323735
0.323757
0.323780
0.323803
0.323825
0.323848
0.323871
0.323893
0.323916
0.323939
0.323961
0.323984
0.324007
0.324029
0.324052
0.324075
0.324097
0.324120
0.324143
0.324165
0.324188
0.324211
0.324234
0.324256
0.324279
0.324302
0.324324
0.324347
0.324370
0.324392
0.324415
0.324438
0.324460
0.324483
0.324506
0.324528
0.324551
0.324574
0.324596
0.324619
0.324642
0.324664
0.324687
0.324710
0.324732
0.324755
0.324778
0.324800
0.324823
0.324846
0.324868
0.324891
0.324914
0.324936
0.324959
0.324982
0.325004
0.325027
0.325050
0.325072
0.325095
0.325118
0.325140
0.325163
0.325186
0.325208
0.325231
0.325254
0.325276
0.325299
0.325322
0.325344
0.325367
0.325390
0.325412
0.325435
0.325458
0.325480
0.325503
0.325526
0.325548
0.325571
0.325594
0.325616
0.325639
0.325662
0.325684
0.325707
0.325730
0.325752
0.325775
0.325798
0.325820
0.325843
0.325866
0.325888
0.325911
0.325934
0.325956
0.325979
0.326001
0.326024
0.326047
0.326069
0.326092
0.326115
0.326137
0.326160
0.326183
0.326205
0.326228
0.326251
0.326273
0.326296
0.326319
0.326341
0.326364
0.326387
0.326409
0.326432
0.326455
0.326477
0.326500
0.326523
0.326545
0.326568
0.326591
0.326613
0.326636
0.326659
0.326681
0.326704
0.326726
0.326749
0.326772
0.326794
0.326817
0.326840
0.326862
0.326885
0.326908
0.326930
0.326953
0.326976
0.326998
0.327021
0.327044
0.327066
0.327089
0.327112
0.327134
0.327157
0.327179
0.327202
0.327225
0.327247
0.327270
0.327293
0.327315
0.327338
0.327361
0.327383
0.327406
0.327429
0.327451
0.327474
0.327497
0.327519
0.327542
0.327565
0.327587
0.327610
0.327632
0.327655
0.327678
0.327700
0.327723
0.327746
0.327768
0.327791
0.327814
0.327836
0.327859
0.327882
0.327904
0.327927
0.327949
0.327972
0.327995
0.328017
0.328040
0.328063
0.328085
0.328108
0.328131
0.328153
0.328176
0.328199
0.328221
0.328244
0.328266
0.328289
0.328312
0.328334
0.328357
0.328380
0.328402
0.328425
0.328448
0.328470
0.328493
0.328515
0.328538
0.328561
0.328583
0.328606
0.328629
0.328651
0.328674
0.328697
0.328719
0.328742
0.328764
0.328787
0.328810
0.328832
0.328855
0.328878
0.328900
0.328923
0.328946
0.328968
0.328991
0.329013
0.329036
0.329059
0.329081
0.329104
0.329127
0.329149
0.329172
0.329195
0.329217
0.329240
0.329262
0.329285
0.329308
0.329330
0.329353
0.329376
0.329398
0.329421
0.329443
0.329466
0.329489
0.329511
0.329534
0.329557
0.329579
0.329602
0.329625
0.329647
0.329670
0.329692
0.329715
0.329738
0.329760
0.329783
0.329806
0.329828
0.329851
0.329873
0.329896
0.329919
0.329941
0.329964
0.329987
0.330009
0.330032
0.330054
0.330077
0.330100
0.330122
0.330145
0.330168
0.330190
0.330213
0.330235
0.330258
0.330281
0.330303
0.330326
0.330349
0.330371
0.330394
0.330416
0.330439
0.330462
0.330484
0.330507
0.330530
0.330552
0.330575
0.330597
0.330620
0.330643
0.330665
0.330688
0.330710
0.330733
0.330756
0.330778
0.330801
0.330824
0.330846
0.330869
0.330891
0.330914
0.330937
0.330959
0.330982
0.331005
0.331027
0.331050
0.331072
0.331095
0.331118
0.331140
0.331163
0.331185
0.331208
0.331231
0.331253
0.331276
0.331299
0.331321
0.331344
0.331366
0.331389
0.331412
0.331434
0.331457
0.331479
0.331502
0.331525
0.331547
0.331570
0.331593
0.331615
0.331638
0.331660
0.331683
0.331706
0.331728
0.331751
0.331773
0.331796
0.331819
0.331841
0.331864
0.331886
0.331909
0.331932
0.331954
0.331977
0.332000
0.332022
0.332045
0.332067
0.332090
0.332113
0.332135
0.332158
0.332180
0.332203
0.332226
0.332248
0.332271
0.332293
0.332316
0.332339
0.332361
0.332384
0.332406
0.332429
0.332452
0.332474
0.332497
0.332519
0.332542
0.332565
0.332587
0.332610
0.332632
0.332655
0.332678
0.332700
0.332723
0.332745
0.332768
0.332791
0.332813
0.332836
0.332859
0.332881
0.332904
0.332926
0.332949
0.332972
0.332994
0.333017
0.333039
0.333062
0.333085
0.333107
0.333130
0.333152
0.333175
0.333198
0.333220
0.333243
0.333265
0.333288
0.333311
0.333333
0.333356
0.333378
0.333401
0.333423
0.333446
0.333469
0.333491
0.333514
0.333536
0.333559
0.333582
0.333604
0.333627
0.333649
0.333672
0.333695
0.333717
0.333740
0.333762
0.333785
0.333808
0.333830
0.333853
0.333875
0.333898
0.333921
0.333943
0.333966
0.333988
0.334011
0.334034
0.334056
0.334079
0.334101
0.334124
0.334146
0.334169
0.334192
0.334214
0.334237
0.334259
0.334282
0.334305
0.334327
0.334350
0.334372
0.334395
0.334418
0.334440
0.334463
0.334485
0.334508
0.334531
0.334553
0.334576
0.334598
0.334621
0.334643
0.334666
0.334689
0.334711
0.334734
0.334756
0.334779
0.334802
0.334824
0.334847
0.334869
0.334892
0.334914
0.334937
0.334960
0.334982
0.335005
0.335027
0.335050
0.335073
0.335095
0.335118
0.335140
0.335163
0.335185
0.335208
0.335231
0.335253
0.335276
0.335298
0.335321
0.335344
0.335366
0.335389
0.335411
0.335434
0.335456
0.335479
0.335502
0.335524
0.335547
0.335569
0.335592
0.335614
0.335637
0.335660
0.335682
0.335705
0.335727
0.335750
0.335773
0.335795
0.335818
0.335840
0.335863
0.335885
0.335908
0.335931
0.335953
0.335976
0.335998
0.336021
0.336043
0.336066
0.336089
0.336111
0.336134
0.336156
0.336179
0.336201
0.336224
0.336247
0.336269
0.336292
0.336314
0.336337
0.336359
0.336382
0.336405
0.336427
0.336450
0.336472
0.336495
0.336517
0.336540
0.336563
0.336585
0.336608
0.336630
0.336653
0.336675
0.336698
0.336721
0.336743
0.336766
0.336788
0.336811
0.336833
0.336856
0.336879
0.336901
0.336924
0.336946
0.336969
0.336991
0.337014
0.337037
0.337059
0.337082
0.337104
0.337127
0.337149
0.337172
0.337194
0.337217
0.337240
0.337262
0.337285
0.337307
0.337330
0.337352
0.337375
0.337398
0.337420
0.337443
0.337465
0.337488
0.337510
0.337533
0.337556
0.337578
0.337601
0.337623
0.337646
0.337668
0.337691
0.337713
0.337736
0.337759
0.337781
0.337804
0.337826
0.337849
0.337871
0.337894
0.337916
0.337939
0.337962
0.337984
0.338007
0.338029
0.338052
0.338074
0.338097
0.338119
0.338142
0.338165
0.338187
0.338210
0.338232
0.338255
0.338277
0.338300
0.338322
0.338345
0.338368
0.338390
0.338413
0.338435
0.338458
0.338480
0.338503
0.338525
0.338548
0.338571
0.338593
0.338616
0.338638
0.338661
0.338683
0.338706
0.338728
0.338751
0.338774
0.338796
0.338819
0.338841
0.338864
0.338886
0.338909
0.338931
0.338954
0.338977
0.338999
0.339022
0.339044
0.339067
0.339089
0.339112
0.339134
0.339157
0.339179
0.339202
0.339225
0.339247
0.339270
0.339292
0.339315
0.339337
0.339360
0.339382
0.339405
0.339427
0.339450
0.339473
0.339495
0.339518
0.339540
0.339563
0.339585
0.339608
0.339630
0.339653
0.339675
0.339698
0.339721
0.339743
0.339766
0.339788
0.339811
0.339833
0.339856
0.339878
0.339901
0.339923
0.339946
0.339968
0.339991
0.340014
0.340036
0.340059
0.340081
0.340104
0.340126
0.340149
0.340171
0.340194
0.340216
0.340239
0.340262
0.340284
0.340307
0.340329
0.340352
0.340374
0.340397
0.340419
0.340442
0.340464
0.340487
0.340509
0.340532
0.340554
0.340577
0.340600
0.340622
0.340645
0.340667
0.340690
0.340712
0.340735
0.340757
0.340780
0.340802
0.340825
0.340847
0.340870
0.340892
0.340915
0.340938
0.340960
0.340983
0.341005
0.341028
0.341050
0.341073
0.341095
0.341118
0.341140
0.341163
0.341185
0.341208
0.341230
0.341253
0.341276
0.341298
0.341321
0.341343
0.341366
0.341388
0.341411
0.341433
0.341456
0.341478
0.341501
0.341523
0.341546
0.341568
0.341591
0.341613
0.341636
0.341658
0.341681
0.341704
0.341726
0.341749
0.341771
0.341794
0.341816
0.341839
0.341861
0.341884
0.341906
0.341929
0.341951
0.341974
0.341996
0.342019
0.342041
0.342064
0.342086
0.342109
0.342132
0.342154
0.342177
0.342199
0.342222
0.342244
0.342267
0.342289
0.342312
0.342334
0.342357
0.342379
0.342402
0.342424
0.342447
0.342469
0.342492
0.342514
0.342537
0.342559
0.342582
0.342604
0.342627
0.342649
0.342672
0.342694
0.342717
0.342740
0.342762
0.342785
0.342807
0.342830
0.342852
0.342875
0.342897
0.342920
0.342942
0.342965
0.342987
0.343010
0.343032
0.343055
0.343077
0.343100
0.343122
0.343145
0.343167
0.343190
0.343212
0.343235
0.343257
0.343280
0.343302
0.343325
0.343347
0.343370
0.343392
0.343415
0.343437
0.343460
0.343482
0.343505
0.343527
0.343550
0.343573
0.343595
0.343618
0.343640
0.343663
0.343685
0.343708
0.343730
0.343753
0.343775
0.343798
0.343820
0.343843
0.343865
0.343888
0.343910
0.343933
0.343955
0.343978
0.344000
0.344023
0.344045
0.344068
0.344090
0.344113
0.344135
0.344158
0.344180
0.344203
0.344225
0.344248
0.344270
0.344293
0.344315
0.344338
0.344360
0.344383
0.344405
0.344428
0.344450
0.344473
0.344495
0.344518
0.344540
0.344563
0.344585
0.344608
0.344630
0.344653
0.344675
0.344698
0.344720
0.344743
0.344765
0.344788
0.344810
0.344833
0.344855
0.344878
0.344900
0.344923
0.344945
0.344968
0.344990
0.345013
0.345035
0.345058
0.345080
0.345103
0.345125
0.345148
0.345170
0.345193
0.345215
0.345238
0.345260
0.345283
0.345305
0.345328
0.345350
0.345373
0.345395
0.345418
0.345440
0.345463
0.345485
0.345508
0.345530
0.345553
0.345575
0.345598
0.345620
0.345643
0.345665
0.345688
0.345710
0.345733
0.345755
0.345777
0.345800
0.345822
0.345845
0.345867
0.345890
0.345912
0.345935
0.345957
0.345980
0.346002
0.346025
0.346047
0.346070
0.346092
0.346115
0.346137
0.346160
0.346182
0.346205
0.346227
0.346250
0.346272
0.346295
0.346317
0.346340
0.346362
0.346385
0.346407
0.346430
0.346452
0.346475
0.346497
0.346520
0.346542
0.346565
0.346587
0.346609
0.346632
0.346654
0.346677
0.346699
0.346722
0.346744
0.346767
0.346789
0.346812
0.346834
0.346857
0.346879
0.346902
0.346924
0.346947
0.346969
0.346992
0.347014
0.347037
0.347059
0.347082
0.347104
0.347127
0.347149
0.347171
0.347194
0.347216
0.347239
0.347261
0.347284
0.347306
0.347329
0.347351
0.347374
0.347396
0.347419
0.347441
0.347464
0.347486
0.347509
0.347531
0.347554
0.347576
0.347599
0.347621
0.347643
0.347666
0.347688
0.347711
0.347733
0.347756
0.347778
0.347801
0.347823
0.347846
0.347868
0.347891
0.347913
0.347936
0.347958
0.347981
0.348003
0.348025
0.348048
0.348070
0.348093
0.348115
0.348138
0.348160
0.348183
0.348205
0.348228
0.348250
0.348273
0.348295
0.348318
0.348340
0.348363
0.348385
0.348407
0.348430
0.348452
0.348475
0.348497
0.348520
0.348542
0.348565
0.348587
0.348610
0.348632
0.348655
0.348677
0.348699
0.348722
0.348744
0.348767
0.348789
0.348812
0.348834
0.348857
0.348879
0.348902
0.348924
0.348947
0.348969
0.348992
0.349014
0.349036
0.349059
0.349081
0.349104
0.349126
0.349149
0.349171
0.349194
0.349216
0.349239
0.349261
0.349283
0.349306
0.349328
0.349351
0.349373
0.349396
0.349418
0.349441
0.349463
0.349486
0.349508
0.349531
0.349553
0.349575
0.349598
0.349620
0.349643
0.349665
0.349688
0.349710
0.349733
0.349755
0.349778
0.349800
0.349822
0.349845
0.349867
0.349890
0.349912
0.349935
0.349957
0.349980
0.350002
0.350025
0.350047
0.350069
0.350092
0.350114
0.350137
0.350159
0.350182
0.350204
0.350227
0.350249
0.350271
0.350294
0.350316
0.350339
0.350361
0.350384
0.350406
0.350429
0.350451
0.350474
0.350496
0.350518
0.350541
0.350563
0.350586
0.350608
0.350631
0.350653
0.350676
0.350698
0.350720
0.350743
0.350765
0.350788
0.350810
0.350833
0.350855
0.350878
0.350900
0.350922
0.350945
0.350967
0.350990
0.351012
0.351035
0.351057
0.351080
0.351102
0.351124
0.351147
0.351169
0.351192
0.351214
0.351237
0.351259
0.351282
0.351304
0.351326
0.351349
0.351371
0.351394
0.351416
0.351439
0.351461
0.351483
0.351506
0.351528
0.351551
0.351573
0.351596
0.351618
0.351641
0.351663
0.351685
0.351708
0.351730
0.351753
0.351775
0.351798
0.351820
0.351842
0.351865
0.351887
0.351910
0.351932
0.351955
0.351977
0.352000
0.352022
0.352044
0.352067
0.352089
0.352112
0.352134
0.352157
0.352179
0.352201
0.352224
0.352246
0.352269
0.352291
0.352314
0.352336
0.352358
0.352381
0.352403
0.352426
0.352448
0.352471
0.352493
0.352515
0.352538
0.352560
0.352583
0.352605
0.352628
0.352650
0.352672
0.352695
0.352717
0.352740
0.352762
0.352785
0.352807
0.352829
0.352852
0.352874
0.352897
0.352919
0.352942
0.352964
0.352986
0.353009
0.353031
0.353054
0.353076
0.353099
0.353121
0.353143
0.353166
0.353188
0.353211
0.353233
0.353256
0.353278
0.353300
0.353323
0.353345
0.353368
0.353390
0.353413
0.353435
0.353457
0.353480
0.353502
0.353525
0.353547
0.353569
0.353592
0.353614
0.353637
0.353659
0.353682
0.353704
0.353726
0.353749
0.353771
0.353794
0.353816
0.353838
0.353861
0.353883
0.353906
0.353928
0.353951
0.353973
0.353995
0.354018
0.354040
0.354063
0.354085
0.354107
0.354130
0.354152
0.354175
0.354197
0.354220
0.354242
0.354264
0.354287
0.354309
0.354332
0.354354
0.354376
0.354399
0.354421
0.354444
0.354466
0.354489
0.354511
0.354533
0.354556
0.354578
0.354601
0.354623
0.354645
0.354668
0.354690
0.354713
0.354735
0.354757
0.354780
0.354802
0.354825
0.354847
0.354869
0.354892
0.354914
0.354937
0.354959
0.354982
0.355004
0.355026
0.355049
0.355071
0.355094
0.355116
0.355138
0.355161
0.355183
0.355206
0.355228
0.355250
0.355273
0.355295
0.355318
0.355340
0.355362
0.355385
0.355407
0.355430
0.355452
0.355474
0.355497
0.355519
0.355542
0.355564
0.355586
0.355609
0.355631
0.355654
0.355676
0.355698
0.355721
0.355743
0.355766
0.355788
0.355810
0.355833
0.355855
0.355878
0.355900
0.355922
0.355945
0.355967
0.355990
0.356012
0.356034
0.356057
0.356079
0.356102
0.356124
0.356146
0.356169
0.356191
0.356214
0.356236
0.356258
0.356281
0.356303
0.356326
0.356348
0.356370
0.356393
0.356415
0.356438
0.356460
0.356482
0.356505
0.356527
0.356550
0.356572
0.356594
0.356617
0.356639
0.356662
0.356684
0.356706
0.356729
0.356751
0.356773
0.356796
0.356818
0.356841
0.356863
0.356885
0.356908
0.356930
0.356953
0.356975
0.356997
0.357020
0.357042
0.357065
0.357087
0.357109
0.357132
0.357154
0.357176
0.357199
0.357221
0.357244
0.357266
0.357288
0.357311
0.357333
0.357356
0.357378
0.357400
0.357423
0.357445
0.357468
0.357490
0.357512
0.357535
0.357557
0.357579
0.357602
0.357624
0.357647
0.357669
0.357691
0.357714
0.357736
0.357758
0.357781
0.357803
0.357826
0.357848
0.357870
0.357893
0.357915
0.357938
0.357960
0.357982
0.358005
0.358027
0.358049
0.358072
0.358094
0.358117
0.358139
0.358161
0.358184
0.358206
0.358228
0.358251
0.358273
0.358296
0.358318
0.358340
0.358363
0.358385
0.358407
0.358430
0.358452
0.358475
0.358497
0.358519
0.358542
0.358564
0.358586
0.358609
0.358631
0.358654
0.358676
0.358698
0.358721
0.358743
0.358765
0.358788
0.358810
0.358833
0.358855
0.358877
0.358900
0.358922
0.358944
0.358967
0.358989
0.359012
0.359034
0.359056
0.359079
0.359101
0.359123
0.359146
0.359168
0.359191
0.359213
0.359235
0.359258
0.359280
0.359302
0.359325
0.359347
0.359369
0.359392
0.359414
0.359437
0.359459
0.359481
0.359504
0.359526
0.359548
0.359571
0.359593
0.359615
0.359638
0.359660
0.359683
0.359705
0.359727
0.359750
0.359772
0.359794
0.359817
0.359839
0.359861
0.359884
0.359906
0.359929
0.359951
0.359973
0.359996
0.360018
0.360040
0.360063
0.360085
0.360107
0.360130
0.360152
0.360175
0.360197
0.360219
0.360242
0.360264
0.360286
0.360309
0.360331
0.360353
0.360376
0.360398
0.360420
0.360443
0.360465
0.360488
0.360510
0.360532
0.360555
0.360577
0.360599
0.360622
0.360644
0.360666
0.360689
0.360711
0.360733
0.360756
0.360778
0.360801
0.360823
0.360845
0.360868
0.360890
0.360912
0.360935
0.360957
0.360979
0.361002
0.361024
0.361046
0.361069
0.361091
0.361113
0.361136
0.361158
0.361181
0.361203
0.361225
0.361248
0.361270
0.361292
0.361315
0.361337
0.361359
0.361382
0.361404
0.361426
0.361449
0.361471
0.361493
0.361516
0.361538
0.361560
0.361583
0.361605
0.361627
0.361650
0.361672
0.361695
0.361717
0.361739
0.361762
0.361784
0.361806
0.361829
0.361851
0.361873
0.361896
0.361918
0.361940
0.361963
0.361985
0.362007
0.362030
0.362052
0.362074
0.362097
0.362119
0.362141
0.362164
0.362186
0.362208
0.362231
0.362253
0.362275
0.362298
0.362320
0.362342
0.362365
0.362387
0.362409
0.362432
0.362454
0.362477
0.362499
0.362521
0.362544
0.362566
0.362588
0.362611
0.362633
0.362655
0.362678
0.362700
0.362722
0.362745
0.362767
0.362789
0.362812
0.362834
0.362856
0.362879
0.362901
0.362923
0.362946
0.362968
0.362990
0.363013
0.363035
0.363057
0.363080
0.363102
0.363124
0.363147
0.363169
0.363191
0.363214
0.363236
0.363258
0.363281
0.363303
0.363325
0.363348
0.363370
0.363392
0.363415
0.363437
0.363459
0.363482
0.363504
0.363526
0.363549
0.363571
0.363593
0.363615
0.363638
0.363660
0.363682
0.363705
0.363727
0.363749
0.363772
0.363794
0.363816
0.363839
0.363861
0.363883
0.363906
0.363928
0.363950
0.363973
0.363995
0.364017
0.364040
0.364062
0.364084
0.364107
0.364129
0.364151
0.364174
0.364196
0.364218
0.364241
0.364263
0.364285
0.364308
0.364330
0.364352
0.364375
0.364397
0.364419
0.364441
0.364464
0.364486
0.364508
0.364531
0.364553
0.364575
0.364598
0.364620
0.364642
0.364665
0.364687
0.364709
0.364732
0.364754
0.364776
0.364799
0.364821
0.364843
0.364866
0.364888
0.364910
0.364932
0.364955
0.364977
0.364999
0.365022
0.365044
0.365066
0.365089
0.365111
0.365133
0.365156
0.365178
0.365200
0.365223
0.365245
0.365267
0.365289
0.365312
0.365334
0.365356
0.365379
0.365401
0.365423
0.365446
0.365468
0.365490
0.365513
0.365535
0.365557
0.365580
0.365602
0.365624
0.365646
0.365669
0.365691
0.365713
0.365736
0.365758
0.365780
0.365803
0.365825
0.365847
0.365870
0.365892
0.365914
0.365936
0.365959
0.365981
0.366003
0.366026
0.366048
0.366070
0.366093
0.366115
0.366137
0.366160
0.366182
0.366204
0.366226
0.366249
0.366271
0.366293
0.366316
0.366338
0.366360
0.366383
0.366405
0.366427
0.366449
0.366472
0.366494
0.366516
0.366539
0.366561
0.366583
0.366606
0.366628
0.366650
0.366672
0.366695
0.366717
0.366739
0.366762
0.366784
0.366806
0.366829
0.366851
0.366873
0.366895
0.366918
0.366940
0.366962
0.366985
0.367007
0.367029
0.367051
0.367074
0.367096
0.367118
0.367141
0.367163
0.367185
0.367208
0.367230
0.367252
0.367274
0.367297
0.367319
0.367341
0.367364
0.367386
0.367408
0.367430
0.367453
0.367475
0.367497
0.367520
0.367542
0.367564
0.367587
0.367609
0.367631
0.367653
0.367676
0.367698
0.367720
0.367743
0.367765
0.367787
0.367809
0.367832
0.367854
0.367876
0.367899
0.367921
0.367943
0.367965
0.367988
0.368010
0.368032
0.368055
0.368077
0.368099
0.368121
0.368144
0.368166
0.368188
0.368211
0.368233
0.368255
0.368277
0.368300
0.368322
0.368344
0.368367
0.368389
0.368411
0.368433
0.368456
0.368478
0.368500
0.368523
0.368545
0.368567
0.368589
0.368612
0.368634
0.368656
0.368678
0.368701
0.368723
0.368745
0.368768
0.368790
0.368812
0.368834
0.368857
0.368879
0.368901
0.368924
0.368946
0.368968
0.368990
0.369013
0.369035
0.369057
0.369080
0.369102
0.369124
0.369146
0.369169
0.369191
0.369213
0.369235
0.369258
0.369280
0.369302
0.369325
0.369347
0.369369
0.369391
0.369414
0.369436
0.369458
0.369480
0.369503
0.369525
0.369547
0.369570
0.369592
0.369614
0.369636
0.369659
0.369681
0.369703
0.369725
0.369748
0.369770
0.369792
0.369815
0.369837
0.369859
0.369881
0.369904
0.369926
0.369948
0.369970
0.369993
0.370015
0.370037
0.370059
0.370082
0.370104
0.370126
0.370149
0.370171
0.370193
0.370215
0.370238
0.370260
0.370282
0.370304
0.370327
0.370349
0.370371
0.370393
0.370416
0.370438
0.370460
0.370482
0.370505
0.370527
0.370549
0.370572
0.370594
0.370616
0.370638
0.370661
0.370683
0.370705
0.370727
0.370750
0.370772
0.370794
0.370816
0.370839
0.370861
0.370883
0.370905
0.370928
0.370950
0.370972
0.370994
0.371017
0.371039
0.371061
0.371084
0.371106
0.371128
0.371150
0.371173
0.371195
0.371217
0.371239
0.371262
0.371284
0.371306
0.371328
0.371351
0.371373
0.371395
0.371417
0.371440
0.371462
0.371484
0.371506
0.371529
0.371551
0.371573
0.371595
0.371618
0.371640
0.371662
0.371684
0.371707
0.371729
0.371751
0.371773
0.371796
0.371818
0.371840
0.371862
0.371885
0.371907
0.371929
0.371951
0.371974
0.371996
0.372018
0.372040
0.372063
0.372085
0.372107
0.372129
0.372152
0.372174
0.372196
0.372218
0.372241
0.372263
0.372285
0.372307
0.372330
0.372352
0.372374
0.372396
0.372419
0.372441
0.372463
0.372485
0.372508
0.372530
0.372552
0.372574
0.372596
0.372619
0.372641
0.372663
0.372685
0.372708
0.372730
0.372752
0.372774
0.372797
0.372819
0.372841
0.372863
0.372886
0.372908
0.372930
0.372952
0.372975
0.372997
0.373019
0.373041
0.373064
0.373086
0.373108
0.373130
0.373152
0.373175
0.373197
0.373219
0.373241
0.373264
0.373286
0.373308
0.373330
0.373353
0.373375
0.373397
0.373419
0.373442
0.373464
0.373486
0.373508
0.373530
0.373553
0.373575
0.373597
0.373619
0.373642
0.373664
0.373686
0.373708
0.373731
0.373753
0.373775
0.373797
0.373820
0.373842
0.373864
0.373886
0.373908
0.373931
0.373953
0.373975
0.373997
0.374020
0.374042
0.374064
0.374086
0.374108
0.374131
0.374153
0.374175
0.374197
0.374220
0.374242
0.374264
0.374286
0.374309
0.374331
0.374353
0.374375
0.374397
0.374420
0.374442
0.374464
0.374486
0.374509
0.374531
0.374553
0.374575
0.374597
0.374620
0.374642
0.374664
0.374686
0.374709
0.374731
0.374753
0.374775
0.374797
0.374820
0.374842
0.374864
0.374886
0.374909
0.374931
0.374953
0.374975
0.374997
0.375020
0.375042
0.375064
0.375086
0.375109
0.375131
0.375153
0.375175
0.375197
0.375220
0.375242
0.375264
0.375286
0.375308
0.375331
0.375353
0.375375
0.375397
0.375420
0.375442
0.375464
0.375486
0.375508
0.375531
0.375553
0.375575
0.375597
0.375619
0.375642
0.375664
0.375686
0.375708
0.375731
0.375753
0.375775
0.375797
0.375819
0.375842
0.375864
0.375886
0.375908
0.375930
0.375953
0.375975
0.375997
0.376019
0.376042
0.376064
0.376086
0.376108
0.376130
0.376153
0.376175
0.376197
0.376219
0.376241
0.376264
0.376286
0.376308
0.376330
0.376352
0.376375
0.376397
0.376419
0.376441
0.376463
0.376486
0.376508
0.376530
0.376552
0.376574
0.376597
0.376619
0.376641
0.376663
0.376685
0.376708
0.376730
0.376752
0.376774
0.376797
0.376819
0.376841
0.376863
0.376885
0.376908
0.376930
0.376952
0.376974
0.376996
0.377019
0.377041
0.377063
0.377085
0.377107
0.377130
0.377152
0.377174
0.377196
0.377218
0.377240
0.377263
0.377285
0.377307
0.377329
0.377351
0.377374
0.377396
0.377418
0.377440
0.377462
0.377485
0.377507
0.377529
0.377551
0.377573
0.377596
0.377618
0.377640
0.377662
0.377684
0.377707
0.377729
0.377751
0.377773
0.377795
0.377818
0.377840
0.377862
0.377884
0.377906
0.377929
0.377951
0.377973
0.377995
0.378017
0.378039
0.378062
0.378084
0.378106
0.378128
0.378150
0.378173
0.378195
0.378217
0.378239
0.378261
0.378284
0.378306
0.378328
0.378350
0.378372
0.378394
0.378417
0.378439
0.378461
0.378483
0.378505
0.378528
0.378550
0.378572
0.378594
0.378616
0.378639
0.378661
0.378683
0.378705
0.378727
0.378749
0.378772
0.378794
0.378816
0.378838
0.378860
0.378883
0.378905
0.378927
0.378949
0.378971
0.378993
0.379016
0.379038
0.379060
0.379082
0.379104
0.379127
0.379149
0.379171
0.379193
0.379215
0.379237
0.379260
0.379282
0.379304
0.379326
0.379348
0.379370
0.379393
0.379415
0.379437
0.379459
0.379481
0.379504
0.379526
0.379548
0.379570
0.379592
0.379614
0.379637
0.379659
0.379681
0.379703
0.379725
0.379747
0.379770
0.379792
0.379814
0.379836
0.379858
0.379880
0.379903
0.379925
0.379947
0.379969
0.379991
0.380013
0.380036
0.380058
0.380080
0.380102
0.380124
0.380147
0.380169
0.380191
0.380213
0.380235
0.380257
0.380280
0.380302
0.380324
0.380346
0.380368
0.380390
0.380413
0.380435
0.380457
0.380479
0.380501
0.380523
0.380546
0.380568
0.380590
0.380612
0.380634
0.380656
0.380679
0.380701
0.380723
0.380745
0.380767
0.380789
0.380811
0.380834
0.380856
0.380878
0.380900
0.380922
0.380944
0.380967
0.380989
0.381011
0.381033
0.381055
0.381077
0.381100
0.381122
0.381144
0.381166
0.381188
0.381210
0.381233
0.381255
0.381277
0.381299
0.381321
0.381343
0.381365
0.381388
0.381410
0.381432
0.381454
0.381476
0.381498
0.381521
0.381543
0.381565
0.381587
0.381609
0.381631
0.381654
0.381676
0.381698
0.381720
0.381742
0.381764
0.381786
0.381809
0.381831
0.381853
0.381875
0.381897
0.381919
0.381941
0.381964
0.381986
0.382008
0.382030
0.382052
0.382074
0.382097
0.382119
0.382141
0.382163
0.382185
0.382207
0.382229
0.382252
0.382274
0.382296
0.382318
0.382340
0.382362
0.382384
0.382407
0.382429
0.382451
0.382473
0.382495
0.382517
0.382539
0.382562
0.382584
0.382606
0.382628
0.382650
0.382672
0.382695
0.382717
0.382739
0.382761
0.382783
0.382805
0.382827
0.382850
0.382872
0.382894
0.382916
0.382938
0.382960
0.382982
0.383004
0.383027
0.383049
0.383071
0.383093
0.383115
0.383137
0.383159
0.383182
0.383204
0.383226
0.383248
0.383270
0.383292
0.383314
0.383337
0.383359
0.383381
0.383403
0.383425
0.383447
0.383469
0.383492
0.383514
0.383536
0.383558
0.383580
0.383602
0.383624
0.383646
0.383669
0.383691
0.383713
0.383735
0.383757
0.383779
0.383801
0.383824
0.383846
0.383868
0.383890
0.383912
0.383934
0.383956
0.383978
0.384001
0.384023
0.384045
0.384067
0.384089
0.384111
0.384133
0.384156
0.384178
0.384200
0.384222
0.384244
0.384266
0.384288
0.384310
0.384333
0.384355
0.384377
0.384399
0.384421
0.384443
0.384465
0.384487
0.384510
0.384532
0.384554
0.384576
0.384598
0.384620
0.384642
0.384664
0.384687
0.384709
0.384731
0.384753
0.384775
0.384797
0.384819
0.384841
0.384864
0.384886
0.384908
0.384930
0.384952
0.384974
0.384996
0.385018
0.385041
0.385063
0.385085
0.385107
0.385129
0.385151
0.385173
0.385195
0.385217
0.385240
0.385262
0.385284
0.385306
0.385328
0.385350
0.385372
0.385394
0.385417
0.385439
0.385461
0.385483
0.385505
0.385527
0.385549
0.385571
0.385593
0.385616
0.385638
0.385660
0.385682
0.385704
0.385726
0.385748
0.385770
0.385792
0.385815
0.385837
0.385859
0.385881
0.385903
0.385925
0.385947
0.385969
0.385991
0.386014
0.386036
0.386058
0.386080
0.386102
0.386124
0.386146
0.386168
0.386190
0.386213
0.386235
0.386257
0.386279
0.386301
0.386323
0.386345
0.386367
0.386389
0.386412
0.386434
0.386456
0.386478
0.386500
0.386522
0.386544
0.386566
0.386588
0.386611
0.386633
0.386655
0.386677
0.386699
0.386721
0.386743
0.386765
0.386787
0.386809
0.386832
0.386854
0.386876
0.386898
0.386920
0.386942
0.386964
0.386986
0.387008
0.387030
0.387053
0.387075
0.387097
0.387119
0.387141
0.387163
0.387185
0.387207
0.387229
0.387251
0.387274
0.387296
0.387318
0.387340
0.387362
0.387384
0.387406
0.387428
0.387450
0.387472
0.387495
0.387517
0.387539
0.387561
0.387583
0.387605
0.387627
0.387649
0.387671
0.387693
0.387715
0.387738
0.387760
0.387782
0.387804
0.387826
0.387848
0.387870
0.387892
0.387914
0.387936
0.387958
0.387981
0.388003
0.388025
0.388047
0.388069
0.388091
0.388113
0.388135
0.388157
0.388179
0.388201
0.388224
0.388246
0.388268
0.388290
0.388312
0.388334
0.388356
0.388378
0.388400
0.388422
0.388444
0.388467
0.388489
0.388511
0.388533
0.388555
0.388577
0.388599
0.388621
0.388643
0.388665
0.388687
0.388709
0.388732
0.388754
0.388776
0.388798
0.388820
0.388842
0.388864
0.388886
0.388908
0.388930
0.388952
0.388974
0.388997
0.389019
0.389041
0.389063
0.389085
0.389107
0.389129
0.389151
0.389173
0.389195
0.389217
0.389239
0.389261
0.389284
0.389306
0.389328
0.389350
0.389372
0.389394
0.389416
0.389438
0.389460
0.389482
0.389504
0.389526
0.389548
0.389571
0.389593
0.389615
0.389637
0.389659
0.389681
0.389703
0.389725
0.389747
0.389769
0.389791
0.389813
0.389835
0.389858
0.389880
0.389902
0.389924
0.389946
0.389968
0.389990
0.390012
0.390034
0.390056
0.390078
0.390100
0.390122
0.390144
0.390166
0.390189
0.390211
0.390233
0.390255
0.390277
0.390299
0.390321
0.390343
0.390365
0.390387
0.390409
0.390431
0.390453
0.390475
0.390497
0.390520
0.390542
0.390564
0.390586
0.390608
0.390630
0.390652
0.390674
0.390696
0.390718
0.390740
0.390762
0.390784
0.390806
0.390828
0.390851
0.390873
0.390895
0.390917
0.390939
0.390961
0.390983
0.391005
0.391027
0.391049
0.391071
0.391093
0.391115
0.391137
0.391159
0.391181
0.391203
0.391226
0.391248
0.391270
0.391292
0.391314
0.391336
0.391358
0.391380
0.391402
0.391424
0.391446
0.391468
0.391490
0.391512
0.391534
0.391556
0.391578
0.391600
0.391623
0.391645
0.391667
0.391689
0.391711
0.391733
0.391755
0.391777
0.391799
0.391821
0.391843
0.391865
0.391887
0.391909
0.391931
0.391953
0.391975
0.391997
0.392019
0.392042
0.392064
0.392086
0.392108
0.392130
0.392152
0.392174
0.392196
0.392218
0.392240
0.392262
0.392284
0.392306
0.392328
0.392350
0.392372
0.392394
0.392416
0.392438
0.392460
0.392482
0.392505
0.392527
0.392549
0.392571
0.392593
0.392615
0.392637
0.392659
0.392681
0.392703
0.392725
0.392747
0.392769
0.392791
0.392813
0.392835
0.392857
0.392879
0.392901
0.392923
0.392945
0.392967
0.392989
0.393011
0.393034
0.393056
0.393078
0.393100
0.393122
0.393144
0.393166
0.393188
0.393210
0.393232
0.393254
0.393276
0.393298
0.393320
0.393342
0.393364
0.393386
0.393408
0.393430
0.393452
0.393474
0.393496
0.393518
0.393540
0.393562
0.393584
0.393606
0.393629
0.393651
0.393673
0.393695
0.393717
0.393739
0.393761
0.393783
0.393805
0.393827
0.393849
0.393871
0.393893
0.393915
0.393937
0.393959
0.393981
0.394003
0.394025
0.394047
0.394069
0.394091
0.394113
0.394135
0.394157
0.394179
0.394201
0.394223
0.394245
0.394267
0.394289
0.394311
0.394333
0.394355
0.394378
0.394400
0.394422
0.394444
0.394466
0.394488
0.394510
0.394532
0.394554
0.394576
0.394598
0.394620
0.394642
0.394664
0.394686
0.394708
0.394730
0.394752
0.394774
0.394796
0.394818
0.394840
0.394862
0.394884
0.394906
0.394928
0.394950
0.394972
0.394994
0.395016
0.395038
0.395060
0.395082
0.395104
0.395126
0.395148
0.395170
0.395192
0.395214
0.395236
0.395258
0.395280
0.395302
0.395324
0.395346
0.395368
0.395390
0.395412
0.395435
0.395457
0.395479
0.395501
0.395523
0.395545
0.395567
0.395589
0.395611
0.395633
0.395655
0.395677
0.395699
0.395721
0.395743
0.395765
0.395787
0.395809
0.395831
0.395853
0.395875
0.395897
0.395919
0.395941
0.395963
0.395985
0.396007
0.396029
0.396051
0.396073
0.396095
0.396117
0.396139
0.396161
0.396183
0.396205
0.396227
0.396249
0.396271
0.396293
0.396315
0.396337
0.396359
0.396381
0.396403
0.396425
0.396447
0.396469
0.396491
0.396513
0.396535
0.396557
0.396579
0.396601
0.396623
0.396645
0.396667
0.396689
0.396711
0.396733
0.396755
0.396777
0.396799
0.396821
0.396843
0.396865
0.396887
0.396909
0.396931
0.396953
0.396975
0.396997
0.397019
0.397041
0.397063
0.397085
0.397107
0.397129
0.397151
0.397173
0.397195
0.397217
0.397239
0.397261
0.397283
0.397305
0.397327
0.397349
0.397371
0.397393
0.397415
0.397437
0.397459
0.397481
0.397503
0.397525
0.397547
0.397569
0.397591
0.397613
0.397635
0.397657
0.397679
0.397701
0.397723
0.397745
0.397767
0.397789
0.397811
0.397833
0.397855
0.397877
0.397899
0.397921
0.397943
0.397965
0.397987
0.398009
0.398031
0.398053
0.398075
0.398097
0.398119
0.398141
0.398163
0.398185
0.398207
0.398229
0.398251
0.398273
0.398295
0.398316
0.398338
0.398360
0.398382
0.398404
0.398426
0.398448
0.398470
0.398492
0.398514
0.398536
0.398558
0.398580
0.398602
0.398624
0.398646
0.398668
0.398690
0.398712
0.398734
0.398756
0.398778
0.398800
0.398822
0.398844
0.398866
0.398888
0.398910
0.398932
0.398954
0.398976
0.398998
0.399020
0.399042
0.399064
0.399086
0.399108
0.399130
0.399152
0.399174
0.399196
0.399218
0.399240
0.399262
0.399284
0.399306
0.399328
0.399350
0.399372
0.399393
0.399415
0.399437
0.399459
0.399481
0.399503
0.399525
0.399547
0.399569
0.399591
0.399613
0.399635
0.399657
0.399679
0.399701
0.399723
0.399745
0.399767
0.399789
0.399811
0.399833
0.399855
0.399877
0.399899
0.399921
0.399943
0.399965
0.399987
0.400009
0.400031
0.400053
0.400075
0.400097
0.400118
0.400140
0.400162
0.400184
0.400206
0.400228
0.400250
0.400272
0.400294
0.400316
0.400338
0.400360
0.400382
0.400404
0.400426
0.400448
0.400470
0.400492
0.400514
0.400536
0.400558
0.400580
0.400602
0.400624
0.400646
0.400668
0.400690
0.400712
0.400733
0.400755
0.400777
0.400799
0.400821
0.400843
0.400865
0.400887
0.400909
0.400931
0.400953
0.400975
0.400997
0.401019
0.401041
0.401063
0.401085
0.401107
0.401129
0.401151
0.401173
0.401195
0.401217
0.401238
0.401260
0.401282
0.401304
0.401326
0.401348
0.401370
0.401392
0.401414
0.401436
0.401458
0.401480
0.401502
0.401524
0.401546
0.401568
0.401590
0.401612
0.401634
0.401656
0.401678
0.401699
0.401721
0.401743
0.401765
0.401787
0.401809
0.401831
0.401853
0.401875
0.401897
0.401919
0.401941
0.401963
0.401985
0.402007
0.402029
0.402051
0.402073
0.402095
0.402116
0.402138
0.402160
0.402182
0.402204
0.402226
0.402248
0.402270
0.402292
0.402314
0.402336
0.402358
0.402380
0.402402
0.402424
0.402446
0.402468
0.402490
0.402511
0.402533
0.402555
0.402577
0.402599
0.402621
0.402643
0.402665
0.402687
0.402709
0.402731
0.402753
0.402775
0.402797
0.402819
0.402841
0.402862
0.402884
0.402906
0.402928
0.402950
0.402972
0.402994
0.403016
0.403038
0.403060
0.403082
0.403104
0.403126
0.403148
0.403170
0.403192
0.403213
0.403235
0.403257
0.403279
0.403301
0.403323
0.403345
0.403367
0.403389
0.403411
0.403433
0.403455
0.403477
0.403499
0.403520
0.403542
0.403564
0.403586
0.403608
0.403630
0.403652
0.403674
0.403696
0.403718
0.403740
0.403762
0.403784
0.403806
0.403827
0.403849
0.403871
0.403893
0.403915
0.403937
0.403959
0.403981
0.404003
0.404025
0.404047
0.404069
0.404091
0.404113
0.404134
0.404156
0.404178
0.404200
0.404222
0.404244
0.404266
0.404288
0.404310
0.404332
0.404354
0.404376
0.404398
0.404419
0.404441
0.404463
0.404485
0.404507
0.404529
0.404551
0.404573
0.404595
0.404617
0.404639
0.404661
0.404682
0.404704
0.404726
0.404748
0.404770
0.404792
0.404814
0.404836
0.404858
0.404880
0.404902
0.404924
0.404945
0.404967
0.404989
0.405011
0.405033
0.405055
0.405077
0.405099
0.405121
0.405143
0.405165
0.405187
0.405208
0.405230
0.405252
0.405274
0.405296
0.405318
0.405340
0.405362
0.405384
0.405406
0.405428
0.405449
0.405471
0.405493
0.405515
0.405537
0.405559
0.405581
0.405603
0.405625
0.405647
0.405669
0.405690
0.405712
0.405734
0.405756
0.405778
0.405800
0.405822
0.405844
0.405866
0.405888
0.405910
0.405931
0.405953
0.405975
0.405997
0.406019
0.406041
0.406063
0.406085
0.406107
0.406129
0.406150
0.406172
0.406194
0.406216
0.406238
0.406260
0.406282
0.406304
0.406326
0.406348
0.406369
0.406391
0.406413
0.406435
0.406457
0.406479
0.406501
0.406523
0.406545
0.406567
0.406588
0.406610
0.406632
0.406654
0.406676
0.406698
0.406720
0.406742
0.406764
0.406786
0.406807
0.406829
0.406851
0.406873
0.406895
0.406917
0.406939
0.406961
0.406983
0.407004
0.407026
0.407048
0.407070
0.407092
0.407114
0.407136
0.407158
0.407180
0.407202
0.407223
0.407245
0.407267
0.407289
0.407311
0.407333
0.407355
0.407377
0.407399
0.407420
0.407442
0.407464
0.407486
0.407508
0.407530
0.407552
0.407574
0.407596
0.407617
0.407639
0.407661
0.407683
0.407705
0.407727
0.407749
0.407771
0.407793
0.407814
0.407836
0.407858
0.407880
0.407902
0.407924
0.407946
0.407968
0.407989
0.408011
0.408033
0.408055
0.408077
0.408099
0.408121
0.408143
0.408165
0.408186
0.408208
0.408230
0.408252
0.408274
0.408296
0.408318
0.408340
0.408361
0.408383
0.408405
0.408427
0.408449
0.408471
0.408493
0.408515
0.408536
0.408558
0.408580
0.408602
0.408624
0.408646
0.408668
0.408690
0.408711
0.408733
0.408755
0.408777
0.408799
0.408821
0.408843
0.408865
0.408886
0.408908
0.408930
0.408952
0.408974
0.408996
0.409018
0.409040
0.409061
0.409083
0.409105
0.409127
0.409149
0.409171
0.409193
0.409215
0.409236
0.409258
0.409280
0.409302
0.409324
0.409346
0.409368
0.409389
0.409411
0.409433
0.409455
0.409477
0.409499
0.409521
0.409543
0.409564
0.409586
0.409608
0.409630
0.409652
0.409674
0.409696
0.409717
0.409739
0.409761
0.409783
0.409805
0.409827
0.409849
0.409871
0.409892
0.409914
0.409936
0.409958
0.409980
0.410002
0.410024
0.410045
0.410067
0.410089
0.410111
0.410133
0.410155
0.410177
0.410198
0.410220
0.410242
0.410264
0.410286
0.410308
0.410330
0.410351
0.410373
0.410395
0.410417
0.410439
0.410461
0.410483
0.410504
0.410526
0.410548
0.410570
0.410592
0.410614
0.410636
0.410657
0.410679
0.410701
0.410723
0.410745
0.410767
0.410789
0.410810
0.410832
0.410854
0.410876
0.410898
0.410920
0.410942
0.410963
0.410985
0.411007
0.411029
0.411051
0.411073
0.411094
0.411116
0.411138
0.411160
0.411182
0.411204
0.411226
0.411247
0.411269
0.411291
0.411313
0.411335
0.411357
0.411378
0.411400
0.411422
0.411444
0.411466
0.411488
0.411510
0.411531
0.411553
0.411575
0.411597
0.411619
0.411641
0.411662
0.411684
0.411706
0.411728
0.411750
0.411772
0.411794
0.411815
0.411837
0.411859
0.411881
0.411903
0.411925
0.411946
0.411968
0.411990
0.412012
0.412034
0.412056
0.412077
0.412099
0.412121
0.412143
0.412165
0.412187
0.412208
0.412230
0.412252
0.412274
0.412296
0.412318
0.412339
0.412361
0.412383
0.412405
0.412427
0.412449
0.412471
0.412492
0.412514
0.412536
0.412558
0.412580
0.412602
0.412623
0.412645
0.412667
0.412689
0.412711
0.412733
0.412754
0.412776
0.412798
0.412820
0.412842
0.412863
0.412885
0.412907
0.412929
0.412951
0.412973
0.412994
0.413016
0.413038
0.413060
0.413082
0.413104
0.413125
0.413147
0.413169
0.413191
0.413213
0.413235
0.413256
0.413278
0.413300
0.413322
0.413344
0.413366
0.413387
0.413409
0.413431
0.413453
0.413475
0.413496
0.413518
0.413540
0.413562
0.413584
0.413606
0.413627
0.413649
0.413671
0.413693
0.413715
0.413737
0.413758
0.413780
0.413802
0.413824
0.413846
0.413867
0.413889
0.413911
0.413933
0.413955
0.413977
0.413998
0.414020
0.414042
0.414064
0.414086
0.414107
0.414129
0.414151
0.414173
0.414195
0.414217
0.414238
0.414260
0.414282
0.414304
0.414326
0.414347
0.414369
0.414391
0.414413
0.414435
0.414456
0.414478
0.414500
0.414522
0.414544
0.414566
0.414587
0.414609
0.414631
0.414653
0.414675
0.414696
0.414718
0.414740
0.414762
0.414784
0.414805
0.414827
0.414849
0.414871
0.414893
0.414914
0.414936
0.414958
0.414980
0.415002
0.415024
0.415045
0.415067
0.415089
0.415111
0.415133
0.415154
0.415176
0.415198
0.415220
0.415242
0.415263
0.415285
0.415307
0.415329
0.415351
0.415372
0.415394
0.415416
0.415438
0.415460
0.415481
0.415503
0.415525
0.415547
0.415569
0.415590
0.415612
0.415634
0.415656
0.415678
0.415699
0.415721
0.415743
0.415765
0.415787
0.415808
0.415830
0.415852
0.415874
0.415896
0.415917
0.415939
0.415961
0.415983
0.416005
0.416026
0.416048
0.416070
0.416092
0.416114
0.416135
0.416157
0.416179
0.416201
0.416223
0.416244
0.416266
0.416288
0.416310
0.416331
0.416353
0.416375
0.416397
0.416419
0.416440
0.416462
0.416484
0.416506
0.416528
0.416549
0.416571
0.416593
0.416615
0.416637
0.416658
0.416680
0.416702
0.416724
0.416746
0.416767
0.416789
0.416811
0.416833
0.416854
0.416876
0.416898
0.416920
0.416942
0.416963
0.416985
0.417007
0.417029
0.417051
0.417072
0.417094
0.417116
0.417138
0.417159
0.417181
0.417203
0.417225
0.417247
0.417268
0.417290
0.417312
0.417334
0.417355
0.417377
0.417399
0.417421
0.417443
0.417464
0.417486
0.417508
0.417530
0.417551
0.417573
0.417595
0.417617
0.417639
0.417660
0.417682
0.417704
0.417726
0.417747
0.417769
0.417791
0.417813
0.417835
0.417856
0.417878
0.417900
0.417922
0.417943
0.417965
0.417987
0.418009
0.418031
0.418052
0.418074
0.418096
0.418118
0.418139
0.418161
0.418183
0.418205
0.418227
0.418248
0.418270
0.418292
0.418314
0.418335
0.418357
0.418379
0.418401
0.418422
0.418444
0.418466
0.418488
0.418510
0.418531
0.418553
0.418575
0.418597
0.418618
0.418640
0.418662
0.418684
0.418705
0.418727
0.418749
0.418771
0.418793
0.418814
0.418836
0.418858
0.418880
0.418901
0.418923
0.418945
0.418967
0.418988
0.419010
0.419032
0.419054
0.419075
0.419097
0.419119
0.419141
0.419162
0.419184
0.419206
0.419228
0.419250
0.419271
0.419293
0.419315
0.419337
0.419358
0.419380
0.419402
0.419424
0.419445
0.419467
0.419489
0.419511
0.419532
0.419554
0.419576
0.419598
0.419619
0.419641
0.419663
0.419685
0.419706
0.419728
0.419750
0.419772
0.419793
0.419815
0.419837
0.419859
0.419880
0.419902
0.419924
0.419946
0.419967
0.419989
0.420011
0.420033
0.420054
0.420076
0.420098
0.420120
0.420141
0.420163
0.420185
0.420207
0.420228
0.420250
0.420272
0.420294
0.420315
0.420337
0.420359
0.420381
0.420402
0.420424
0.420446
0.420468
0.420489
0.420511
0.420533
0.420555
0.420576
0.420598
0.420620
0.420642
0.420663
0.420685
0.420707
0.420729
0.420750
0.420772
0.420794
0.420816
0.420837
0.420859
0.420881
0.420903
0.420924
0.420946
0.420968
0.420990
0.421011
0.421033
0.421055
0.421077
0.421098
0.421120
0.421142
0.421163
0.421185
0.421207
0.421229
0.421250
0.421272
0.421294
0.421316
0.421337
0.421359
0.421381
0.421403
0.421424
0.421446
0.421468
0.421490
0.421511
0.421533
0.421555
0.421576
0.421598
0.421620
0.421642
0.421663
0.421685
0.421707
0.421729
0.421750
0.421772
0.421794
0.421816
0.421837
0.421859
0.421881
0.421902
0.421924
0.421946
0.421968
0.421989
0.422011
0.422033
0.422055
0.422076
0.422098
0.422120
0.422142
0.422163
0.422185
0.422207
0.422228
0.422250
0.422272
0.422294
0.422315
0.422337
0.422359
0.422381
0.422402
0.422424
0.422446
0.422467
0.422489
0.422511
0.422533
0.422554
0.422576
0.422598
0.422619
0.422641
0.422663
0.422685
0.422706
0.422728
0.422750
0.422772
0.422793
0.422815
0.422837
0.422858
0.422880
0.422902
0.422924
0.422945
0.422967
0.422989
0.423010
0.423032
0.423054
0.423076
0.423097
0.423119
0.423141
0.423162
0.423184
0.423206
0.423228
0.423249
0.423271
0.423293
0.423314
0.423336
0.423358
0.423380
0.423401
0.423423
0.423445
0.423466
0.423488
0.423510
0.423532
0.423553
0.423575
0.423597
0.423618
0.423640
0.423662
0.423684
0.423705
0.423727
0.423749
0.423770
0.423792
0.423814
0.423836
0.423857
0.423879
0.423901
0.423922
0.423944
0.423966
0.423988
0.424009
0.424031
0.424053
0.424074
0.424096
0.424118
0.424139
0.424161
0.424183
0.424205
0.424226
0.424248
0.424270
0.424291
0.424313
0.424335
0.424357
0.424378
0.424400
0.424422
0.424443
0.424465
0.424487
0.424508
0.424530
0.424552
0.424574
0.424595
0.424617
0.424639
0.424660
0.424682
0.424704
0.424725
0.424747
0.424769
0.424791
0.424812
0.424834
0.424856
0.424877
0.424899
0.424921
0.424942
0.424964
0.424986
0.425008
0.425029
0.425051
0.425073
0.425094
0.425116
0.425138
0.425159
0.425181
0.425203
0.425224
0.425246
0.425268
0.425290
0.425311
0.425333
0.425355
0.425376
0.425398
0.425420
0.425441
0.425463
0.425485
0.425506
0.425528
0.425550
0.425572
0.425593
0.425615
0.425637
0.425658
0.425680
0.425702
0.425723
0.425745
0.425767
0.425788
0.425810
0.425832
0.425853
0.425875
0.425897
0.425919
0.425940
0.425962
0.425984
0.426005
0.426027
0.426049
0.426070
0.426092
0.426114
0.426135
0.426157
0.426179
0.426200
0.426222
0.426244
0.426265
0.426287
0.426309
0.426331
0.426352
0.426374
0.426396
0.426417
0.426439
0.426461
0.426482
0.426504
0.426526
0.426547
0.426569
0.426591
0.426612
0.426634
0.426656
0.426677
0.426699
0.426721
0.426742
0.426764
0.426786
0.426807
0.426829
0.426851
0.426872
0.426894
0.426916
0.426937
0.426959
0.426981
0.427002
0.427024
0.427046
0.427068
0.427089
0.427111
0.427133
0.427154
0.427176
0.427198
0.427219
0.427241
0.427263
0.427284
0.427306
0.427328
0.427349
0.427371
0.427393
0.427414
0.427436
0.427458
0.427479
0.427501
0.427523
0.427544
0.427566
0.427588
0.427609
0.427631
0.427653
0.427674
0.427696
0.427718
0.427739
0.427761
0.427783
0.427804
0.427826
0.427848
0.427869
0.427891
0.427913
0.427934
0.427956
0.427978
0.427999
0.428021
0.428043
0.428064
0.428086
0.428108
0.428129
0.428151
0.428173
0.428194
0.428216
0.428237
0.428259
0.428281
0.428302
0.428324
0.428346
0.428367
0.428389
0.428411
0.428432
0.428454
0.428476
0.428497
0.428519
0.428541
0.428562
0.428584
0.428606
0.428627
0.428649
0.428671
0.428692
0.428714
0.428736
0.428757
0.428779
0.428801
0.428822
0.428844
0.428866
0.428887
0.428909
0.428930
0.428952
0.428974
0.428995
0.429017
0.429039
0.429060
0.429082
0.429104
0.429125
0.429147
0.429169
0.429190
0.429212
0.429234
0.429255
0.429277
0.429299
0.429320
0.429342
0.429363
0.429385
0.429407
0.429428
0.429450
0.429472
0.429493
0.429515
0.429537
0.429558
0.429580
0.429602
0.429623
0.429645
0.429666
0.429688
0.429710
0.429731
0.429753
0.429775
0.429796
0.429818
0.429840
0.429861
0.429883
0.429905
0.429926
0.429948
0.429969
0.429991
0.430013
0.430034
0.430056
0.430078
0.430099
0.430121
0.430143
0.430164
0.430186
0.430207
0.430229
0.430251
0.430272
0.430294
0.430316
0.430337
0.430359
0.430381
0.430402
0.430424
0.430445
0.430467
0.430489
0.430510
0.430532
0.430554
0.430575
0.430597
0.430619
0.430640
0.430662
0.430683
0.430705
0.430727
0.430748
0.430770
0.430792
0.430813
0.430835
0.430856
0.430878
0.430900
0.430921
0.430943
0.430965
0.430986
0.431008
0.431030
0.431051
0.431073
0.431094
0.431116
0.431138
0.431159
0.431181
0.431203
0.431224
0.431246
0.431267
0.431289
0.431311
0.431332
0.431354
0.431376
0.431397
0.431419
0.431440
0.431462
0.431484
0.431505
0.431527
0.431549
0.431570
0.431592
0.431613
0.431635
0.431657
0.431678
0.431700
0.431721
0.431743
0.431765
0.431786
0.431808
0.431830
0.431851
0.431873
0.431894
0.431916
0.431938
0.431959
0.431981
0.432003
0.432024
0.432046
0.432067
0.432089
0.432111
0.432132
0.432154
0.432175
0.432197
0.432219
0.432240
0.432262
0.432283
0.432305
0.432327
0.432348
0.432370
0.432392
0.432413
0.432435
0.432456
0.432478
0.432500
0.432521
0.432543
0.432564
0.432586
0.432608
0.432629
0.432651
0.432672
0.432694
0.432716
0.432737
0.432759
0.432781
0.432802
0.432824
0.432845
0.432867
0.432889
0.432910
0.432932
0.432953
0.432975
0.432997
0.433018
0.433040
0.433061
0.433083
0.433105
0.433126
0.433148
0.433169
0.433191
0.433213
0.433234
0.433256
0.433277
0.433299
0.433321
0.433342
0.433364
0.433385
0.433407
0.433429
0.433450
0.433472
0.433493
0.433515
0.433537
0.433558
0.433580
0.433601
0.433623
0.433645
0.433666
0.433688
0.433709
0.433731
0.433753
0.433774
0.433796
0.433817
0.433839
0.433861
0.433882
0.433904
0.433925
0.433947
0.433969
0.433990
0.434012
0.434033
0.434055
0.434077
0.434098
0.434120
0.434141
0.434163
0.434185
0.434206
0.434228
0.434249
0.434271
0.434292
0.434314
0.434336
0.434357
0.434379
0.434400
0.434422
0.434444
0.434465
0.434487
0.434508
0.434530
0.434552
0.434573
0.434595
0.434616
0.434638
0.434659
0.434681
0.434703
0.434724
0.434746
0.434767
0.434789
0.434811
0.434832
0.434854
0.434875
0.434897
0.434918
0.434940
0.434962
0.434983
0.435005
0.435026
0.435048
0.435070
0.435091
0.435113
0.435134
0.435156
0.435177
0.435199
0.435221
0.435242
0.435264
0.435285
0.435307
0.435328
0.435350
0.435372
0.435393
0.435415
0.435436
0.435458
0.435480
0.435501
0.435523
0.435544
0.435566
0.435587
0.435609
0.435631
0.435652
0.435674
0.435695
0.435717
0.435738
0.435760
0.435782
0.435803
0.435825
0.435846
0.435868
0.435889
0.435911
0.435933
0.435954
0.435976
0.435997
0.436019
0.436040
0.436062
0.436084
0.436105
0.436127
0.436148
0.436170
0.436191
0.436213
0.436235
0.436256
0.436278
0.436299
0.436321
0.436342
0.436364
0.436386
0.436407
0.436429
0.436450
0.436472
0.436493
0.436515
0.436536
0.436558
0.436580
0.436601
0.436623
0.436644
0.436666
0.436687
0.436709
0.436731
0.436752
0.436774
0.436795
0.436817
0.436838
0.436860
0.436881
0.436903
0.436925
0.436946
0.436968
0.436989
0.437011
0.437032
0.437054
0.437075
0.437097
0.437119
0.437140
0.437162
0.437183
0.437205
0.437226
0.437248
0.437270
0.437291
0.437313
0.437334
0.437356
0.437377
0.437399
0.437420
0.437442
0.437463
0.437485
0.437507
0.437528
0.437550
0.437571
0.437593
0.437614
0.437636
0.437657
0.437679
0.437701
0.437722
0.437744
0.437765
0.437787
0.437808
0.437830
0.437851
0.437873
0.437895
0.437916
0.437938
0.437959
0.437981
0.438002
0.438024
0.438045
0.438067
0.438088
0.438110
0.438132
0.438153
0.438175
0.438196
0.438218
0.438239
0.438261
0.438282
0.438304
0.438325
0.438347
0.438369
0.438390
0.438412
0.438433
0.438455
0.438476
0.438498
0.438519
0.438541
0.438562
0.438584
0.438605
0.438627
0.438649
0.438670
0.438692
0.438713
0.438735
0.438756
0.438778
0.438799
0.438821
0.438842
0.438864
0.438885
0.438907
0.438929
0.438950
0.438972
0.438993
0.439015
0.439036
0.439058
0.439079
0.439101
0.439122
0.439144
0.439165
0.439187
0.439208
0.439230
0.439252
0.439273
0.439295
0.439316
0.439338
0.439359
0.439381
0.439402
0.439424
0.439445
0.439467
0.439488
0.439510
0.439531
0.439553
0.439575
0.439596
0.439618
0.439639
0.439661
0.439682
0.439704
0.439725
0.439747
0.439768
0.439790
0.439811
0.439833
0.439854
0.439876
0.439897
0.439919
0.439940
0.439962
0.439984
0.440005
0.440027
0.440048
0.440070
0.440091
0.440113
0.440134
0.440156
0.440177
0.440199
0.440220
0.440242
0.440263
0.440285
0.440306
0.440328
0.440349
0.440371
0.440392
0.440414
0.440435
0.440457
0.440478
0.440500
0.440522
0.440543
0.440565
0.440586
0.440608
0.440629
0.440651
0.440672
0.440694
0.440715
0.440737
0.440758
0.440780
0.440801
0.440823
0.440844
0.440866
0.440887
0.440909
0.440930
0.440952
0.440973
0.440995
0.441016
0.441038
0.441059
0.441081
0.441102
0.441124
0.441145
0.441167
0.441188
0.441210
0.441231
0.441253
0.441274
0.441296
0.441317
0.441339
0.441361
0.441382
0.441404
0.441425
0.441447
0.441468
0.441490
0.441511
0.441533
0.441554
0.441576
0.441597
0.441619
0.441640
0.441662
0.441683
0.441705
0.441726
0.441748
0.441769
0.441791
0.441812
0.441834
0.441855
0.441877
0.441898
0.441920
0.441941
0.441963
0.441984
0.442006
0.442027
0.442049
0.442070
0.442092
0.442113
0.442135
0.442156
0.442178
0.442199
0.442221
0.442242
0.442264
0.442285
0.442307
0.442328
0.442350
0.442371
0.442393
0.442414
0.442436
0.442457
0.442479
0.442500
0.442522
0.442543
0.442565
0.442586
0.442608
0.442629
0.442651
0.442672
0.442693
0.442715
0.442736
0.442758
0.442779
0.442801
0.442822
0.442844
0.442865
0.442887
0.442908
0.442930
0.442951
0.442973
0.442994
0.443016
0.443037
0.443059
0.443080
0.443102
0.443123
0.443145
0.443166
0.443188
0.443209
0.443231
0.443252
0.443274
0.443295
0.443317
0.443338
0.443360
0.443381
0.443403
0.443424
0.443446
0.443467
0.443489
0.443510
0.443531
0.443553
0.443574
0.443596
0.443617
0.443639
0.443660
0.443682
0.443703
0.443725
0.443746
0.443768
0.443789
0.443811
0.443832
0.443854
0.443875
0.443897
0.443918
0.443940
0.443961
0.443983
0.444004
0.444026
0.444047
0.444068
0.444090
0.444111
0.444133
0.444154
0.444176
0.444197
0.444219
0.444240
0.444262
0.444283
0.444305
0.444326
0.444348
0.444369
0.444391
0.444412
0.444434
0.444455
0.444476
0.444498
0.444519
0.444541
0.444562
0.444584
0.444605
0.444627
0.444648
0.444670
0.444691
0.444713
0.444734
0.444756
0.444777
0.444798
0.444820
0.444841
0.444863
0.444884
0.444906
0.444927
0.444949
0.444970
0.444992
0.445013
0.445035
0.445056
0.445078
0.445099
0.445120
0.445142
0.445163
0.445185
0.445206
0.445228
0.445249
0.445271
0.445292
0.445314
0.445335
0.445357
0.445378
0.445399
0.445421
0.445442
0.445464
0.445485
0.445507
0.445528
0.445550
0.445571
0.445593
0.445614
0.445635
0.445657
0.445678
0.445700
0.445721
0.445743
0.445764
0.445786
0.445807
0.445829
0.445850
0.445872
0.445893
0.445914
0.445936
0.445957
0.445979
0.446000
0.446022
0.446043
0.446065
0.446086
0.446107
0.446129
0.446150
0.446172
0.446193
0.446215
0.446236
0.446258
0.446279
0.446301
0.446322
0.446343
0.446365
0.446386
0.446408
0.446429
0.446451
0.446472
0.446494
0.446515
0.446536
0.446558
0.446579
0.446601
0.446622
0.446644
0.446665
0.446687
0.446708
0.446729
0.446751
0.446772
0.446794
0.446815
0.446837
0.446858
0.446880
0.446901
0.446922
0.446944
0.446965
0.446987
0.447008
0.447030
0.447051
0.447073
0.447094
0.447115
0.447137
0.447158
0.447180
0.447201
0.447223
0.447244
0.447265
0.447287
0.447308
0.447330
0.447351
0.447373
0.447394
0.447416
0.447437
0.447458
0.447480
0.447501
0.447523
0.447544
0.447566
0.447587
0.447608
0.447630
0.447651
0.447673
0.447694
0.447716
0.447737
0.447758
0.447780
0.447801
0.447823
0.447844
0.447866
0.447887
0.447908
0.447930
0.447951
0.447973
0.447994
0.448016
0.448037
0.448058
0.448080
0.448101
0.448123
0.448144
0.448166
0.448187
0.448208
0.448230
0.448251
0.448273
0.448294
0.448316
0.448337
0.448358
0.448380
0.448401
0.448423
0.448444
0.448466
0.448487
0.448508
0.448530
0.448551
0.448573
0.448594
0.448616
0.448637
0.448658
0.448680
0.448701
0.448723
0.448744
0.448765
0.448787
0.448808
0.448830
0.448851
0.448873
0.448894
0.448915
0.448937
0.448958
0.448980
0.449001
0.449022
0.449044
0.449065
0.449087
0.449108
0.449130
0.449151
0.449172
0.449194
0.449215
0.449237
0.449258
0.449279
0.449301
0.449322
0.449344
0.449365
0.449387
0.449408
0.449429
0.449451
0.449472
0.449494
0.449515
0.449536
0.449558
0.449579
0.449601
0.449622
0.449643
0.449665
0.449686
0.449708
0.449729
0.449750
0.449772
0.449793
0.449815
0.449836
0.449858
0.449879
0.449900
0.449922
0.449943
0.449965
0.449986
0.450007
0.450029
0.450050
0.450072
0.450093
0.450114
0.450136
0.450157
0.450179
0.450200
0.450221
0.450243
0.450264
0.450286
0.450307
0.450328
0.450350
0.450371
0.450393
0.450414
0.450435
0.450457
0.450478
0.450500
0.450521
0.450542
0.450564
0.450585
0.450607
0.450628
0.450649
0.450671
0.450692
0.450714
0.450735
0.450756
0.450778
0.450799
0.450821
0.450842
0.450863
0.450885
0.450906
0.450928
0.450949
0.450970
0.450992
0.451013
0.451034
0.451056
0.451077
0.451099
0.451120
0.451141
0.451163
0.451184
0.451206
0.451227
0.451248
0.451270
0.451291
0.451313
0.451334
0.451355
0.451377
0.451398
0.451419
0.451441
0.451462
0.451484
0.451505
0.451526
0.451548
0.451569
0.451591
0.451612
0.451633
0.451655
0.451676
0.451697
0.451719
0.451740
0.451762
0.451783
0.451804
0.451826
0.451847
0.451869
0.451890
0.451911
0.451933
0.451954
0.451975
0.451997
0.452018
0.452040
0.452061
0.452082
0.452104
0.452125
0.452147
0.452168
0.452189
0.452211
0.452232
0.452253
0.452275
0.452296
0.452318
0.452339
0.452360
0.452382
0.452403
0.452424
0.452446
0.452467
0.452489
0.452510
0.452531
0.452553
0.452574
0.452595
0.452617
0.452638
0.452660
0.452681
0.452702
0.452724
0.452745
0.452766
0.452788
0.452809
0.452830
0.452852
0.452873
0.452895
0.452916
0.452937
0.452959
0.452980
0.453001
0.453023
0.453044
0.453066
0.453087
0.453108
0.453130
0.453151
0.453172
0.453194
0.453215
0.453236
0.453258
0.453279
0.453301
0.453322
0.453343
0.453365
0.453386
0.453407
0.453429
0.453450
0.453471
0.453493
0.453514
0.453536
0.453557
0.453578
0.453600
0.453621
0.453642
0.453664
0.453685
0.453706
0.453728
0.453749
0.453771
0.453792
0.453813
0.453835
0.453856
0.453877
0.453899
0.453920
0.453941
0.453963
0.453984
0.454005
0.454027
0.454048
0.454070
0.454091
0.454112
0.454134
0.454155
0.454176
0.454198
0.454219
0.454240
0.454262
0.454283
0.454304
0.454326
0.454347
0.454368
0.454390
0.454411
0.454433
0.454454
0.454475
0.454497
0.454518
0.454539
0.454561
0.454582
0.454603
0.454625
0.454646
0.454667
0.454689
0.454710
0.454731
0.454753
0.454774
0.454795
0.454817
0.454838
0.454859
0.454881
0.454902
0.454924
0.454945
0.454966
0.454988
0.455009
0.455030
0.455052
0.455073
0.455094
0.455116
0.455137
0.455158
0.455180
0.455201
0.455222
0.455244
0.455265
0.455286
0.455308
0.455329
0.455350
0.455372
0.455393
0.455414
0.455436
0.455457
0.455478
0.455500
0.455521
0.455542
0.455564
0.455585
0.455606
0.455628
0.455649
0.455670
0.455692
0.455713
0.455734
0.455756
0.455777
0.455798
0.455820
0.455841
0.455862
0.455884
0.455905
0.455926
0.455948
0.455969
0.455990
0.456012
0.456033
0.456054
0.456076
0.456097
0.456118
0.456140
0.456161
0.456182
0.456204
0.456225
0.456246
0.456268
0.456289
0.456310
0.456332
0.456353
0.456374
0.456396
0.456417
0.456438
0.456460
0.456481
0.456502
0.456524
0.456545
0.456566
0.456588
0.456609
0.456630
0.456652
0.456673
0.456694
0.456716
0.456737
0.456758
0.456780
0.456801
0.456822
0.456843
0.456865
0.456886
0.456907
0.456929
0.456950
0.456971
0.456993
0.457014
0.457035
0.457057
0.457078
0.457099
0.457121
0.457142
0.457163
0.457185
0.457206
0.457227
0.457249
0.457270
0.457291
0.457312
0.457334
0.457355
0.457376
0.457398
0.457419
0.457440
0.457462
0.457483
0.457504
0.457526
0.457547
0.457568
0.457590
0.457611
0.457632
0.457653
0.457675
0.457696
0.457717
0.457739
0.457760
0.457781
0.457803
0.457824
0.457845
0.457867
0.457888
0.457909
0.457930
0.457952
0.457973
0.457994
0.458016
0.458037
0.458058
0.458080
0.458101
0.458122
0.458144
0.458165
0.458186
0.458207
0.458229
0.458250
0.458271
0.458293
0.458314
0.458335
0.458357
0.458378
0.458399
0.458421
0.458442
0.458463
0.458484
0.458506
0.458527
0.458548
0.458570
0.458591
0.458612
0.458634
0.458655
0.458676
0.458697
0.458719
0.458740
0.458761
0.458783
0.458804
0.458825
0.458846
0.458868
0.458889
0.458910
0.458932
0.458953
0.458974
0.458996
0.459017
0.459038
0.459059
0.459081
0.459102
0.459123
0.459145
0.459166
0.459187
0.459208
0.459230
0.459251
0.459272
0.459294
0.459315
0.459336
0.459358
0.459379
0.459400
0.459421
0.459443
0.459464
0.459485
0.459507
0.459528
0.459549
0.459570
0.459592
0.459613
0.459634
0.459656
0.459677
0.459698
0.459719
0.459741
0.459762
0.459783
0.459805
0.459826
0.459847
0.459868
0.459890
0.459911
0.459932
0.459954
0.459975
0.459996
0.460017
0.460039
0.460060
0.460081
0.460103
0.460124
0.460145
0.460166
0.460188
0.460209
0.460230
0.460251
0.460273
0.460294
0.460315
0.460337
0.460358
0.460379
0.460400
0.460422
0.460443
0.460464
0.460486
0.460507
0.460528
0.460549
0.460571
0.460592
0.460613
0.460634
0.460656
0.460677
0.460698
0.460720
0.460741
0.460762
0.460783
0.460805
0.460826
0.460847
0.460868
0.460890
0.460911
0.460932
0.460954
0.460975
0.460996
0.461017
0.461039
0.461060
0.461081
0.461102
0.461124
0.461145
0.461166
0.461187
0.461209
0.461230
0.461251
0.461273
0.461294
0.461315
0.461336
0.461358
0.461379
0.461400
0.461421
0.461443
0.461464
0.461485
0.461506
0.461528
0.461549
0.461570
0.461592
0.461613
0.461634
0.461655
0.461677
0.461698
0.461719
0.461740
0.461762
0.461783
0.461804
0.461825
0.461847
0.461868
0.461889
0.461910
0.461932
0.461953
0.461974
0.461995
0.462017
0.462038
0.462059
0.462080
0.462102
0.462123
0.462144
0.462165
0.462187
0.462208
0.462229
0.462251
0.462272
0.462293
0.462314
0.462336
0.462357
0.462378
0.462399
0.462421
0.462442
0.462463
0.462484
0.462506
0.462527
0.462548
0.462569
0.462591
0.462612
0.462633
0.462654
0.462676
0.462697
0.462718
0.462739
0.462761
0.462782
0.462803
0.462824
0.462846
0.462867
0.462888
0.462909
0.462931
0.462952
0.462973
0.462994
0.463015
0.463037
0.463058
0.463079
0.463100
0.463122
0.463143
0.463164
0.463185
0.463207
0.463228
0.463249
0.463270
0.463292
0.463313
0.463334
0.463355
0.463377
0.463398
0.463419
0.463440
0.463462
0.463483
0.463504
0.463525
0.463547
0.463568
0.463589
0.463610
0.463631
0.463653
0.463674
0.463695
0.463716
0.463738
0.463759
0.463780
0.463801
0.463823
0.463844
0.463865
0.463886
0.463908
0.463929
0.463950
0.463971
0.463992
0.464014
0.464035
0.464056
0.464077
0.464099
0.464120
0.464141
0.464162
0.464184
0.464205
0.464226
0.464247
0.464268
0.464290
0.464311
0.464332
0.464353
0.464375
0.464396
0.464417
0.464438
0.464459
0.464481
0.464502
0.464523
0.464544
0.464566
0.464587
0.464608
0.464629
0.464651
0.464672
0.464693
0.464714
0.464735
0.464757
0.464778
0.464799
0.464820
0.464842
0.464863
0.464884
0.464905
0.464926
0.464948
0.464969
0.464990
0.465011
0.465033
0.465054
0.465075
0.465096
0.465117
0.465139
0.465160
0.465181
0.465202
0.465223
0.465245
0.465266
0.465287
0.465308
0.465330
0.465351
0.465372
0.465393
0.465414
0.465436
0.465457
0.465478
0.465499
0.465520
0.465542
0.465563
0.465584
0.465605
0.465627
0.465648
0.465669
0.465690
0.465711
0.465733
0.465754
0.465775
0.465796
0.465817
0.465839
0.465860
0.465881
0.465902
0.465923
0.465945
0.465966
0.465987
0.466008
0.466030
0.466051
0.466072
0.466093
0.466114
0.466136
0.466157
0.466178
0.466199
0.466220
0.466242
0.466263
0.466284
0.466305
0.466326
0.466348
0.466369
0.466390
0.466411
0.466432
0.466454
0.466475
0.466496
0.466517
0.466538
0.466560
0.466581
0.466602
0.466623
0.466644
0.466666
0.466687
0.466708
0.466729
0.466750
0.466772
0.466793
0.466814
0.466835
0.466856
0.466878
0.466899
0.466920
0.466941
0.466962
0.466984
0.467005
0.467026
0.467047
0.467068
0.467090
0.467111
0.467132
0.467153
0.467174
0.467195
0.467217
0.467238
0.467259
0.467280
0.467301
0.467323
0.467344
0.467365
0.467386
0.467407
0.467429
0.467450
0.467471
0.467492
0.467513
0.467535
0.467556
0.467577
0.467598
0.467619
0.467640
0.467662
0.467683
0.467704
0.467725
0.467746
0.467768
0.467789
0.467810
0.467831
0.467852
0.467873
0.467895
0.467916
0.467937
0.467958
0.467979
0.468001
0.468022
0.468043
0.468064
0.468085
0.468106
0.468128
0.468149
0.468170
0.468191
0.468212
0.468234
0.468255
0.468276
0.468297
0.468318
0.468339
0.468361
0.468382
0.468403
0.468424
0.468445
0.468466
0.468488
0.468509
0.468530
0.468551
0.468572
0.468594
0.468615
0.468636
0.468657
0.468678
0.468699
0.468721
0.468742
0.468763
0.468784
0.468805
0.468826
0.468848
0.468869
0.468890
0.468911
0.468932
0.468953
0.468975
0.468996
0.469017
0.469038
0.469059
0.469080
0.469102
0.469123
0.469144
0.469165
0.469186
0.469207
0.469229
0.469250
0.469271
0.469292
0.469313
0.469334
0.469356
0.469377
0.469398
0.469419
0.469440
0.469461
0.469483
0.469504
0.469525
0.469546
0.469567
0.469588
0.469610
0.469631
0.469652
0.469673
0.469694
0.469715
0.469737
0.469758
0.469779
0.469800
0.469821
0.469842
0.469864
0.469885
0.469906
0.469927
0.469948
0.469969
0.469990
0.470012
0.470033
0.470054
0.470075
0.470096
0.470117
0.470139
0.470160
0.470181
0.470202
0.470223
0.470244
0.470265
0.470287
0.470308
0.470329
0.470350
0.470371
0.470392
0.470414
0.470435
0.470456
0.470477
0.470498
0.470519
0.470540
0.470562
0.470583
0.470604
0.470625
0.470646
0.470667
0.470688
0.470710
0.470731
0.470752
0.470773
0.470794
0.470815
0.470836
0.470858
0.470879
0.470900
0.470921
0.470942
0.470963
0.470984
0.471006
0.471027
0.471048
0.471069
0.471090
0.471111
0.471132
0.471154
0.471175
0.471196
0.471217
0.471238
0.471259
0.471280
0.471302
0.471323
0.471344
0.471365
0.471386
0.471407
0.471428
0.471450
0.471471
0.471492
0.471513
0.471534
0.471555
0.471576
0.471598
0.471619
0.471640
0.471661
0.471682
0.471703
0.471724
0.471745
0.471767
0.471788
0.471809
0.471830
0.471851
0.471872
0.471893
0.471915
0.471936
0.471957
0.471978
0.471999
0.472020
0.472041
0.472062
0.472084
0.472105
0.472126
0.472147
0.472168
0.472189
0.472210
0.472231
0.472253
0.472274
0.472295
0.472316
0.472337
0.472358
0.472379
0.472400
0.472422
0.472443
0.472464
0.472485
0.472506
0.472527
0.472548
0.472569
0.472591
0.472612
0.472633
0.472654
0.472675
0.472696
0.472717
0.472738
0.472760
0.472781
0.472802
0.472823
0.472844
0.472865
0.472886
0.472907
0.472929
0.472950
0.472971
0.472992
0.473013
0.473034
0.473055
0.473076
0.473097
0.473119
0.473140
0.473161
0.473182
0.473203
0.473224
0.473245
0.473266
0.473288
0.473309
0.473330
0.473351
0.473372
0.473393
0.473414
0.473435
0.473456
0.473478
0.473499
0.473520
0.473541
0.473562
0.473583
0.473604
0.473625
0.473646
0.473668
0.473689
0.473710
0.473731
0.473752
0.473773
0.473794
0.473815
0.473836
0.473858
0.473879
0.473900
0.473921
0.473942
0.473963
0.473984
0.474005
0.474026
0.474047
0.474069
0.474090
0.474111
0.474132
0.474153
0.474174
0.474195
0.474216
0.474237
0.474258
0.474280
0.474301
0.474322
0.474343
0.474364
0.474385
0.474406
0.474427
0.474448
0.474469
0.474491
0.474512
0.474533
0.474554
0.474575
0.474596
0.474617
0.474638
0.474659
0.474680
0.474702
0.474723
0.474744
0.474765
0.474786
0.474807
0.474828
0.474849
0.474870
0.474891
0.474912
0.474934
0.474955
0.474976
0.474997
0.475018
0.475039
0.475060
0.475081
0.475102
0.475123
0.475145
0.475166
0.475187
0.475208
0.475229
0.475250
0.475271
0.475292
0.475313
0.475334
0.475355
0.475376
0.475398
0.475419
0.475440
0.475461
0.475482
0.475503
0.475524
0.475545
0.475566
0.475587
0.475608
0.475630
0.475651
0.475672
0.475693
0.475714
0.475735
0.475756
0.475777
0.475798
0.475819
0.475840
0.475861
0.475882
0.475904
0.475925
0.475946
0.475967
0.475988
0.476009
0.476030
0.476051
0.476072
0.476093
0.476114
0.476135
0.476157
0.476178
0.476199
0.476220
0.476241
0.476262
0.476283
0.476304
0.476325
0.476346
0.476367
0.476388
0.476409
0.476430
0.476452
0.476473
0.476494
0.476515
0.476536
0.476557
0.476578
0.476599
0.476620
0.476641
0.476662
0.476683
0.476704
0.476725
0.476747
0.476768
0.476789
0.476810
0.476831
0.476852
0.476873
0.476894
0.476915
0.476936
0.476957
0.476978
0.476999
0.477020
0.477042
0.477063
0.477084
0.477105
0.477126
0.477147
0.477168
0.477189
0.477210
0.477231
0.477252
0.477273
0.477294
0.477315
0.477336
0.477357
0.477379
0.477400
0.477421
0.477442
0.477463
0.477484
0.477505
0.477526
0.477547
0.477568
0.477589
0.477610
0.477631
0.477652
0.477673
0.477694
0.477715
0.477737
0.477758
0.477779
0.477800
0.477821
0.477842
0.477863
0.477884
0.477905
0.477926
0.477947
0.477968
0.477989
0.478010
0.478031
0.478052
0.478073
0.478094
0.478115
0.478137
0.478158
0.478179
0.478200
0.478221
0.478242
0.478263
0.478284
0.478305
0.478326
0.478347
0.478368
0.478389
0.478410
0.478431
0.478452
0.478473
0.478494
0.478515
0.478536
0.478557
0.478579
0.478600
0.478621
0.478642
0.478663
0.478684
0.478705
0.478726
0.478747
0.478768
0.478789
0.478810
0.478831
0.478852
0.478873
0.478894
0.478915
0.478936
0.478957
0.478978
0.478999
0.479020
0.479041
0.479063
0.479084
0.479105
0.479126
0.479147
0.479168
0.479189
0.479210
0.479231
0.479252
0.479273
0.479294
0.479315
0.479336
0.479357
0.479378
0.479399
0.479420
0.479441
0.479462
0.479483
0.479504
0.479525
0.479546
0.479567
0.479588
0.479609
0.479630
0.479652
0.479673
0.479694
0.479715
0.479736
0.479757
0.479778
0.479799
0.479820
0.479841
0.479862
0.479883
0.479904
0.479925
0.479946
0.479967
0.479988
0.480009
0.480030
0.480051
0.480072
0.480093
0.480114
0.480135
0.480156
0.480177
0.480198
0.480219
0.480240
0.480261
0.480282
0.480303
0.480324
0.480345
0.480366
0.480387
0.480408
0.480429
0.480450
0.480472
0.480493
0.480514
0.480535
0.480556
0.480577
0.480598
0.480619
0.480640
0.480661
0.480682
0.480703
0.480724
0.480745
0.480766
0.480787
0.480808
0.480829
0.480850
0.480871
0.480892
0.480913
0.480934
0.480955
0.480976
0.480997
0.481018
0.481039
0.481060
0.481081
0.481102
0.481123
0.481144
0.481165
0.481186
0.481207
0.481228
0.481249
0.481270
0.481291
0.481312
0.481333
0.481354
0.481375
0.481396
0.481417
0.481438
0.481459
0.481480
0.481501
0.481522
0.481543
0.481564
0.481585
0.481606
0.481627
0.481648
0.481669
0.481690
0.481711
0.481732
0.481753
0.481774
0.481795
0.481816
0.481837
0.481858
0.481879
0.481900
0.481921
0.481942
0.481963
0.481984
0.482005
0.482026
0.482047
0.482068
0.482089
0.482110
0.482131
0.482152
0.482173
0.482194
0.482215
0.482236
0.482257
0.482278
0.482299
0.482320
0.482341
0.482362
0.482383
0.482404
0.482425
0.482446
0.482467
0.482488
0.482509
0.482530
0.482551
0.482572
0.482593
0.482614
0.482635
0.482656
0.482677
0.482698
0.482719
0.482740
0.482761
0.482782
0.482803
0.482824
0.482845
0.482866
0.482887
0.482908
0.482929
0.482950
0.482971
0.482992
0.483013
0.483034
0.483055
0.483076
0.483097
0.483118
0.483139
0.483160
0.483181
0.483202
0.483223
0.483244
0.483265
0.483286
0.483307
0.483328
0.483349
0.483370
0.483391
0.483412
0.483433
0.483454
0.483475
0.483496
0.483517
0.483538
0.483559
0.483580
0.483601
0.483621
0.483642
0.483663
0.483684
0.483705
0.483726
0.483747
0.483768
0.483789
0.483810
0.483831
0.483852
0.483873
0.483894
0.483915
0.483936
0.483957
0.483978
0.483999
0.484020
0.484041
0.484062
0.484083
0.484104
0.484125
0.484146
0.484167
0.484188
0.484209
0.484230
0.484251
0.484272
0.484293
0.484314
0.484335
0.484356
0.484377
0.484398
0.484418
0.484439
0.484460
0.484481
0.484502
0.484523
0.484544
0.484565
0.484586
0.484607
0.484628
0.484649
0.484670
0.484691
0.484712
0.484733
0.484754
0.484775
0.484796
0.484817
0.484838
0.484859
0.484880
0.484901
0.484922
0.484943
0.484964
0.484985
0.485005
0.485026
0.485047
0.485068
0.485089
0.485110
0.485131
0.485152
0.485173
0.485194
0.485215
0.485236
0.485257
0.485278
0.485299
0.485320
0.485341
0.485362
0.485383
0.485404
0.485425
0.485446
0.485467
0.485488
0.485508
0.485529
0.485550
0.485571
0.485592
0.485613
0.485634
0.485655
0.485676
0.485697
0.485718
0.485739
0.485760
0.485781
0.485802
0.485823
0.485844
0.485865
0.485886
0.485907
0.485927
0.485948
0.485969
0.485990
0.486011
0.486032
0.486053
0.486074
0.486095
0.486116
0.486137
0.486158
0.486179
0.486200
0.486221
0.486242
0.486263
0.486284
0.486305
0.486325
0.486346
0.486367
0.486388
0.486409
0.486430
0.486451
0.486472
0.486493
0.486514
0.486535
0.486556
0.486577
0.486598
0.486619
0.486640
0.486661
0.486681
0.486702
0.486723
0.486744
0.486765
0.486786
0.486807
0.486828
0.486849
0.486870
0.486891
0.486912
0.486933
0.486954
0.486975
0.486996
0.487016
0.487037
0.487058
0.487079
0.487100
0.487121
0.487142
0.487163
0.487184
0.487205
0.487226
0.487247
0.487268
0.487289
0.487309
0.487330
0.487351
0.487372
0.487393
0.487414
0.487435
0.487456
0.487477
0.487498
0.487519
0.487540
0.487561
0.487582
0.487602
0.487623
0.487644
0.487665
0.487686
0.487707
0.487728
0.487749
0.487770
0.487791
0.487812
0.487833
0.487854
0.487874
0.487895
0.487916
0.487937
0.487958
0.487979
0.488000
0.488021
0.488042
0.488063
0.488084
0.488105
0.488126
0.488146
0.488167
0.488188
0.488209
0.488230
0.488251
0.488272
0.488293
0.488314
0.488335
0.488356
0.488377
0.488397
0.488418
0.488439
0.488460
0.488481
0.488502
0.488523
0.488544
0.488565
0.488586
0.488607
0.488628
0.488648
0.488669
0.488690
0.488711
0.488732
0.488753
0.488774
0.488795
0.488816
0.488837
0.488858
0.488878
0.488899
0.488920
0.488941
0.488962
0.488983
0.489004
0.489025
0.489046
0.489067
0.489088
0.489108
0.489129
0.489150
0.489171
0.489192
0.489213
0.489234
0.489255
0.489276
0.489297
0.489317
0.489338
0.489359
0.489380
0.489401
0.489422
0.489443
0.489464
0.489485
0.489506
0.489526
0.489547
0.489568
0.489589
0.489610
0.489631
0.489652
0.489673
0.489694
0.489715
0.489735
0.489756
0.489777
0.489798
0.489819
0.489840
0.489861
0.489882
0.489903
0.489924
0.489944
0.489965
0.489986
0.490007
0.490028
0.490049
0.490070
0.490091
0.490112
0.490132
0.490153
0.490174
0.490195
0.490216
0.490237
0.490258
0.490279
0.490300
0.490320
0.490341
0.490362
0.490383
0.490404
0.490425
0.490446
0.490467
0.490488
0.490508
0.490529
0.490550
0.490571
0.490592
0.490613
0.490634
0.490655
0.490676
0.490696
0.490717
0.490738
0.490759
0.490780
0.490801
0.490822
0.490843
0.490864
0.490884
0.490905
0.490926
0.490947
0.490968
0.490989
0.491010
0.491031
0.491051
0.491072
0.491093
0.491114
0.491135
0.491156
0.491177
0.491198
0.491218
0.491239
0.491260
0.491281
0.491302
0.491323
0.491344
0.491365
0.491385
0.491406
0.491427
0.491448
0.491469
0.491490
0.491511
0.491532
0.491552
0.491573
0.491594
0.491615
0.491636
0.491657
0.491678
0.491699
0.491719
0.491740
0.491761
0.491782
0.491803
0.491824
0.491845
0.491866
0.491886
0.491907
0.491928
0.491949
0.491970
0.491991
0.492012
0.492032
0.492053
0.492074
0.492095
0.492116
0.492137
0.492158
0.492179
0.492199
0.492220
0.492241
0.492262
0.492283
0.492304
0.492325
0.492345
0.492366
0.492387
0.492408
0.492429
0.492450
0.492471
0.492491
0.492512
0.492533
0.492554
0.492575
0.492596
0.492617
0.492637
0.492658
0.492679
0.492700
0.492721
0.492742
0.492763
0.492783
0.492804
0.492825
0.492846
0.492867
0.492888
0.492909
0.492929
0.492950
0.492971
0.492992
0.493013
0.493034
0.493055
0.493075
0.493096
0.493117
0.493138
0.493159
0.493180
0.493201
0.493221
0.493242
0.493263
0.493284
0.493305
0.493326
0.493347
0.493367
0.493388
0.493409
0.493430
0.493451
0.493472
0.493492
0.493513
0.493534
0.493555
0.493576
0.493597
0.493618
0.493638
0.493659
0.493680
0.493701
0.493722
0.493743
0.493763
0.493784
0.493805
0.493826
0.493847
0.493868
0.493888
0.493909
0.493930
0.493951
0.493972
0.493993
0.494014
0.494034
0.494055
0.494076
0.494097
0.494118
0.494139
0.494159
0.494180
0.494201
0.494222
0.494243
0.494264
0.494284
0.494305
0.494326
0.494347
0.494368
0.494389
0.494409
0.494430
0.494451
0.494472
0.494493
0.494514
0.494534
0.494555
0.494576
0.494597
0.494618
0.494639
0.494659
0.494680
0.494701
0.494722
0.494743
0.494764
0.494784
0.494805
0.494826
0.494847
0.494868
0.494889
0.494909
0.494930
0.494951
0.494972
0.494993
0.495013
0.495034
0.495055
0.495076
0.495097
0.495118
0.495138
0.495159
0.495180
0.495201
0.495222
0.495243
0.495263
0.495284
0.495305
0.495326
0.495347
0.495367
0.495388
0.495409
0.495430
0.495451
0.495472
0.495492
0.495513
0.495534
0.495555
0.495576
0.495596
0.495617
0.495638
0.495659
0.495680
0.495701
0.495721
0.495742
0.495763
0.495784
0.495805
0.495825
0.495846
0.495867
0.495888
0.495909
0.495930
0.495950
0.495971
0.495992
0.496013
0.496034
0.496054
0.496075
0.496096
0.496117
0.496138
0.496158
0.496179
0.496200
0.496221
0.496242
0.496263
0.496283
0.496304
0.496325
0.496346
0.496367
0.496387
0.496408
0.496429
0.496450
0.496471
0.496491
0.496512
0.496533
0.496554
0.496575
0.496595
0.496616
0.496637
0.496658
0.496679
0.496699
0.496720
0.496741
0.496762
0.496783
0.496803
0.496824
0.496845
0.496866
0.496887
0.496907
0.496928
0.496949
0.496970
0.496991
0.497011
0.497032
0.497053
0.497074
0.497095
0.497115
0.497136
0.497157
0.497178
0.497199
0.497219
0.497240
0.497261
0.497282
0.497303
0.497323
0.497344
0.497365
0.497386
0.497407
0.497427
0.497448
0.497469
0.497490
0.497511
0.497531
0.497552
0.497573
0.497594
0.497614
0.497635
0.497656
0.497677
0.497698
0.497718
0.497739
0.497760
0.497781
0.497802
0.497822
0.497843
0.497864
0.497885
0.497906
0.497926
0.497947
0.497968
0.497989
0.498009
0.498030
0.498051
0.498072
0.498093
0.498113
0.498134
0.498155
0.498176
0.498196
0.498217
0.498238
0.498259
0.498280
0.498300
0.498321
0.498342
0.498363
0.498384
0.498404
0.498425
0.498446
0.498467
0.498487
0.498508
0.498529
0.498550
0.498571
0.498591
0.498612
0.498633
0.498654
0.498674
0.498695
0.498716
0.498737
0.498758
0.498778
0.498799
0.498820
0.498841
0.498861
0.498882
0.498903
0.498924
0.498944
0.498965
0.498986
0.499007
0.499028
0.499048
0.499069
0.499090
0.499111
0.499131
0.499152
0.499173
0.499194
0.499214
0.499235
0.499256
0.499277
0.499298
0.499318
0.499339
0.499360
0.499381
0.499401
0.499422
0.499443
0.499464
0.499484
0.499505
0.499526
0.499547
0.499567
0.499588
0.499609
0.499630
0.499651
0.499671
0.499692
0.499713
0.499734
0.499754
0.499775
0.499796
0.499817
0.499837
0.499858
0.499879
0.499900
0.499920
0.499941
0.499962
0.499983
0.500003
0.500024
0.500045
0.500066
0.500086
0.500107
0.500128
0.500149
0.500170
0.500190
0.500211
0.500232
0.500253
0.500273
0.500294
0.500315
0.500336
0.500356
0.500377
0.500398
0.500419
0.500439
0.500460
0.500481
0.500502
0.500522
0.500543
0.500564
0.500585
0.500605
0.500626
0.500647
0.500668
0.500688
0.500709
0.500730
0.500751
0.500771
0.500792
0.500813
0.500834
0.500854
0.500875
0.500896
0.500916
0.500937
0.500958
0.500979
0.500999
0.501020
0.501041
0.501062
0.501082
0.501103
0.501124
0.501145
0.501165
0.501186
0.501207
0.501228
0.501248
0.501269
0.501290
0.501311
0.501331
0.501352
0.501373
0.501394
0.501414
0.501435
0.501456
0.501476
0.501497
0.501518
0.501539
0.501559
0.501580
0.501601
0.501622
0.501642
0.501663
0.501684
0.501705
0.501725
0.501746
0.501767
0.501788
0.501808
0.501829
0.501850
0.501870
0.501891
0.501912
0.501933
0.501953
0.501974
0.501995
0.502016
0.502036
0.502057
0.502078
0.502098
0.502119
0.502140
0.502161
0.502181
0.502202
0.502223
0.502244
0.502264
0.502285
0.502306
0.502326
0.502347
0.502368
0.502389
0.502409
0.502430
0.502451
0.502472
0.502492
0.502513
0.502534
0.502554
0.502575
0.502596
0.502617
0.502637
0.502658
0.502679
0.502699
0.502720
0.502741
0.502762
0.502782
0.502803
0.502824
0.502845
0.502865
0.502886
0.502907
0.502927
0.502948
0.502969
0.502990
0.503010
0.503031
0.503052
0.503072
0.503093
0.503114
0.503135
0.503155
0.503176
0.503197
0.503217
0.503238
0.503259
0.503280
0.503300
0.503321
0.503342
0.503362
0.503383
0.503404
0.503424
0.503445
0.503466
0.503487
0.503507
0.503528
0.503549
0.503569
0.503590
0.503611
0.503632
0.503652
0.503673
0.503694
0.503714
0.503735
0.503756
0.503777
0.503797
0.503818
0.503839
0.503859
0.503880
0.503901
0.503921
0.503942
0.503963
0.503984
0.504004
0.504025
0.504046
0.504066
0.504087
0.504108
0.504128
0.504149
0.504170
0.504191
0.504211
0.504232
0.504253
0.504273
0.504294
0.504315
0.504335
0.504356
0.504377
0.504398
0.504418
0.504439
0.504460
0.504480
0.504501
0.504522
0.504542
0.504563
0.504584
0.504604
0.504625
0.504646
0.504667
0.504687
0.504708
0.504729
0.504749
0.504770
0.504791
0.504811
0.504832
0.504853
0.504873
0.504894
0.504915
0.504936
0.504956
0.504977
0.504998
0.505018
0.505039
0.505060
0.505080
0.505101
0.505122
0.505142
0.505163
0.505184
0.505204
0.505225
0.505246
0.505266
0.505287
0.505308
0.505329
0.505349
0.505370
0.505391
0.505411
0.505432
0.505453
0.505473
0.505494
0.505515
0.505535
0.505556
0.505577
0.505597
0.505618
0.505639
0.505659
0.505680
0.505701
0.505721
0.505742
0.505763
0.505784
0.505804
0.505825
0.505846
0.505866
0.505887
0.505908
0.505928
0.505949
0.505970
0.505990
0.506011
0.506032
0.506052
0.506073
0.506094
0.506114
0.506135
0.506156
0.506176
0.506197
0.506218
0.506238
0.506259
0.506280
0.506300
0.506321
0.506342
0.506362
0.506383
0.506404
0.506424
0.506445
0.506466
0.506486
0.506507
0.506528
0.506548
0.506569
0.506590
0.506610
0.506631
0.506652
0.506672
0.506693
0.506714
0.506734
0.506755
0.506776
0.506796
0.506817
0.506838
0.506858
0.506879
0.506900
0.506920
0.506941
0.506962
0.506982
0.507003
0.507024
0.507044
0.507065
0.507086
0.507106
0.507127
0.507148
0.507168
0.507189
0.507210
0.507230
0.507251
0.507271
0.507292
0.507313
0.507333
0.507354
0.507375
0.507395
0.507416
0.507437
0.507457
0.507478
0.507499
0.507519
0.507540
0.507561
0.507581
0.507602
0.507623
0.507643
0.507664
0.507685
0.507705
0.507726
0.507746
0.507767
0.507788
0.507808
0.507829
0.507850
0.507870
0.507891
0.507912
0.507932
0.507953
0.507974
0.507994
0.508015
0.508036
0.508056
0.508077
0.508097
0.508118
0.508139
0.508159
0.508180
0.508201
0.508221
0.508242
0.508263
0.508283
0.508304
0.508325
0.508345
0.508366
0.508386
0.508407
0.508428
0.508448
0.508469
0.508490
0.508510
0.508531
0.508552
0.508572
0.508593
0.508613
0.508634
0.508655
0.508675
0.508696
0.508717
0.508737
0.508758
0.508779
0.508799
0.508820
0.508840
0.508861
0.508882
0.508902
0.508923
0.508944
0.508964
0.508985
0.509006
0.509026
0.509047
0.509067
0.509088
0.509109
0.509129
0.509150
0.509171
0.509191
0.509212
0.509232
0.509253
0.509274
0.509294
0.509315
0.509336
0.509356
0.509377
0.509397
0.509418
0.509439
0.509459
0.509480
0.509501
0.509521
0.509542
0.509562
0.509583
0.509604
0.509624
0.509645
0.509666
0.509686
0.509707
0.509727
0.509748
0.509769
0.509789
0.509810
0.509831
0.509851
0.509872
0.509892
0.509913
0.509934
0.509954
0.509975
0.509995
0.510016
0.510037
0.510057
0.510078
0.510099
0.510119
0.510140
0.510160
0.510181
0.510202
0.510222
0.510243
0.510263
0.510284
0.510305
0.510325
0.510346
0.510367
0.510387
0.510408
0.510428
0.510449
0.510470
0.510490
0.510511
0.510531
0.510552
0.510573
0.510593
0.510614
0.510634
0.510655
0.510676
0.510696
0.510717
0.510738
0.510758
0.510779
0.510799
0.510820
0.510841
0.510861
0.510882
0.510902
0.510923
0.510944
0.510964
0.510985
0.511005
0.511026
0.511047
0.511067
0.511088
0.511108
0.511129
0.511150
0.511170
0.511191
0.511211
0.511232
0.511253
0.511273
0.511294
0.511314
0.511335
0.511356
0.511376
0.511397
0.511417
0.511438
0.511459
0.511479
0.511500
0.511520
0.511541
0.511562
0.511582
0.511603
0.511623
0.511644
0.511665
0.511685
0.511706
0.511726
0.511747
0.511767
0.511788
0.511809
0.511829
0.511850
0.511870
0.511891
0.511912
0.511932
0.511953
0.511973
0.511994
0.512015
0.512035
0.512056
0.512076
0.512097
0.512117
0.512138
0.512159
0.512179
0.512200
0.512220
0.512241
0.512262
0.512282
0.512303
0.512323
0.512344
0.512365
0.512385
0.512406
0.512426
0.512447
0.512467
0.512488
0.512509
0.512529
0.512550
0.512570
0.512591
0.512611
0.512632
0.512653
0.512673
0.512694
0.512714
0.512735
0.512756
0.512776
0.512797
0.512817
0.512838
0.512858
0.512879
0.512900
0.512920
0.512941
0.512961
0.512982
0.513002
0.513023
0.513044
0.513064
0.513085
0.513105
0.513126
0.513146
0.513167
0.513188
0.513208
0.513229
0.513249
0.513270
0.513290
0.513311
0.513332
0.513352
0.513373
0.513393
0.513414
0.513434
0.513455
0.513476
0.513496
0.513517
0.513537
0.513558
0.513578
0.513599
0.513620
0.513640
0.513661
0.513681
0.513702
0.513722
0.513743
0.513763
0.513784
0.513805
0.513825
0.513846
0.513866
0.513887
0.513907
0.513928
0.513949
0.513969
0.513990
0.514010
0.514031
0.514051
0.514072
0.514092
0.514113
0.514134
0.514154
0.514175
0.514195
0.514216
0.514236
0.514257
0.514277
0.514298
0.514319
0.514339
0.514360
0.514380
0.514401
0.514421
0.514442
0.514462
0.514483
0.514504
0.514524
0.514545
0.514565
0.514586
0.514606
0.514627
0.514647
0.514668
0.514689
0.514709
0.514730
0.514750
0.514771
0.514791
0.514812
0.514832
0.514853
0.514873
0.514894
0.514915
0.514935
0.514956
0.514976
0.514997
0.515017
0.515038
0.515058
0.515079
0.515099
0.515120
0.515141
0.515161
0.515182
0.515202
0.515223
0.515243
0.515264
0.515284
0.515305
0.515325
0.515346
0.515367
0.515387
0.515408
0.515428
0.515449
0.515469
0.515490
0.515510
0.515531
0.515551
0.515572
0.515592
0.515613
0.515634
0.515654
0.515675
0.515695
0.515716
0.515736
0.515757
0.515777
0.515798
0.515818
0.515839
0.515859
0.515880
0.515900
0.515921
0.515942
0.515962
0.515983
0.516003
0.516024
0.516044
0.516065
0.516085
0.516106
0.516126
0.516147
0.516167
0.516188
0.516208
0.516229
0.516249
0.516270
0.516291
0.516311
0.516332
0.516352
0.516373
0.516393
0.516414
0.516434
0.516455
0.516475
0.516496
0.516516
0.516537
0.516557
0.516578
0.516598
0.516619
0.516639
0.516660
0.516680
0.516701
0.516722
0.516742
0.516763
0.516783
0.516804
0.516824
0.516845
0.516865
0.516886
0.516906
0.516927
0.516947
0.516968
0.516988
0.517009
0.517029
0.517050
0.517070
0.517091
0.517111
0.517132
0.517152
0.517173
0.517193
0.517214
0.517234
0.517255
0.517275
0.517296
0.517317
0.517337
0.517358
0.517378
0.517399
0.517419
0.517440
0.517460
0.517481
0.517501
0.517522
0.517542
0.517563
0.517583
0.517604
0.517624
0.517645
0.517665
0.517686
0.517706
0.517727
0.517747
0.517768
0.517788
0.517809
0.517829
0.517850
0.517870
0.517891
0.517911
0.517932
0.517952
0.517973
0.517993
0.518014
0.518034
0.518055
0.518075
0.518096
0.518116
0.518137
0.518157
0.518178
0.518198
0.518219
0.518239
0.518260
0.518280
0.518301
0.518321
0.518342
0.518362
0.518383
0.518403
0.518424
0.518444
0.518465
0.518485
0.518506
0.518526
0.518547
0.518567
0.518588
0.518608
0.518629
0.518649
0.518670
0.518690
0.518711
0.518731
0.518752
0.518772
0.518793
0.518813
0.518834
0.518854
0.518875
0.518895
0.518916
0.518936
0.518957
0.518977
0.518998
0.519018
0.519038
0.519059
0.519079
0.519100
0.519120
0.519141
0.519161
0.519182
0.519202
0.519223
0.519243
0.519264
0.519284
0.519305
0.519325
0.519346
0.519366
0.519387
0.519407
0.519428
0.519448
0.519469
0.519489
0.519510
0.519530
0.519551
0.519571
0.519592
0.519612
0.519632
0.519653
0.519673
0.519694
0.519714
0.519735
0.519755
0.519776
0.519796
0.519817
0.519837
0.519858
0.519878
0.519899
0.519919
0.519940
0.519960
0.519981
0.520001
0.520022
0.520042
0.520062
0.520083
0.520103
0.520124
0.520144
0.520165
0.520185
0.520206
0.520226
0.520247
0.520267
0.520288
0.520308
0.520329
0.520349
0.520370
0.520390
0.520410
0.520431
0.520451
0.520472
0.520492
0.520513
0.520533
0.520554
0.520574
0.520595
0.520615
0.520636
0.520656
0.520676
0.520697
0.520717
0.520738
0.520758
0.520779
0.520799
0.520820
0.520840
0.520861
0.520881
0.520902
0.520922
0.520942
0.520963
0.520983
0.521004
0.521024
0.521045
0.521065
0.521086
0.521106
0.521127
0.521147
0.521168
0.521188
0.521208
0.521229
0.521249
0.521270
0.521290
0.521311
0.521331
0.521352
0.521372
0.521393
0.521413
0.521433
0.521454
0.521474
0.521495
0.521515
0.521536
0.521556
0.521577
0.521597
0.521617
0.521638
0.521658
0.521679
0.521699
0.521720
0.521740
0.521761
0.521781
0.521802
0.521822
0.521842
0.521863
0.521883
0.521904
0.521924
0.521945
0.521965
0.521986
0.522006
0.522026
0.522047
0.522067
0.522088
0.522108
0.522129
0.522149
0.522169
0.522190
0.522210
0.522231
0.522251
0.522272
0.522292
0.522313
0.522333
0.522353
0.522374
0.522394
0.522415
0.522435
0.522456
0.522476
0.522497
0.522517
0.522537
0.522558
0.522578
0.522599
0.522619
0.522640
0.522660
0.522680
0.522701
0.522721
0.522742
0.522762
0.522783
0.522803
0.522823
0.522844
0.522864
0.522885
0.522905
0.522926
0.522946
0.522966
0.522987
0.523007
0.523028
0.523048
0.523069
0.523089
0.523109
0.523130
0.523150
0.523171
0.523191
0.523212
0.523232
0.523252
0.523273
0.523293
0.523314
0.523334
0.523355
0.523375
0.523395
0.523416
0.523436
0.523457
0.523477
0.523498
0.523518
0.523538
0.523559
0.523579
0.523600
0.523620
0.523640
0.523661
0.523681
0.523702
0.523722
0.523743
0.523763
0.523783
0.523804
0.523824
0.523845
0.523865
0.523886
0.523906
0.523926
0.523947
0.523967
0.523988
0.524008
0.524028
0.524049
0.524069
0.524090
0.524110
0.524130
0.524151
0.524171
0.524192
0.524212
0.524233
0.524253
0.524273
0.524294
0.524314
0.524335
0.524355
0.524375
0.524396
0.524416
0.524437
0.524457
0.524477
0.524498
0.524518
0.524539
0.524559
0.524579
0.524600
0.524620
0.524641
0.524661
0.524682
0.524702
0.524722
0.524743
0.524763
0.524784
0.524804
0.524824
0.524845
0.524865
0.524886
0.524906
0.524926
0.524947
0.524967
0.524988
0.525008
0.525028
0.525049
0.525069
0.525090
0.525110
0.525130
0.525151
0.525171
0.525192
0.525212
0.525232
0.525253
0.525273
0.525293
0.525314
0.525334
0.525355
0.525375
0.525395
0.525416
0.525436
0.525457
0.525477
0.525497
0.525518
0.525538
0.525559
0.525579
0.525599
0.525620
0.525640
0.525661
0.525681
0.525701
0.525722
0.525742
0.525763
0.525783
0.525803
0.525824
0.525844
0.525864
0.525885
0.525905
0.525926
0.525946
0.525966
0.525987
0.526007
0.526028
0.526048
0.526068
0.526089
0.526109
0.526129
0.526150
0.526170
0.526191
0.526211
0.526231
0.526252
0.526272
0.526293
0.526313
0.526333
0.526354
0.526374
0.526394
0.526415
0.526435
0.526456
0.526476
0.526496
0.526517
0.526537
0.526557
0.526578
0.526598
0.526619
0.526639
0.526659
0.526680
0.526700
0.526720
0.526741
0.526761
0.526782
0.526802
0.526822
0.526843
0.526863
0.526883
0.526904
0.526924
0.526945
0.526965
0.526985
0.527006
0.527026
0.527046
0.527067
0.527087
0.527107
0.527128
0.527148
0.527169
0.527189
0.527209
0.527230
0.527250
0.527270
0.527291
0.527311
0.527332
0.527352
0.527372
0.527393
0.527413
0.527433
0.527454
0.527474
0.527494
0.527515
0.527535
0.527556
0.527576
0.527596
0.527617
0.527637
0.527657
0.527678
0.527698
0.527718
0.527739
0.527759
0.527779
0.527800
0.527820
0.527841
0.527861
0.527881
0.527902
0.527922
0.527942
0.527963
0.527983
0.528003
0.528024
0.528044
0.528064
0.528085
0.528105
0.528126
0.528146
0.528166
0.528187
0.528207
0.528227
0.528248
0.528268
0.528288
0.528309
0.528329
0.528349
0.528370
0.528390
0.528410
0.528431
0.528451
0.528471
0.528492
0.528512
0.528533
0.528553
0.528573
0.528594
0.528614
0.528634
0.528655
0.528675
0.528695
0.528716
0.528736
0.528756
0.528777
0.528797
0.528817
0.528838
0.528858
0.528878
0.528899
0.528919
0.528939
0.528960
0.528980
0.529000
0.529021
0.529041
0.529061
0.529082
0.529102
0.529122
0.529143
0.529163
0.529183
0.529204
0.529224
0.529244
0.529265
0.529285
0.529305
0.529326
0.529346
0.529366
0.529387
0.529407
0.529428
0.529448
0.529468
0.529489
0.529509
0.529529
0.529549
0.529570
0.529590
0.529610
0.529631
0.529651
0.529671
0.529692
0.529712
0.529732
0.529753
0.529773
0.529793
0.529814
0.529834
0.529854
0.529875
0.529895
0.529915
0.529936
0.529956
0.529976
0.529997
0.530017
0.530037
0.530058
0.530078
0.530098
0.530119
0.530139
0.530159
0.530180
0.530200
0.530220
0.530241
0.530261
0.530281
0.530302
0.530322
0.530342
0.530363
0.530383
0.530403
0.530423
0.530444
0.530464
0.530484
0.530505
0.530525
0.530545
0.530566
0.530586
0.530606
0.530627
0.530647
0.530667
0.530688
0.530708
0.530728
0.530749
0.530769
0.530789
0.530809
0.530830
0.530850
0.530870
0.530891
0.530911
0.530931
0.530952
0.530972
0.530992
0.531013
0.531033
0.531053
0.531074
0.531094
0.531114
0.531134
0.531155
0.531175
0.531195
0.531216
0.531236
0.531256
0.531277
0.531297
0.531317
0.531338
0.531358
0.531378
0.531398
0.531419
0.531439
0.531459
0.531480
0.531500
0.531520
0.531541
0.531561
0.531581
0.531601
0.531622
0.531642
0.531662
0.531683
0.531703
0.531723
0.531744
0.531764
0.531784
0.531804
0.531825
0.531845
0.531865
0.531886
0.531906
0.531926
0.531947
0.531967
0.531987
0.532007
0.532028
0.532048
0.532068
0.532089
0.532109
0.532129
0.532149
0.532170
0.532190
0.532210
0.532231
0.532251
0.532271
0.532292
0.532312
0.532332
0.532352
0.532373
0.532393
0.532413
0.532434
0.532454
0.532474
0.532494
0.532515
0.532535
0.532555
0.532576
0.532596
0.532616
0.532636
0.532657
0.532677
0.532697
0.532718
0.532738
0.532758
0.532778
0.532799
0.532819
0.532839
0.532860
0.532880
0.532900
0.532920
0.532941
0.532961
0.532981
0.533002
0.533022
0.533042
0.533062
0.533083
0.533103
0.533123
0.533143
0.533164
0.533184
0.533204
0.533225
0.533245
0.533265
0.533285
0.533306
0.533326
0.533346
0.533367
0.533387
0.533407
0.533427
0.533448
0.533468
0.533488
0.533508
0.533529
0.533549
0.533569
0.533590
0.533610
0.533630
0.533650
0.533671
0.533691
0.533711
0.533731
0.533752
0.533772
0.533792
0.533812
0.533833
0.533853
0.533873
0.533894
0.533914
0.533934
0.533954
0.533975
0.533995
0.534015
0.534035
0.534056
0.534076
0.534096
0.534116
0.534137
0.534157
0.534177
0.534198
0.534218
0.534238
0.534258
0.534279
0.534299
0.534319
0.534339
0.534360
0.534380
0.534400
0.534420
0.534441
0.534461
0.534481
0.534501
0.534522
0.534542
0.534562
0.534582
0.534603
0.534623
0.534643
0.534663
0.534684
0.534704
0.534724
0.534744
0.534765
0.534785
0.534805
0.534825
0.534846
0.534866
0.534886
0.534906
0.534927
0.534947
0.534967
0.534987
0.535008
0.535028
0.535048
0.535068
0.535089
0.535109
0.535129
0.535149
0.535170
0.535190
0.535210
0.535230
0.535251
0.535271
0.535291
0.535311
0.535332
0.535352
0.535372
0.535392
0.535413
0.535433
0.535453
0.535473
0.535494
0.535514
0.535534
0.535554
0.535575
0.535595
0.535615
0.535635
0.535656
0.535676
0.535696
0.535716
0.535737
0.535757
0.535777
0.535797
0.535817
0.535838
0.535858
0.535878
0.535898
0.535919
0.535939
0.535959
0.535979
0.536000
0.536020
0.536040
0.536060
0.536081
0.536101
0.536121
0.536141
0.536161
0.536182
0.536202
0.536222
0.536242
0.536263
0.536283
0.536303
0.536323
0.536344
0.536364
0.536384
0.536404
0.536424
0.536445
0.536465
0.536485
0.536505
0.536526
0.536546
0.536566
0.536586
0.536607
0.536627
0.536647
0.536667
0.536687
0.536708
0.536728
0.536748
0.536768
0.536789
0.536809
0.536829
0.536849
0.536869
0.536890
0.536910
0.536930
0.536950
0.536971
0.536991
0.537011
0.537031
0.537051
0.537072
0.537092
0.537112
0.537132
0.537152
0.537173
0.537193
0.537213
0.537233
0.537254
0.537274
0.537294
0.537314
0.537334
0.537355
0.537375
0.537395
0.537415
0.537435
0.537456
0.537476
0.537496
0.537516
0.537537
0.537557
0.537577
0.537597
0.537617
0.537638
0.537658
0.537678
0.537698
0.537718
0.537739
0.537759
0.537779
0.537799
0.537819
0.537840
0.537860
0.537880
0.537900
0.537921
0.537941
0.537961
0.537981
0.538001
0.538022
0.538042
0.538062
0.538082
0.538102
0.538123
0.538143
0.538163
0.538183
0.538203
0.538224
0.538244
0.538264
0.538284
0.538304
0.538325
0.538345
0.538365
0.538385
0.538405
0.538426
0.538446
0.538466
0.538486
0.538506
0.538527
0.538547
0.538567
0.538587
0.538607
0.538628
0.538648
0.538668
0.538688
0.538708
0.538728
0.538749
0.538769
0.538789
0.538809
0.538829
0.538850
0.538870
0.538890
0.538910
0.538930
0.538951
0.538971
0.538991
0.539011
0.539031
0.539052
0.539072
0.539092
0.539112
0.539132
0.539152
0.539173
0.539193
0.539213
0.539233
0.539253
0.539274
0.539294
0.539314
0.539334
0.539354
0.539374
0.539395
0.539415
0.539435
0.539455
0.539475
0.539496
0.539516
0.539536
0.539556
0.539576
0.539596
0.539617
0.539637
0.539657
0.539677
0.539697
0.539718
0.539738
0.539758
0.539778
0.539798
0.539818
0.539839
0.539859
0.539879
0.539899
0.539919
0.539939
0.539960
0.539980
0.540000
0.540020
0.540040
0.540061
0.540081
0.540101
0.540121
0.540141
0.540161
0.540182
0.540202
0.540222
0.540242
0.540262
0.540282
0.540303
0.540323
0.540343
0.540363
0.540383
0.540403
0.540424
0.540444
0.540464
0.540484
0.540504
0.540524
0.540545
0.540565
0.540585
0.540605
0.540625
0.540645
0.540666
0.540686
0.540706
0.540726
0.540746
0.540766
0.540787
0.540807
0.540827
0.540847
0.540867
0.540887
0.540907
0.540928
0.540948
0.540968
0.540988
0.541008
0.541028
0.541049
0.541069
0.541089
0.541109
0.541129
0.541149
0.541170
0.541190
0.541210
0.541230
0.541250
0.541270
0.541290
0.541311
0.541331
0.541351
0.541371
0.541391
0.541411
0.541432
0.541452
0.541472
0.541492
0.541512
0.541532
0.541552
0.541573
0.541593
0.541613
0.541633
0.541653
0.541673
0.541693
0.541714
0.541734
0.541754
0.541774
0.541794
0.541814
0.541835
0.541855
0.541875
0.541895
0.541915
0.541935
0.541955
0.541976
0.541996
0.542016
0.542036
0.542056
0.542076
0.542096
0.542117
0.542137
0.542157
0.542177
0.542197
0.542217
0.542237
0.542257
0.542278
0.542298
0.542318
0.542338
0.542358
0.542378
0.542398
0.542419
0.542439
0.542459
0.542479
0.542499
0.542519
0.542539
0.542560
0.542580
0.542600
0.542620
0.542640
0.542660
0.542680
0.542700
0.542721
0.542741
0.542761
0.542781
0.542801
0.542821
0.542841
0.542862
0.542882
0.542902
0.542922
0.542942
0.542962
0.542982
0.543002
0.543023
0.543043
0.543063
0.543083
0.543103
0.543123
0.543143
0.543163
0.543184
0.543204
0.543224
0.543244
0.543264
0.543284
0.543304
0.543324
0.543345
0.543365
0.543385
0.543405
0.543425
0.543445
0.543465
0.543485
0.543505
0.543526
0.543546
0.543566
0.543586
0.543606
0.543626
0.543646
0.543666
0.543687
0.543707
0.543727
0.543747
0.543767
0.543787
0.543807
0.543827
0.543847
0.543868
0.543888
0.543908
0.543928
0.543948
0.543968
0.543988
0.544008
0.544028
0.544049
0.544069
0.544089
0.544109
0.544129
0.544149
0.544169
0.544189
0.544209
0.544230
0.544250
0.544270
0.544290
0.544310
0.544330
0.544350
0.544370
0.544390
0.544411
0.544431
0.544451
0.544471
0.544491
0.544511
0.544531
0.544551
0.544571
0.544591
0.544612
0.544632
0.544652
0.544672
0.544692
0.544712
0.544732
0.544752
0.544772
0.544792
0.544813
0.544833
0.544853
0.544873
0.544893
0.544913
0.544933
0.544953
0.544973
0.544993
0.545014
0.545034
0.545054
0.545074
0.545094
0.545114
0.545134
0.545154
0.545174
0.545194
0.545214
0.545235
0.545255
0.545275
0.545295
0.545315
0.545335
0.545355
0.545375
0.545395
0.545415
0.545435
0.545456
0.545476
0.545496
0.545516
0.545536
0.545556
0.545576
0.545596
0.545616
0.545636
0.545656
0.545677
0.545697
0.545717
0.545737
0.545757
0.545777
0.545797
0.545817
0.545837
0.545857
0.545877
0.545897
0.545918
0.545938
0.545958
0.545978
0.545998
0.546018
0.546038
0.546058
0.546078
0.546098
0.546118
0.546138
0.546158
0.546179
0.546199
0.546219
0.546239
0.546259
0.546279
0.546299
0.546319
0.546339
0.546359
0.546379
0.546399
0.546419
0.546440
0.546460
0.546480
0.546500
0.546520
0.546540
0.546560
0.546580
0.546600
0.546620
0.546640
0.546660
0.546680
0.546700
0.546721
0.546741
0.546761
0.546781
0.546801
0.546821
0.546841
0.546861
0.546881
0.546901
0.546921
0.546941
0.546961
0.546981
0.547001
0.547022
0.547042
0.547062
0.547082
0.547102
0.547122
0.547142
0.547162
0.547182
0.547202
0.547222
0.547242
0.547262
0.547282
0.547302
0.547322
0.547343
0.547363
0.547383
0.547403
0.547423
0.547443
0.547463
0.547483
0.547503
0.547523
0.547543
0.547563
0.547583
0.547603
0.547623
0.547643
0.547663
0.547684
0.547704
0.547724
0.547744
0.547764
0.547784
0.547804
0.547824
0.547844
0.547864
0.547884
0.547904
0.547924
0.547944
0.547964
0.547984
0.548004
0.548024
0.548044
0.548064
0.548085
0.548105
0.548125
0.548145
0.548165
0.548185
0.548205
0.548225
0.548245
0.548265
0.548285
0.548305
0.548325
0.548345
0.548365
0.548385
0.548405
0.548425
0.548445
0.548465
0.548485
0.548505
0.548526
0.548546
0.548566
0.548586
0.548606
0.548626
0.548646
0.548666
0.548686
0.548706
0.548726
0.548746
0.548766
0.548786
0.548806
0.548826
0.548846
0.548866
0.548886
0.548906
0.548926
0.548946
0.548966
0.548986
0.549006
0.549026
0.549046
0.549066
0.549087
0.549107
0.549127
0.549147
0.549167
0.549187
0.549207
0.549227
0.549247
0.549267
0.549287
0.549307
0.549327
0.549347
0.549367
0.549387
0.549407
0.549427
0.549447
0.549467
0.549487
0.549507
0.549527
0.549547
0.549567
0.549587
0.549607
0.549627
0.549647
0.549667
0.549687
0.549707
0.549727
0.549747
0.549767
0.549787
0.549807
0.549827
0.549848
0.549868
0.549888
0.549908
0.549928
0.549948
0.549968
0.549988
0.550008
0.550028
0.550048
0.550068
0.550088
0.550108
0.550128
0.550148
0.550168
0.550188
0.550208
0.550228
0.550248
0.550268
0.550288
0.550308
0.550328
0.550348
0.550368
0.550388
0.550408
0.550428
0.550448
0.550468
0.550488
0.550508
0.550528
0.550548
0.550568
0.550588
0.550608
0.550628
0.550648
0.550668
0.550688
0.550708
0.550728
0.550748
0.550768
0.550788
0.550808
0.550828
0.550848
0.550868
0.550888
0.550908
0.550928
0.550948
0.550968
0.550988
0.551008
0.551028
0.551048
0.551068
0.551088
0.551108
0.551128
0.551148
0.551168
0.551188
0.551208
0.551228
0.551248
0.551268
0.551288
0.551308
0.551328
0.551348
0.551368
0.551388
0.551408
0.551428
0.551448
0.551468
0.551488
0.551508
0.551528
0.551548
0.551568
0.551588
0.551608
0.551628
0.551648
0.551668
0.551688
0.551708
0.551728
0.551748
0.551768
0.551788
0.551808
0.551828
0.551848
0.551868
0.551888
0.551908
0.551928
0.551948
0.551968
0.551988
0.552008
0.552028
0.552048
0.552068
0.552088
0.552108
0.552128
0.552148
0.552168
0.552188
0.552208
0.552228
0.552248
0.552268
0.552288
0.552308
0.552328
0.552348
0.552368
0.552387
0.552407
0.552427
0.552447
0.552467
0.552487
0.552507
0.552527
0.552547
0.552567
0.552587
0.552607
0.552627
0.552647
0.552667
0.552687
0.552707
0.552727
0.552747
0.552767
0.552787
0.552807
0.552827
0.552847
0.552867
0.552887
0.552907
0.552927
0.552947
0.552967
0.552987
0.553007
0.553027
0.553047
0.553067
0.553087
0.553107
0.553127
0.553147
0.553166
0.553186
0.553206
0.553226
0.553246
0.553266
0.553286
0.553306
0.553326
0.553346
0.553366
0.553386
0.553406
0.553426
0.553446
0.553466
0.553486
0.553506
0.553526
0.553546
0.553566
0.553586
0.553606
0.553626
0.553646
0.553666
0.553686
0.553705
0.553725
0.553745
0.553765
0.553785
0.553805
0.553825
0.553845
0.553865
0.553885
0.553905
0.553925
0.553945
0.553965
0.553985
0.554005
0.554025
0.554045
0.554065
0.554085
0.554105
0.554125
0.554144
0.554164
0.554184
0.554204
0.554224
0.554244
0.554264
0.554284
0.554304
0.554324
0.554344
0.554364
0.554384
0.554404
0.554424
0.554444
0.554464
0.554484
0.554504
0.554524
0.554543
0.554563
0.554583
0.554603
0.554623
0.554643
0.554663
0.554683
0.554703
0.554723
0.554743
0.554763
0.554783
0.554803
0.554823
0.554843
0.554863
0.554882
0.554902
0.554922
0.554942
0.554962
0.554982
0.555002
0.555022
0.555042
0.555062
0.555082
0.555102
0.555122
0.555142
0.555162
0.555182
0.555201
0.555221
0.555241
0.555261
0.555281
0.555301
0.555321
0.555341
0.555361
0.555381
0.555401
0.555421
0.555441
0.555461
0.555481
0.555500
0.555520
0.555540
0.555560
0.555580
0.555600
0.555620
0.555640
0.555660
0.555680
0.555700
0.555720
0.555740
0.555760
0.555779
0.555799
0.555819
0.555839
0.555859
0.555879
0.555899
0.555919
0.555939
0.555959
0.555979
0.555999
0.556019
0.556038
0.556058
0.556078
0.556098
0.556118
0.556138
0.556158
0.556178
0.556198
0.556218
0.556238
0.556258
0.556278
0.556297
0.556317
0.556337
0.556357
0.556377
0.556397
0.556417
0.556437
0.556457
0.556477
0.556497
0.556517
0.556536
0.556556
0.556576
0.556596
0.556616
0.556636
0.556656
0.556676
0.556696
0.556716
0.556736
0.556755
0.556775
0.556795
0.556815
0.556835
0.556855
0.556875
0.556895
0.556915
0.556935
0.556955
0.556974
0.556994
0.557014
0.557034
0.557054
0.557074
0.557094
0.557114
0.557134
0.557154
0.557173
0.557193
0.557213
0.557233
0.557253
0.557273
0.557293
0.557313
0.557333
0.557353
0.557373
0.557392
0.557412
0.557432
0.557452
0.557472
0.557492
0.557512
0.557532
0.557552
0.557571
0.557591
0.557611
0.557631
0.557651
0.557671
0.557691
0.557711
0.557731
0.557751
0.557770
0.557790
0.557810
0.557830
0.557850
0.557870
0.557890
0.557910
0.557930
0.557949
0.557969
0.557989
0.558009
0.558029
0.558049
0.558069
0.558089
0.558109
0.558128
0.558148
0.558168
0.558188
0.558208
0.558228
0.558248
0.558268
0.558288
0.558307
0.558327
0.558347
0.558367
0.558387
0.558407
0.558427
0.558447
0.558467
0.558486
0.558506
0.558526
0.558546
0.558566
0.558586
0.558606
0.558626
0.558645
0.558665
0.558685
0.558705
0.558725
0.558745
0.558765
0.558785
0.558804
0.558824
0.558844
0.558864
0.558884
0.558904
0.558924
0.558944
0.558963
0.558983
0.559003
0.559023
0.559043
0.559063
0.559083
0.559103
0.559122
0.559142
0.559162
0.559182
0.559202
0.559222
0.559242
0.559262
0.559281
0.559301
0.559321
0.559341
0.559361
0.559381
0.559401
0.559421
0.559440
0.559460
0.559480
0.559500
0.559520
0.559540
0.559560
0.559579
0.559599
0.559619
0.559639
0.559659
0.559679
0.559699
0.559718
0.559738
0.559758
0.559778
0.559798
0.559818
0.559838
0.559858
0.559877
0.559897
0.559917
0.559937
0.559957
0.559977
0.559997
0.560016
0.560036
0.560056
0.560076
0.560096
0.560116
0.560136
0.560155
0.560175
0.560195
0.560215
0.560235
0.560255
0.560274
0.560294
0.560314
0.560334
0.560354
0.560374
0.560394
0.560413
0.560433
0.560453
0.560473
0.560493
0.560513
0.560533
0.560552
0.560572
0.560592
0.560612
0.560632
0.560652
0.560671
0.560691
0.560711
0.560731
0.560751
0.560771
0.560791
0.560810
0.560830
0.560850
0.560870
0.560890
0.560910
0.560929
0.560949
0.560969
0.560989
0.561009
0.561029
0.561049
0.561068
0.561088
0.561108
0.561128
0.561148
0.561168
0.561187
0.561207
0.561227
0.561247
0.561267
0.561287
0.561306
0.561326
0.561346
0.561366
0.561386
0.561406
0.561425
0.561445
0.561465
0.561485
0.561505
0.561525
0.561544
0.561564
0.561584
0.561604
0.561624
0.561644
0.561663
0.561683
0.561703
0.561723
0.561743
0.561763
0.561782
0.561802
0.561822
0.561842
0.561862
0.561882
0.561901
0.561921
0.561941
0.561961
0.561981
0.562001
0.562020
0.562040
0.562060
0.562080
0.562100
0.562119
0.562139
0.562159
0.562179
0.562199
0.562219
0.562238
0.562258
0.562278
0.562298
0.562318
0.562337
0.562357
0.562377
0.562397
0.562417
0.562437
0.562456
0.562476
0.562496
0.562516
0.562536
0.562555
0.562575
0.562595
0.562615
0.562635
0.562655
0.562674
0.562694
0.562714
0.562734
0.562754
0.562773
0.562793
0.562813
0.562833
0.562853
0.562873
0.562892
0.562912
0.562932
0.562952
0.562972
0.562991
0.563011
0.563031
0.563051
0.563071
0.563090
0.563110
0.563130
0.563150
0.563170
0.563189
0.563209
0.563229
0.563249
0.563269
0.563288
0.563308
0.563328
0.563348
0.563368
0.563387
0.563407
0.563427
0.563447
0.563467
0.563486
0.563506
0.563526
0.563546
0.563566
0.563585
0.563605
0.563625
0.563645
0.563665
0.563684
0.563704
0.563724
0.563744
0.563764
0.563783
0.563803
0.563823
0.563843
0.563863
0.563882
0.563902
0.563922
0.563942
0.563962
0.563981
0.564001
0.564021
0.564041
0.564061
0.564080
0.564100
0.564120
0.564140
0.564160
0.564179
0.564199
0.564219
0.564239
0.564258
0.564278
0.564298
0.564318
0.564338
0.564357
0.564377
0.564397
0.564417
0.564437
0.564456
0.564476
0.564496
0.564516
0.564535
0.564555
0.564575
0.564595
0.564615
0.564634
0.564654
0.564674
0.564694
0.564714
0.564733
0.564753
0.564773
0.564793
0.564812
0.564832
0.564852
0.564872
0.564892
0.564911
0.564931
0.564951
0.564971
0.564990
0.565010
0.565030
0.565050
0.565070
0.565089
0.565109
0.565129
0.565149
0.565168
0.565188
0.565208
0.565228
0.565247
0.565267
0.565287
0.565307
0.565327
0.565346
0.565366
0.565386
0.565406
0.565425
0.565445
0.565465
0.565485
0.565505
0.565524
0.565544
0.565564
0.565584
0.565603
0.565623
0.565643
0.565663
0.565682
0.565702
0.565722
0.565742
0.565761
0.565781
0.565801
0.565821
0.565841
0.565860
0.565880
0.565900
0.565920
0.565939
0.565959
0.565979
0.565999
0.566018
0.566038
0.566058
0.566078
0.566097
0.566117
0.566137
0.566157
0.566176
0.566196
0.566216
0.566236
0.566255
0.566275
0.566295
0.566315
0.566334
0.566354
0.566374
0.566394
0.566413
0.566433
0.566453
0.566473
0.566492
0.566512
0.566532
0.566552
0.566571
0.566591
0.566611
0.566631
0.566650
0.566670
0.566690
0.566710
0.566729
0.566749
0.566769
0.566789
0.566808
0.566828
0.566848
0.566868
0.566887
0.566907
0.566927
0.566947
0.566966
0.566986
0.567006
0.567026
0.567045
0.567065
0.567085
0.567105
0.567124
0.567144
0.567164
0.567184
0.567203
0.567223
0.567243
0.567263
0.567282
0.567302
0.567322
0.567342
0.567361
0.567381
0.567401
0.567420
0.567440
0.567460
0.567480
0.567499
0.567519
0.567539
0.567559
0.567578
0.567598
0.567618
0.567638
0.567657
0.567677
0.567697
0.567716
0.567736
0.567756
0.567776
0.567795
0.567815
0.567835
0.567855
0.567874
0.567894
0.567914
0.567933
0.567953
0.567973
0.567993
0.568012
0.568032
0.568052
0.568072
0.568091
0.568111
0.568131
0.568150
0.568170
0.568190
0.568210
0.568229
0.568249
0.568269
0.568289
0.568308
0.568328
0.568348
0.568367
0.568387
0.568407
0.568427
0.568446
0.568466
0.568486
0.568505
0.568525
0.568545
0.568565
0.568584
0.568604
0.568624
0.568643
0.568663
0.568683
0.568703
0.568722
0.568742
0.568762
0.568781
0.568801
0.568821
0.568841
0.568860
0.568880
0.568900
0.568919
0.568939
0.568959
0.568979
0.568998
0.569018
0.569038
0.569057
0.569077
0.569097
0.569117
0.569136
0.569156
0.569176
0.569195
0.569215
0.569235
0.569255
0.569274
0.569294
0.569314
0.569333
0.569353
0.569373
0.569392
0.569412
0.569432
0.569452
0.569471
0.569491
0.569511
0.569530
0.569550
0.569570
0.569589
0.569609
0.569629
0.569649
0.569668
0.569688
0.569708
0.569727
0.569747
0.569767
0.569786
0.569806
0.569826
0.569846
0.569865
0.569885
0.569905
0.569924
0.569944
0.569964
0.569983
0.570003
0.570023
0.570042
0.570062
0.570082
0.570102
0.570121
0.570141
0.570161
0.570180
0.570200
0.570220
0.570239
0.570259
0.570279
0.570298
0.570318
0.570338
0.570358
0.570377
0.570397
0.570417
0.570436
0.570456
0.570476
0.570495
0.570515
0.570535
0.570554
0.570574
0.570594
0.570613
0.570633
0.570653
0.570672
0.570692
0.570712
0.570732
0.570751
0.570771
0.570791
0.570810
0.570830
0.570850
0.570869
0.570889
0.570909
0.570928
0.570948
0.570968
0.570987
0.571007
0.571027
0.571046
0.571066
0.571086
0.571105
0.571125
0.571145
0.571164
0.571184
0.571204
0.571223
0.571243
0.571263
0.571282
0.571302
0.571322
0.571342
0.571361
0.571381
0.571401
0.571420
0.571440
0.571460
0.571479
0.571499
0.571519
0.571538
0.571558
0.571578
0.571597
0.571617
0.571637
0.571656
0.571676
0.571696
0.571715
0.571735
0.571755
0.571774
0.571794
0.571814
0.571833
0.571853
0.571873
0.571892
0.571912
0.571931
0.571951
0.571971
0.571990
0.572010
0.572030
0.572049
0.572069
0.572089
0.572108
0.572128
0.572148
0.572167
0.572187
0.572207
0.572226
0.572246
0.572266
0.572285
0.572305
0.572325
0.572344
0.572364
0.572384
0.572403
0.572423
0.572443
0.572462
0.572482
0.572502
0.572521
0.572541
0.572560
0.572580
0.572600
0.572619
0.572639
0.572659
0.572678
0.572698
0.572718
0.572737
0.572757
0.572777
0.572796
0.572816
0.572836
0.572855
0.572875
0.572895
0.572914
0.572934
0.572953
0.572973
0.572993
0.573012
0.573032
0.573052
0.573071
0.573091
0.573111
0.573130
0.573150
0.573170
0.573189
0.573209
0.573228
0.573248
0.573268
0.573287
0.573307
0.573327
0.573346
0.573366
0.573386
0.573405
0.573425
0.573444
0.573464
0.573484
0.573503
0.573523
0.573543
0.573562
0.573582
0.573602
0.573621
0.573641
0.573660
0.573680
0.573700
0.573719
0.573739
0.573759
0.573778
0.573798
0.573817
0.573837
0.573857
0.573876
0.573896
0.573916
0.573935
0.573955
0.573974
0.573994
0.574014
0.574033
0.574053
0.574073
0.574092
0.574112
0.574132
0.574151
0.574171
0.574190
0.574210
0.574230
0.574249
0.574269
0.574288
0.574308
0.574328
0.574347
0.574367
0.574387
0.574406
0.574426
0.574445
0.574465
0.574485
0.574504
0.574524
0.574544
0.574563
0.574583
0.574602
0.574622
0.574642
0.574661
0.574681
0.574700
0.574720
0.574740
0.574759
0.574779
0.574799
0.574818
0.574838
0.574857
0.574877
0.574897
0.574916
0.574936
0.574955
0.574975
0.574995
0.575014
0.575034
0.575053
0.575073
0.575093
0.575112
0.575132
0.575152
0.575171
0.575191
0.575210
0.575230
0.575250
0.575269
0.575289
0.575308
0.575328
0.575348
0.575367
0.575387
0.575406
0.575426
0.575446
0.575465
0.575485
0.575504
0.575524
0.575544
0.575563
0.575583
0.575602
0.575622
0.575642
0.575661
0.575681
0.575700
0.575720
0.575740
0.575759
0.575779
0.575798
0.575818
0.575838
0.575857
0.575877
0.575896
0.575916
0.575936
0.575955
0.575975
0.575994
0.576014
0.576034
0.576053
0.576073
0.576092
0.576112
0.576131
0.576151
0.576171
0.576190
0.576210
0.576229
0.576249
0.576269
0.576288
0.576308
0.576327
0.576347
0.576367
0.576386
0.576406
0.576425
0.576445
0.576464
0.576484
0.576504
0.576523
0.576543
0.576562
0.576582
0.576602
0.576621
0.576641
0.576660
0.576680
0.576699
0.576719
0.576739
0.576758
0.576778
0.576797
0.576817
0.576837
0.576856
0.576876
0.576895
0.576915
0.576934
0.576954
0.576974
0.576993
0.577013
0.577032
0.577052
0.577071
0.577091
0.577111
0.577130
0.577150
0.577169
0.577189
0.577208
0.577228
0.577248
0.577267
0.577287
0.577306
0.577326
0.577345
0.577365
0.577385
0.577404
0.577424
0.577443
0.577463
0.577482
0.577502
0.577522
0.577541
0.577561
0.577580
0.577600
0.577619
0.577639
0.577659
0.577678
0.577698
0.577717
0.577737
0.577756
0.577776
0.577796
0.577815
0.577835
0.577854
0.577874
0.577893
0.577913
0.577932
0.577952
0.577972
0.577991
0.578011
0.578030
0.578050
0.578069
0.578089
0.578108
0.578128
0.578148
0.578167
0.578187
0.578206
0.578226
0.578245
0.578265
0.578284
0.578304
0.578324
0.578343
0.578363
0.578382
0.578402
0.578421
0.578441
0.578460
0.578480
0.578500
0.578519
0.578539
0.578558
0.578578
0.578597
0.578617
0.578636
0.578656
0.578675
0.578695
0.578715
0.578734
0.578754
0.578773
0.578793
0.578812
0.578832
0.578851
0.578871
0.578890
0.578910
0.578930
0.578949
0.578969
0.578988
0.579008
0.579027
0.579047
0.579066
0.579086
0.579105
0.579125
0.579145
0.579164
0.579184
0.579203
0.579223
0.579242
0.579262
0.579281
0.579301
0.579320
0.579340
0.579359
0.579379
0.579399
0.579418
0.579438
0.579457
0.579477
0.579496
0.579516
0.579535
0.579555
0.579574
0.579594
0.579613
0.579633
0.579652
0.579672
0.579692
0.579711
0.579731
0.579750
0.579770
0.579789
0.579809
0.579828
0.579848
0.579867
0.579887
0.579906
0.579926
0.579945
0.579965
0.579984
0.580004
0.580023
0.580043
0.580063
0.580082
0.580102
0.580121
0.580141
0.580160
0.580180
0.580199
0.580219
0.580238
0.580258
0.580277
0.580297
0.580316
0.580336
0.580355
0.580375
0.580394
0.580414
0.580433
0.580453
0.580472
0.580492
0.580511
0.580531
0.580551
0.580570
0.580590
0.580609
0.580629
0.580648
0.580668
0.580687
0.580707
0.580726
0.580746
0.580765
0.580785
0.580804
0.580824
0.580843
0.580863
0.580882
0.580902
0.580921
0.580941
0.580960
0.580980
0.580999
0.581019
0.581038
0.581058
0.581077
0.581097
0.581116
0.581136
0.581155
0.581175
0.581194
0.581214
0.581233
0.581253
0.581272
0.581292
0.581311
0.581331
0.581350
0.581370
0.581389
0.581409
0.581428
0.581448
0.581467
0.581487
0.581506
0.581526
0.581545
0.581565
0.581584
0.581604
0.581623
0.581643
0.581662
0.581682
0.581701
0.581721
0.581740
0.581760
0.581779
0.581799
0.581818
0.581838
0.581857
0.581877
0.581896
0.581916
0.581935
0.581955
0.581974
0.581994
0.582013
0.582033
0.582052
0.582072
0.582091
0.582111
0.582130
0.582150
0.582169
0.582189
0.582208
0.582228
0.582247
0.582267
0.582286
0.582306
0.582325
0.582345
0.582364
0.582384
0.582403
0.582422
0.582442
0.582461
0.582481
0.582500
0.582520
0.582539
0.582559
0.582578
0.582598
0.582617
0.582637
0.582656
0.582676
0.582695
0.582715
0.582734
0.582754
0.582773
0.582793
0.582812
0.582832
0.582851
0.582871
0.582890
0.582909
0.582929
0.582948
0.582968
0.582987
0.583007
0.583026
0.583046
0.583065
0.583085
0.583104
0.583124
0.583143
0.583163
0.583182
0.583202
0.583221
0.583241
0.583260
0.583279
0.583299
0.583318
0.583338
0.583357
0.583377
0.583396
0.583416
0.583435
0.583455
0.583474
0.583494
0.583513
0.583533
0.583552
0.583571
0.583591
0.583610
0.583630
0.583649
0.583669
0.583688
0.583708
0.583727
0.583747
0.583766
0.583786
0.583805
0.583824
0.583844
0.583863
0.583883
0.583902
0.583922
0.583941
0.583961
0.583980
0.584000
0.584019
0.584038
0.584058
0.584077
0.584097
0.584116
0.584136
0.584155
0.584175
0.584194
0.584214
0.584233
0.584252
0.584272
0.584291
0.584311
0.584330
0.584350
0.584369
0.584389
0.584408
0.584428
0.584447
0.584466
0.584486
0.584505
0.584525
0.584544
0.584564
0.584583
0.584603
0.584622
0.584641
0.584661
0.584680
0.584700
0.584719
0.584739
0.584758
0.584778
0.584797
0.584816
0.584836
0.584855
0.584875
0.584894
0.584914
0.584933
0.584953
0.584972
0.584991
0.585011
0.585030
0.585050
0.585069
0.585089
0.585108
0.585127
0.585147
0.585166
0.585186
0.585205
0.585225
0.585244
0.585264
0.585283
0.585302
0.585322
0.585341
0.585361
0.585380
0.585400
0.585419
0.585438
0.585458
0.585477
0.585497
0.585516
0.585536
0.585555
0.585574
0.585594
0.585613
0.585633
0.585652
0.585672
0.585691
0.585710
0.585730
0.585749
0.585769
0.585788
0.585808
0.585827
0.585846
0.585866
0.585885
0.585905
0.585924
0.585944
0.585963
0.585982
0.586002
0.586021
0.586041
0.586060
0.586079
0.586099
0.586118
0.586138
0.586157
0.586177
0.586196
0.586215
0.586235
0.586254
0.586274
0.586293
0.586313
0.586332
0.586351
0.586371
0.586390
0.586410
0.586429
0.586448
0.586468
0.586487
0.586507
0.586526
0.586545
0.586565
0.586584
0.586604
0.586623
0.586643
0.586662
0.586681
0.586701
0.586720
0.586740
0.586759
0.586778
0.586798
0.586817
0.586837
0.586856
0.586875
0.586895
0.586914
0.586934
0.586953
0.586972
0.586992
0.587011
0.587031
0.587050
0.587069
0.587089
0.587108
0.587128
0.587147
0.587167
0.587186
0.587205
0.587225
0.587244
0.587264
0.587283
0.587302
0.587322
0.587341
0.587361
0.587380
0.587399
0.587419
0.587438
0.587457
0.587477
0.587496
0.587516
0.587535
0.587554
0.587574
0.587593
0.587613
0.587632
0.587651
0.587671
0.587690
0.587710
0.587729
0.587748
0.587768
0.587787
0.587807
0.587826
0.587845
0.587865
0.587884
0.587904
0.587923
0.587942
0.587962
0.587981
0.588000
0.588020
0.588039
0.588059
0.588078
0.588097
0.588117
0.588136
0.588156
0.588175
0.588194
0.588214
0.588233
0.588252
0.588272
0.588291
0.588311
0.588330
0.588349
0.588369
0.588388
0.588408
0.588427
0.588446
0.588466
0.588485
0.588504
0.588524
0.588543
0.588563
0.588582
0.588601
0.588621
0.588640
0.588659
0.588679
0.588698
0.588718
0.588737
0.588756
0.588776
0.588795
0.588814
0.588834
0.588853
0.588873
0.588892
0.588911
0.588931
0.588950
0.588969
0.588989
0.589008
0.589028
0.589047
0.589066
0.589086
0.589105
0.589124
0.589144
0.589163
0.589182
0.589202
0.589221
0.589241
0.589260
0.589279
0.589299
0.589318
0.589337
0.589357
0.589376
0.589395
0.589415
0.589434
0.589454
0.589473
0.589492
0.589512
0.589531
0.589550
0.589570
0.589589
0.589608
0.589628
0.589647
0.589667
0.589686
0.589705
0.589725
0.589744
0.589763
0.589783
0.589802
0.589821
0.589841
0.589860
0.589879
0.589899
0.589918
0.589937
0.589957
0.589976
0.589996
0.590015
0.590034
0.590054
0.590073
0.590092
0.590112
0.590131
0.590150
0.590170
0.590189
0.590208
0.590228
0.590247
0.590266
0.590286
0.590305
0.590324
0.590344
0.590363
0.590383
0.590402
0.590421
0.590441
0.590460
0.590479
0.590499
0.590518
0.590537
0.590557
0.590576
0.590595
0.590615
0.590634
0.590653
0.590673
0.590692
0.590711
0.590731
0.590750
0.590769
0.590789
0.590808
0.590827
0.590847
0.590866
0.590885
0.590905
0.590924
0.590943
0.590963
0.590982
0.591001
0.591021
0.591040
0.591059
0.591079
0.591098
0.591117
0.591137
0.591156
0.591175
0.591195
0.591214
0.591233
0.591253
0.591272
0.591291
0.591311
0.591330
0.591349
0.591369
0.591388
0.591407
0.591427
0.591446
0.591465
0.591485
0.591504
0.591523
0.591543
0.591562
0.591581
0.591601
0.591620
0.591639
0.591659
0.591678
0.591697
0.591717
0.591736
0.591755
0.591775
0.591794
0.591813
0.591832
0.591852
0.591871
0.591890
0.591910
0.591929
0.591948
0.591968
0.591987
0.592006
0.592026
0.592045
0.592064
0.592084
0.592103
0.592122
0.592142
0.592161
0.592180
0.592200
0.592219
0.592238
0.592257
0.592277
0.592296
0.592315
0.592335
0.592354
0.592373
0.592393
0.592412
0.592431
0.592451
0.592470
0.592489
0.592508
0.592528
0.592547
0.592566
0.592586
0.592605
0.592624
0.592644
0.592663
0.592682
0.592702
0.592721
0.592740
0.592759
0.592779
0.592798
0.592817
0.592837
0.592856
0.592875
0.592895
0.592914
0.592933
0.592952
0.592972
0.592991
0.593010
0.593030
0.593049
0.593068
0.593088
0.593107
0.593126
0.593145
0.593165
0.593184
0.593203
0.593223
0.593242
0.593261
0.593281
0.593300
0.593319
0.593338
0.593358
0.593377
0.593396
0.593416
0.593435
0.593454
0.593473
0.593493
0.593512
0.593531
0.593551
0.593570
0.593589
0.593608
0.593628
0.593647
0.593666
0.593686
0.593705
0.593724
0.593744
0.593763
0.593782
0.593801
0.593821
0.593840
0.593859
0.593878
0.593898
0.593917
0.593936
0.593956
0.593975
0.593994
0.594013
0.594033
0.594052
0.594071
0.594091
0.594110
0.594129
0.594148
0.594168
0.594187
0.594206
0.594226
0.594245
0.594264
0.594283
0.594303
0.594322
0.594341
0.594360
0.594380
0.594399
0.594418
0.594438
0.594457
0.594476
0.594495
0.594515
0.594534
0.594553
0.594572
0.594592
0.594611
0.594630
0.594650
0.594669
0.594688
0.594707
0.594727
0.594746
0.594765
0.594784
0.594804
0.594823
0.594842
0.594862
0.594881
0.594900
0.594919
0.594939
0.594958
0.594977
0.594996
0.595016
0.595035
0.595054
0.595073
0.595093
0.595112
0.595131
0.595150
0.595170
0.595189
0.595208
0.595228
0.595247
0.595266
0.595285
0.595305
0.595324
0.595343
0.595362
0.595382
0.595401
0.595420
0.595439
0.595459
0.595478
0.595497
0.595516
0.595536
0.595555
0.595574
0.595593
0.595613
0.595632
0.595651
0.595670
0.595690
0.595709
0.595728
0.595747
0.595767
0.595786
0.595805
0.595824
0.595844
0.595863
0.595882
0.595901
0.595921
0.595940
0.595959
0.595978
0.595998
0.596017
0.596036
0.596055
0.596075
0.596094
0.596113
0.596132
0.596152
0.596171
0.596190
0.596209
0.596229
0.596248
0.596267
0.596286
0.596306
0.596325
0.596344
0.596363
0.596383
0.596402
0.596421
0.596440
0.596459
0.596479
0.596498
0.596517
0.596536
0.596556
0.596575
0.596594
0.596613
0.596633
0.596652
0.596671
0.596690
0.596710
0.596729
0.596748
0.596767
0.596786
0.596806
0.596825
0.596844
0.596863
0.596883
0.596902
0.596921
0.596940
0.596960
0.596979
0.596998
0.597017
0.597036
0.597056
0.597075
0.597094
0.597113
0.597133
0.597152
0.597171
0.597190
0.597210
0.597229
0.597248
0.597267
0.597286
0.597306
0.597325
0.597344
0.597363
0.597383
0.597402
0.597421
0.597440
0.597459
0.597479
0.597498
0.597517
0.597536
0.597555
0.597575
0.597594
0.597613
0.597632
0.597652
0.597671
0.597690
0.597709
0.597728
0.597748
0.597767
0.597786
0.597805
0.597825
0.597844
0.597863
0.597882
0.597901
0.597921
0.597940
0.597959
0.597978
0.597997
0.598017
0.598036
0.598055
0.598074
0.598093
0.598113
0.598132
0.598151
0.598170
0.598190
0.598209
0.598228
0.598247
0.598266
0.598286
0.598305
0.598324
0.598343
0.598362
0.598382
0.598401
0.598420
0.598439
0.598458
0.598478
0.598497
0.598516
0.598535
0.598554
0.598574
0.598593
0.598612
0.598631
0.598650
0.598670
0.598689
0.598708
0.598727
0.598746
0.598766
0.598785
0.598804
0.598823
0.598842
0.598862
0.598881
0.598900
0.598919
0.598938
0.598958
0.598977
0.598996
0.599015
0.599034
0.599053
0.599073
0.599092
0.599111
0.599130
0.599149
0.599169
0.599188
0.599207
0.599226
0.599245
0.599265
0.599284
0.599303
0.599322
0.599341
0.599361
0.599380
0.599399
0.599418
0.599437
0.599456
0.599476
0.599495
0.599514
0.599533
0.599552
0.599572
0.599591
0.599610
0.599629
0.599648
0.599667
0.599687
0.599706
0.599725
0.599744
0.599763
0.599783
0.599802
0.599821
0.599840
0.599859
0.599878
0.599898
0.599917
0.599936
0.599955
0.599974
0.599993
0.600013
0.600032
0.600051
0.600070
0.600089
0.600109
0.600128
0.600147
0.600166
0.600185
0.600204
0.600224
0.600243
0.600262
0.600281
0.600300
0.600319
0.600339
0.600358
0.600377
0.600396
0.600415
0.600434
0.600454
0.600473
0.600492
0.600511
0.600530
0.600549
0.600569
0.600588
0.600607
0.600626
0.600645
0.600664
0.600684
0.600703
0.600722
0.600741
0.600760
0.600779
0.600799
0.600818
0.600837
0.600856
0.600875
0.600894
0.600913
0.600933
0.600952
0.600971
0.600990
0.601009
0.601028
0.601048
0.601067
0.601086
0.601105
0.601124
0.601143
0.601163
0.601182
0.601201
0.601220
0.601239
0.601258
0.601277
0.601297
0.601316
0.601335
0.601354
0.601373
0.601392
0.601411
0.601431
0.601450
0.601469
0.601488
0.601507
0.601526
0.601546
0.601565
0.601584
0.601603
0.601622
0.601641
0.601660
0.601680
0.601699
0.601718
0.601737
0.601756
0.601775
0.601794
0.601814
0.601833
0.601852
0.601871
0.601890
0.601909
0.601928
0.601948
0.601967
0.601986
0.602005
0.602024
0.602043
0.602062
0.602081
0.602101
0.602120
0.602139
0.602158
0.602177
0.602196
0.602215
0.602235
0.602254
0.602273
0.602292
0.602311
0.602330
0.602349
0.602369
0.602388
0.602407
0.602426
0.602445
0.602464
0.602483
0.602502
0.602522
0.602541
0.602560
0.602579
0.602598
0.602617
0.602636
0.602655
0.602675
0.602694
0.602713
0.602732
0.602751
0.602770
0.602789
0.602808
0.602828
0.602847
0.602866
0.602885
0.602904
0.602923
0.602942
0.602961
0.602981
0.603000
0.603019
0.603038
0.603057
0.603076
0.603095
0.603114
0.603134
0.603153
0.603172
0.603191
0.603210
0.603229
0.603248
0.603267
0.603286
0.603306
0.603325
0.603344
0.603363
0.603382
0.603401
0.603420
0.603439
0.603458
0.603478
0.603497
0.603516
0.603535
0.603554
0.603573
0.603592
0.603611
0.603630
0.603650
0.603669
0.603688
0.603707
0.603726
0.603745
0.603764
0.603783
0.603802
0.603822
0.603841
0.603860
0.603879
0.603898
0.603917
0.603936
0.603955
0.603974
0.603993
0.604013
0.604032
0.604051
0.604070
0.604089
0.604108
0.604127
0.604146
0.604165
0.604184
0.604204
0.604223
0.604242
0.604261
0.604280
0.604299
0.604318
0.604337
0.604356
0.604375
0.604395
0.604414
0.604433
0.604452
0.604471
0.604490
0.604509
0.604528
0.604547
0.604566
0.604585
0.604605
0.604624
0.604643
0.604662
0.604681
0.604700
0.604719
0.604738
0.604757
0.604776
0.604795
0.604815
0.604834
0.604853
0.604872
0.604891
0.604910
0.604929
0.604948
0.604967
0.604986
0.605005
0.605025
0.605044
0.605063
0.605082
0.605101
0.605120
0.605139
0.605158
0.605177
0.605196
0.605215
0.605234
0.605253
0.605273
0.605292
0.605311
0.605330
0.605349
0.605368
0.605387
0.605406
0.605425
0.605444
0.605463
0.605482
0.605502
0.605521
0.605540
0.605559
0.605578
0.605597
0.605616
0.605635
0.605654
0.605673
0.605692
0.605711
0.605730
0.605749
0.605769
0.605788
0.605807
0.605826
0.605845
0.605864
0.605883
0.605902
0.605921
0.605940
0.605959
0.605978
0.605997
0.606016
0.606035
0.606055
0.606074
0.606093
0.606112
0.606131
0.606150
0.606169
0.606188
0.606207
0.606226
0.606245
0.606264
0.606283
0.606302
0.606321
0.606340
0.606360
0.606379
0.606398
0.606417
0.606436
0.606455
0.606474
0.606493
0.606512
0.606531
0.606550
0.606569
0.606588
0.606607
0.606626
0.606645
0.606664
0.606683
0.606703
0.606722
0.606741
0.606760
0.606779
0.606798
0.606817
0.606836
0.606855
0.606874
0.606893
0.606912
0.606931
0.606950
0.606969
0.606988
0.607007
0.607026
0.607045
0.607064
0.607084
0.607103
0.607122
0.607141
0.607160
0.607179
0.607198
0.607217
0.607236
0.607255
0.607274
0.607293
0.607312
0.607331
0.607350
0.607369
0.607388
0.607407
0.607426
0.607445
0.607464
0.607483
0.607502
0.607522
0.607541
0.607560
0.607579
0.607598
0.607617
0.607636
0.607655
0.607674
0.607693
0.607712
0.607731
0.607750
0.607769
0.607788
0.607807
0.607826
0.607845
0.607864
0.607883
0.607902
0.607921
0.607940
0.607959
0.607978
0.607997
0.608016
0.608035
0.608054
0.608073
0.608093
0.608112
0.608131
0.608150
0.608169
0.608188
0.608207
0.608226
0.608245
0.608264
0.608283
0.608302
0.608321
0.608340
0.608359
0.608378
0.608397
0.608416
0.608435
0.608454
0.608473
0.608492
0.608511
0.608530
0.608549
0.608568
0.608587
0.608606
0.608625
0.608644
0.608663
0.608682
0.608701
0.608720
0.608739
0.608758
0.608777
0.608796
0.608815
0.608834
0.608853
0.608872
0.608891
0.608910
0.608929
0.608948
0.608967
0.608986
0.609005
0.609024
0.609043
0.609062
0.609081
0.609100
0.609119
0.609138
0.609158
0.609177
0.609196
0.609215
0.609234
0.609253
0.609272
0.609291
0.609310
0.609329
0.609348
0.609367
0.609386
0.609405
0.609424
0.609443
0.609462
0.609481
0.609500
0.609519
0.609538
0.609557
0.609576
0.609595
0.609614
0.609633
0.609652
0.609671
0.609690
0.609709
0.609728
0.609747
0.609766
0.609785
0.609804
0.609823
0.609842
0.609861
0.609880
0.609899
0.609918
0.609937
0.609956
0.609975
0.609994
0.610013
0.610032
0.610051
0.610069
0.610088
0.610107
0.610126
0.610145
0.610164
0.610183
0.610202
0.610221
0.610240
0.610259
0.610278
0.610297
0.610316
0.610335
0.610354
0.610373
0.610392
0.610411
0.610430
0.610449
0.610468
0.610487
0.610506
0.610525
0.610544
0.610563
0.610582
0.610601
0.610620
0.610639
0.610658
0.610677
0.610696
0.610715
0.610734
0.610753
0.610772
0.610791
0.610810
0.610829
0.610848
0.610867
0.610886
0.610905
0.610924
0.610943
0.610962
0.610981
0.611000
0.611019
0.611038
0.611057
0.611076
0.611095
0.611113
0.611132
0.611151
0.611170
0.611189
0.611208
0.611227
0.611246
0.611265
0.611284
0.611303
0.611322
0.611341
0.611360
0.611379
0.611398
0.611417
0.611436
0.611455
0.611474
0.611493
0.611512
0.611531
0.611550
0.611569
0.611588
0.611607
0.611626
0.611645
0.611664
0.611682
0.611701
0.611720
0.611739
0.611758
0.611777
0.611796
0.611815
0.611834
0.611853
0.611872
0.611891
0.611910
0.611929
0.611948
0.611967
0.611986
0.612005
0.612024
0.612043
0.612062
0.612081
0.612100
0.612119
0.612137
0.612156
0.612175
0.612194
0.612213
0.612232
0.612251
0.612270
0.612289
0.612308
0.612327
0.612346
0.612365
0.612384
0.612403
0.612422
0.612441
0.612460
0.612479
0.612498
0.612516
0.612535
0.612554
0.612573
0.612592
0.612611
0.612630
0.612649
0.612668
0.612687
0.612706
0.612725
0.612744
0.612763
0.612782
0.612801
0.612820
0.612838
0.612857
0.612876
0.612895
0.612914
0.612933
0.612952
0.612971
0.612990
0.613009
0.613028
0.613047
0.613066
0.613085
0.613104
0.613123
0.613141
0.613160
0.613179
0.613198
0.613217
0.613236
0.613255
0.613274
0.613293
0.613312
0.613331
0.613350
0.613369
0.613388
0.613407
0.613425
0.613444
0.613463
0.613482
0.613501
0.613520
0.613539
0.613558
0.613577
0.613596
0.613615
0.613634
0.613653
0.613672
0.613690
0.613709
0.613728
0.613747
0.613766
0.613785
0.613804
0.613823
0.613842
0.613861
0.613880
0.613899
0.613918
0.613936
0.613955
0.613974
0.613993
0.614012
0.614031
0.614050
0.614069
0.614088
0.614107
0.614126
0.614145
0.614163
0.614182
0.614201
0.614220
0.614239
0.614258
0.614277
0.614296
0.614315
0.614334
0.614353
0.614371
0.614390
0.614409
0.614428
0.614447
0.614466
0.614485
0.614504
0.614523
0.614542
0.614561
0.614579
0.614598
0.614617
0.614636
0.614655
0.614674
0.614693
0.614712
0.614731
0.614750
0.614769
0.614787
0.614806
0.614825
0.614844
0.614863
0.614882
0.614901
0.614920
0.614939
0.614958
0.614976
0.614995
0.615014
0.615033
0.615052
0.615071
0.615090
0.615109
0.615128
0.615147
0.615165
0.615184
0.615203
0.615222
0.615241
0.615260
0.615279
0.615298
0.615317
0.615336
0.615354
0.615373
0.615392
0.615411
0.615430
0.615449
0.615468
0.615487
0.615506
0.615524
0.615543
0.615562
0.615581
0.615600
0.615619
0.615638
0.615657
0.615676
0.615694
0.615713
0.615732
0.615751
0.615770
0.615789
0.615808
0.615827
0.615846
0.615864
0.615883
0.615902
0.615921
0.615940
0.615959
0.615978
0.615997
0.616015
0.616034
0.616053
0.616072
0.616091
0.616110
0.616129
0.616148
0.616166
0.616185
0.616204
0.616223
0.616242
0.616261
0.616280
0.616299
0.616317
0.616336
0.616355
0.616374
0.616393
0.616412
0.616431
0.616450
0.616468
0.616487
0.616506
0.616525
0.616544
0.616563
0.616582
0.616601
0.616619
0.616638
0.616657
0.616676
0.616695
0.616714
0.616733
0.616752
0.616770
0.616789
0.616808
0.616827
0.616846
0.616865
0.616884
0.616902
0.616921
0.616940
0.616959
0.616978
0.616997
0.617016
0.617034
0.617053
0.617072
0.617091
0.617110
0.617129
0.617148
0.617167
0.617185
0.617204
0.617223
0.617242
0.617261
0.617280
0.617299
0.617317
0.617336
0.617355
0.617374
0.617393
0.617412
0.617431
0.617449
0.617468
0.617487
0.617506
0.617525
0.617544
0.617562
0.617581
0.617600
0.617619
0.617638
0.617657
0.617676
0.617694
0.617713
0.617732
0.617751
0.617770
0.617789
0.617808
0.617826
0.617845
0.617864
0.617883
0.617902
0.617921
0.617939
0.617958
0.617977
0.617996
0.618015
0.618034
0.618053
0.618071
0.618090
0.618109
0.618128
0.618147
0.618166
0.618184
0.618203
0.618222
0.618241
0.618260
0.618279
0.618297
0.618316
0.618335
0.618354
0.618373
0.618392
0.618410
0.618429
0.618448
0.618467
0.618486
0.618505
0.618523
0.618542
0.618561
0.618580
0.618599
0.618618
0.618636
0.618655
0.618674
0.618693
0.618712
0.618731
0.618749
0.618768
0.618787
0.618806
0.618825
0.618844
0.618862
0.618881
0.618900
0.618919
0.618938
0.618957
0.618975
0.618994
0.619013
0.619032
0.619051
0.619069
0.619088
0.619107
0.619126
0.619145
0.619164
0.619182
0.619201
0.619220
0.619239
0.619258
0.619277
0.619295
0.619314
0.619333
0.619352
0.619371
0.619389
0.619408
0.619427
0.619446
0.619465
0.619484
0.619502
0.619521
0.619540
0.619559
0.619578
0.619596
0.619615
0.619634
0.619653
0.619672
0.619690
0.619709
0.619728
0.619747
0.619766
0.619785
0.619803
0.619822
0.619841
0.619860
0.619879
0.619897
0.619916
0.619935
0.619954
0.619973
0.619991
0.620010
0.620029
0.620048
0.620067
0.620085
0.620104
0.620123
0.620142
0.620161
0.620179
0.620198
0.620217
0.620236
0.620255
0.620273
0.620292
0.620311
0.620330
0.620349
0.620367
0.620386
0.620405
0.620424
0.620443
0.620461
0.620480
0.620499
0.620518
0.620537
0.620555
0.620574
0.620593
0.620612
0.620631
0.620649
0.620668
0.620687
0.620706
0.620725
0.620743
0.620762
0.620781
0.620800
0.620819
0.620837
0.620856
0.620875
0.620894
0.620912
0.620931
0.620950
0.620969
0.620988
0.621006
0.621025
0.621044
0.621063
0.621082
0.621100
0.621119
0.621138
0.621157
0.621175
0.621194
0.621213
0.621232
0.621251
0.621269
0.621288
0.621307
0.621326
0.621344
0.621363
0.621382
0.621401
0.621420
0.621438
0.621457
0.621476
0.621495
0.621513
0.621532
0.621551
0.621570
0.621589
0.621607
0.621626
0.621645
0.621664
0.621682
0.621701
0.621720
0.621739
0.621758
0.621776
0.621795
0.621814
0.621833
0.621851
0.621870
0.621889
0.621908
0.621927
0.621945
0.621964
0.621983
0.622002
0.622020
0.622039
0.622058
0.622077
0.622095
0.622114
0.622133
0.622152
0.622170
0.622189
0.622208
0.622227
0.622246
0.622264
0.622283
0.622302
0.622321
0.622339
0.622358
0.622377
0.622396
0.622414
0.622433
0.622452
0.622471
0.622489
0.622508
0.622527
0.622546
0.622564
0.622583
0.622602
0.622621
0.622639
0.622658
0.622677
0.622696
0.622714
0.622733
0.622752
0.622771
0.622790
0.622808
0.622827
0.622846
0.622865
0.622883
0.622902
0.622921
0.622940
0.622958
0.622977
0.622996
0.623015
0.623033
0.623052
0.623071
0.623090
0.623108
0.623127
0.623146
0.623164
0.623183
0.623202
0.623221
0.623239
0.623258
0.623277
0.623296
0.623314
0.623333
0.623352
0.623371
0.623389
0.623408
0.623427
0.623446
0.623464
0.623483
0.623502
0.623521
0.623539
0.623558
0.623577
0.623596
0.623614
0.623633
0.623652
0.623670
0.623689
0.623708
0.623727
0.623745
0.623764
0.623783
0.623802
0.623820
0.623839
0.623858
0.623877
0.623895
0.623914
0.623933
0.623951
0.623970
0.623989
0.624008
0.624026
0.624045
0.624064
0.624083
0.624101
0.624120
0.624139
0.624157
0.624176
0.624195
0.624214
0.624232
0.624251
0.624270
0.624289
0.624307
0.624326
0.624345
0.624363
0.624382
0.624401
0.624420
0.624438
0.624457
0.624476
0.624495
0.624513
0.624532
0.624551
0.624569
0.624588
0.624607
0.624626
0.624644
0.624663
0.624682
0.624700
0.624719
0.624738
0.624757
0.624775
0.624794
0.624813
0.624831
0.624850
0.624869
0.624888
0.624906
0.624925
0.624944
0.624962
0.624981
0.625000
0.625019
0.625037
0.625056
0.625075
0.625093
0.625112
0.625131
0.625149
0.625168
0.625187
0.625206
0.625224
0.625243
0.625262
0.625280
0.625299
0.625318
0.625337
0.625355
0.625374
0.625393
0.625411
0.625430
0.625449
0.625467
0.625486
0.625505
0.625524
0.625542
0.625561
0.625580
0.625598
0.625617
0.625636
0.625654
0.625673
0.625692
0.625711
0.625729
0.625748
0.625767
0.625785
0.625804
0.625823
0.625841
0.625860
0.625879
0.625898
0.625916
0.625935
0.625954
0.625972
0.625991
0.626010
0.626028
0.626047
0.626066
0.626084
0.626103
0.626122
0.626140
0.626159
0.626178
0.626197
0.626215
0.626234
0.626253
0.626271
0.626290
0.626309
0.626327
0.626346
0.626365
0.626383
0.626402
0.626421
0.626439
0.626458
0.626477
0.626496
0.626514
0.626533
0.626552
0.626570
0.626589
0.626608
0.626626
0.626645
0.626664
0.626682
0.626701
0.626720
0.626738
0.626757
0.626776
0.626794
0.626813
0.626832
0.626850
0.626869
0.626888
0.626906
0.626925
0.626944
0.626962
0.626981
0.627000
0.627018
0.627037
0.627056
0.627074
0.627093
0.627112
0.627130
0.627149
0.627168
0.627186
0.627205
0.627224
0.627242
0.627261
0.627280
0.627298
0.627317
0.627336
0.627354
0.627373
0.627392
0.627410
0.627429
0.627448
0.627466
0.627485
0.627504
0.627522
0.627541
0.627560
0.627578
0.627597
0.627616
0.627634
0.627653
0.627672
0.627690
0.627709
0.627728
0.627746
0.627765
0.627784
0.627802
0.627821
0.627840
0.627858
0.627877
0.627896
0.627914
0.627933
0.627952
0.627970
0.627989
0.628008
0.628026
0.628045
0.628063
0.628082
0.628101
0.628119
0.628138
0.628157
0.628175
0.628194
0.628213
0.628231
0.628250
0.628269
0.628287
0.628306
0.628325
0.628343
0.628362
0.628381
0.628399
0.628418
0.628436
0.628455
0.628474
0.628492
0.628511
0.628530
0.628548
0.628567
0.628586
0.628604
0.628623
0.628642
0.628660
0.628679
0.628697
0.628716
0.628735
0.628753
0.628772
0.628791
0.628809
0.628828
0.628847
0.628865
0.628884
0.628902
0.628921
0.628940
0.628958
0.628977
0.628996
0.629014
0.629033
0.629052
0.629070
0.629089
0.629107
0.629126
0.629145
0.629163
0.629182
0.629201
0.629219
0.629238
0.629256
0.629275
0.629294
0.629312
0.629331
0.629350
0.629368
0.629387
0.629405
0.629424
0.629443
0.629461
0.629480
0.629499
0.629517
0.629536
0.629554
0.629573
0.629592
0.629610
0.629629
0.629648
0.629666
0.629685
0.629703
0.629722
0.629741
0.629759
0.629778
0.629797
0.629815
0.629834
0.629852
0.629871
0.629890
0.629908
0.629927
0.629945
0.629964
0.629983
0.630001
0.630020
0.630039
0.630057
0.630076
0.630094
0.630113
0.630132
0.630150
0.630169
0.630187
0.630206
0.630225
0.630243
0.630262
0.630280
0.630299
0.630318
0.630336
0.630355
0.630373
0.630392
0.630411
0.630429
0.630448
0.630467
0.630485
0.630504
0.630522
0.630541
0.630560
0.630578
0.630597
0.630615
0.630634
0.630653
0.630671
0.630690
0.630708
0.630727
0.630746
0.630764
0.630783
0.630801
0.630820
0.630839
0.630857
0.630876
0.630894
0.630913
0.630932
0.630950
0.630969
0.630987
0.631006
0.631024
0.631043
0.631062
0.631080
0.631099
0.631117
0.631136
0.631155
0.631173
0.631192
0.631210
0.631229
0.631248
0.631266
0.631285
0.631303
0.631322
0.631341
0.631359
0.631378
0.631396
0.631415
0.631433
0.631452
0.631471
0.631489
0.631508
0.631526
0.631545
0.631564
0.631582
0.631601
0.631619
0.631638
0.631656
0.631675
0.631694
0.631712
0.631731
0.631749
0.631768
0.631787
0.631805
0.631824
0.631842
0.631861
0.631879
0.631898
0.631917
0.631935
0.631954
0.631972
0.631991
0.632009
0.632028
0.632047
0.632065
0.632084
0.632102
0.632121
0.632139
0.632158
0.632177
0.632195
0.632214
0.632232
0.632251
0.632269
0.632288
0.632307
0.632325
0.632344
0.632362
0.632381
0.632399
0.632418
0.632437
0.632455
0.632474
0.632492
0.632511
0.632529
0.632548
0.632567
0.632585
0.632604
0.632622
0.632641
0.632659
0.632678
0.632696
0.632715
0.632734
0.632752
0.632771
0.632789
0.632808
0.632826
0.632845
0.632863
0.632882
0.632901
0.632919
0.632938
0.632956
0.632975
0.632993
0.633012
0.633031
0.633049
0.633068
0.633086
0.633105
0.633123
0.633142
0.633160
0.633179
0.633197
0.633216
0.633235
0.633253
0.633272
0.633290
0.633309
0.633327
0.633346
0.633364
0.633383
0.633402
0.633420
0.633439
0.633457
0.633476
0.633494
0.633513
0.633531
0.633550
0.633568
0.633587
0.633606
0.633624
0.633643
0.633661
0.633680
0.633698
0.633717
0.633735
0.633754
0.633772
0.633791
0.633809
0.633828
0.633847
0.633865
0.633884
0.633902
0.633921
0.633939
0.633958
0.633976
0.633995
0.634013
0.634032
0.634050
0.634069
0.634088
0.634106
0.634125
0.634143
0.634162
0.634180
0.634199
0.634217
0.634236
0.634254
0.634273
0.634291
0.634310
0.634328
0.634347
0.634365
0.634384
0.634403
0.634421
0.634440
0.634458
0.634477
0.634495
0.634514
0.634532
0.634551
0.634569
0.634588
0.634606
0.634625
0.634643
0.634662
0.634680
0.634699
0.634717
0.634736
0.634755
0.634773
0.634792
0.634810
0.634829
0.634847
0.634866
0.634884
0.634903
0.634921
0.634940
0.634958
0.634977
0.634995
0.635014
0.635032
0.635051
0.635069
0.635088
0.635106
0.635125
0.635143
0.635162
0.635180
0.635199
0.635217
0.635236
0.635254
0.635273
0.635291
0.635310
0.635328
0.635347
0.635365
0.635384
0.635403
0.635421
0.635440
0.635458
0.635477
0.635495
0.635514
0.635532
0.635551
0.635569
0.635588
0.635606
0.635625
0.635643
0.635662
0.635680
0.635699
0.635717
0.635736
0.635754
0.635773
0.635791
0.635810
0.635828
0.635847
0.635865
0.635884
0.635902
0.635921
0.635939
0.635958
0.635976
0.635995
0.636013
0.636032
0.636050
0.636069
0.636087
0.636106
0.636124
0.636143
0.636161
0.636180
0.636198
0.636217
0.636235
0.636253
0.636272
0.636290
0.636309
0.636327
0.636346
0.636364
0.636383
0.636401
0.636420
0.636438
0.636457
0.636475
0.636494
0.636512
0.636531
0.636549
0.636568
0.636586
0.636605
0.636623
0.636642
0.636660
0.636679
0.636697
0.636716
0.636734
0.636753
0.636771
0.636790
0.636808
0.636827
0.636845
0.636864
0.636882
0.636900
0.636919
0.636937
0.636956
0.636974
0.636993
0.637011
0.637030
0.637048
0.637067
0.637085
0.637104
0.637122
0.637141
0.637159
0.637178
0.637196
0.637215
0.637233
0.637251
0.637270
0.637288
0.637307
0.637325
0.637344
0.637362
0.637381
0.637399
0.637418
0.637436
0.637455
0.637473
0.637492
0.637510
0.637529
0.637547
0.637565
0.637584
0.637602
0.637621
0.637639
0.637658
0.637676
0.637695
0.637713
0.637732
0.637750
0.637769
0.637787
0.637805
0.637824
0.637842
0.637861
0.637879
0.637898
0.637916
0.637935
0.637953
0.637972
0.637990
0.638009
0.638027
0.638045
0.638064
0.638082
0.638101
0.638119
0.638138
0.638156
0.638175
0.638193
0.638212
0.638230
0.638248
0.638267
0.638285
0.638304
0.638322
0.638341
0.638359
0.638378
0.638396
0.638414
0.638433
0.638451
0.638470
0.638488
0.638507
0.638525
0.638544
0.638562
0.638580
0.638599
0.638617
0.638636
0.638654
0.638673
0.638691
0.638710
0.638728
0.638746
0.638765
0.638783
0.638802
0.638820
0.638839
0.638857
0.638876
0.638894
0.638912
0.638931
0.638949
0.638968
0.638986
0.639005
0.639023
0.639041
0.639060
0.639078
0.639097
0.639115
0.639134
0.639152
0.639171
0.639189
0.639207
0.639226
0.639244
0.639263
0.639281
0.639300
0.639318
0.639336
0.639355
0.639373
0.639392
0.639410
0.639429
0.639447
0.639465
0.639484
0.639502
0.639521
0.639539
0.639558
0.639576
0.639594
0.639613
0.639631
0.639650
0.639668
0.639687
0.639705
0.639723
0.639742
0.639760
0.639779
0.639797
0.639815
0.639834
0.639852
0.639871
0.639889
0.639908
0.639926
0.639944
0.639963
0.639981
0.640000
0.640018
0.640036
0.640055
0.640073
0.640092
0.640110
0.640129
0.640147
0.640165
0.640184
0.640202
0.640221
0.640239
0.640257
0.640276
0.640294
0.640313
0.640331
0.640350
0.640368
0.640386
0.640405
0.640423
0.640442
0.640460
0.640478
0.640497
0.640515
0.640534
0.640552
0.640570
0.640589
0.640607
0.640626
0.640644
0.640662
0.640681
0.640699
0.640718
0.640736
0.640754
0.640773
0.640791
0.640810
0.640828
0.640846
0.640865
0.640883
0.640902
0.640920
0.640938
0.640957
0.640975
0.640994
0.641012
0.641030
0.641049
0.641067
0.641086
0.641104
0.641122
0.641141
0.641159
0.641178
0.641196
0.641214
0.641233
0.641251
0.641270
0.641288
0.641306
0.641325
0.641343
0.641361
0.641380
0.641398
0.641417
0.641435
0.641453
0.641472
0.641490
0.641509
0.641527
0.641545
0.641564
0.641582
0.641601
0.641619
0.641637
0.641656
0.641674
0.641692
0.641711
0.641729
0.641748
0.641766
0.641784
0.641803
0.641821
0.641839
0.641858
0.641876
0.641895
0.641913
0.641931
0.641950
0.641968
0.641987
0.642005
0.642023
0.642042
0.642060
0.642078
0.642097
0.642115
0.642134
0.642152
0.642170
0.642189
0.642207
0.642225
0.642244
0.642262
0.642281
0.642299
0.642317
0.642336
0.642354
0.642372
0.642391
0.642409
0.642427
0.642446
0.642464
0.642483
0.642501
0.642519
0.642538
0.642556
0.642574
0.642593
0.642611
0.642629
0.642648
0.642666
0.642685
0.642703
0.642721
0.642740
0.642758
0.642776
0.642795
0.642813
0.642831
0.642850
0.642868
0.642887
0.642905
0.642923
0.642942
0.642960
0.642978
0.642997
0.643015
0.643033
0.643052
0.643070
0.643088
0.643107
0.643125
0.643144
0.643162
0.643180
0.643199
0.643217
0.643235
0.643254
0.643272
0.643290
0.643309
0.643327
0.643345
0.643364
0.643382
0.643400
0.643419
0.643437
0.643455
0.643474
0.643492
0.643511
0.643529
0.643547
0.643566
0.643584
0.643602
0.643621
0.643639
0.643657
0.643676
0.643694
0.643712
0.643731
0.643749
0.643767
0.643786
0.643804
0.643822
0.643841
0.643859
0.643877
0.643896
0.643914
0.643932
0.643951
0.643969
0.643987
0.644006
0.644024
0.644042
0.644061
0.644079
0.644097
0.644116
0.644134
0.644152
0.644171
0.644189
0.644207
0.644226
0.644244
0.644262
0.644281
0.644299
0.644317
0.644336
0.644354
0.644372
0.644391
0.644409
0.644427
0.644446
0.644464
0.644482
0.644501
0.644519
0.644537
0.644556
0.644574
0.644592
0.644611
0.644629
0.644647
0.644666
0.644684
0.644702
0.644721
0.644739
0.644757
0.644776
0.644794
0.644812
0.644831
0.644849
0.644867
0.644885
0.644904
0.644922
0.644940
0.644959
0.644977
0.644995
0.645014
0.645032
0.645050
0.645069
0.645087
0.645105
0.645124
0.645142
0.645160
0.645179
0.645197
0.645215
0.645233
0.645252
0.645270
0.645288
0.645307
0.645325
0.645343
0.645362
0.645380
0.645398
0.645417
0.645435
0.645453
0.645471
0.645490
0.645508
0.645526
0.645545
0.645563
0.645581
0.645600
0.645618
0.645636
0.645655
0.645673
0.645691
0.645709
0.645728
0.645746
0.645764
0.645783
0.645801
0.645819
0.645838
0.645856
0.645874
0.645892
0.645911
0.645929
0.645947
0.645966
0.645984
0.646002
0.646021
0.646039
0.646057
0.646075
0.646094
0.646112
0.646130
0.646149
0.646167
0.646185
0.646203
0.646222
0.646240
0.646258
0.646277
0.646295
0.646313
0.646331
0.646350
0.646368
0.646386
0.646405
0.646423
0.646441
0.646460
0.646478
0.646496
0.646514
0.646533
0.646551
0.646569
0.646587
0.646606
0.646624
0.646642
0.646661
0.646679
0.646697
0.646715
0.646734
0.646752
0.646770
0.646789
0.646807
0.646825
0.646843
0.646862
0.646880
0.646898
0.646917
0.646935
0.646953
0.646971
0.646990
0.647008
0.647026
0.647044
0.647063
0.647081
0.647099
0.647118
0.647136
0.647154
0.647172
0.647191
0.647209
0.647227
0.647245
0.647264
0.647282
0.647300
0.647319
0.647337
0.647355
0.647373
0.647392
0.647410
0.647428
0.647446
0.647465
0.647483
0.647501
0.647520
0.647538
0.647556
0.647574
0.647593
0.647611
0.647629
0.647647
0.647666
0.647684
0.647702
0.647720
0.647739
0.647757
0.647775
0.647793
0.647812
0.647830
0.647848
0.647866
0.647885
0.647903
0.647921
0.647940
0.647958
0.647976
0.647994
0.648013
0.648031
0.648049
0.648067
0.648086
0.648104
0.648122
0.648140
0.648159
0.648177
0.648195
0.648213
0.648232
0.648250
0.648268
0.648286
0.648305
0.648323
0.648341
0.648359
0.648378
0.648396
0.648414
0.648432
0.648451
0.648469
0.648487
0.648505
0.648524
0.648542
0.648560
0.648578
0.648596
0.648615
0.648633
0.648651
0.648669
0.648688
0.648706
0.648724
0.648742
0.648761
0.648779
0.648797
0.648815
0.648834
0.648852
0.648870
0.648888
0.648907
0.648925
0.648943
0.648961
0.648980
0.648998
0.649016
0.649034
0.649052
0.649071
0.649089
0.649107
0.649125
0.649144
0.649162
0.649180
0.649198
0.649217
0.649235
0.649253
0.649271
0.649289
0.649308
0.649326
0.649344
0.649362
0.649381
0.649399
0.649417
0.649435
0.649454
0.649472
0.649490
0.649508
0.649526
0.649545
0.649563
0.649581
0.649599
0.649618
0.649636
0.649654
0.649672
0.649690
0.649709
0.649727
0.649745
0.649763
0.649782
0.649800
0.649818
0.649836
0.649854
0.649873
0.649891
0.649909
0.649927
0.649945
0.649964
0.649982
0.650000
0.650018
0.650037
0.650055
0.650073
0.650091
0.650109
0.650128
0.650146
0.650164
0.650182
0.650200
0.650219
0.650237
0.650255
0.650273
0.650292
0.650310
0.650328
0.650346
0.650364
0.650383
0.650401
0.650419
0.650437
0.650455
0.650474
0.650492
0.650510
0.650528
0.650546
0.650565
0.650583
0.650601
0.650619
0.650637
0.650656
0.650674
0.650692
0.650710
0.650728
0.650747
0.650765
0.650783
0.650801
0.650819
0.650838
0.650856
0.650874
0.650892
0.650910
0.650929
0.650947
0.650965
0.650983
0.651001
0.651020
0.651038
0.651056
0.651074
0.651092
0.651111
0.651129
0.651147
0.651165
0.651183
0.651201
0.651220
0.651238
0.651256
0.651274
0.651292
0.651311
0.651329
0.651347
0.651365
0.651383
0.651402
0.651420
0.651438
0.651456
0.651474
0.651492
0.651511
0.651529
0.651547
0.651565
0.651583
0.651602
0.651620
0.651638
0.651656
0.651674
0.651692
0.651711
0.651729
0.651747
0.651765
0.651783
0.651802
0.651820
0.651838
0.651856
0.651874
0.651892
0.651911
0.651929
0.651947
0.651965
0.651983
0.652001
0.652020
0.652038
0.652056
0.652074
0.652092
0.652110
0.652129
0.652147
0.652165
0.652183
0.652201
0.652219
0.652238
0.652256
0.652274
0.652292
0.652310
0.652329
0.652347
0.652365
0.652383
0.652401
0.652419
0.652437
0.652456
0.652474
0.652492
0.652510
0.652528
0.652546
0.652565
0.652583
0.652601
0.652619
0.652637
0.652655
0.652674
0.652692
0.652710
0.652728
0.652746
0.652764
0.652783
0.652801
0.652819
0.652837
0.652855
0.652873
0.652891
0.652910
0.652928
0.652946
0.652964
0.652982
0.653000
0.653019
0.653037
0.653055
0.653073
0.653091
0.653109
0.653127
0.653146
0.653164
0.653182
0.653200
0.653218
0.653236
0.653255
0.653273
0.653291
0.653309
0.653327
0.653345
0.653363
0.653382
0.653400
0.653418
0.653436
0.653454
0.653472
0.653490
0.653509
0.653527
0.653545
0.653563
0.653581
0.653599
0.653617
0.653636
0.653654
0.653672
0.653690
0.653708
0.653726
0.653744
0.653762
0.653781
0.653799
0.653817
0.653835
0.653853
0.653871
0.653889
0.653908
0.653926
0.653944
0.653962
0.653980
0.653998
0.654016
0.654035
0.654053
0.654071
0.654089
0.654107
0.654125
0.654143
0.654161
0.654180
0.654198
0.654216
0.654234
0.654252
0.654270
0.654288
0.654306
0.654325
0.654343
0.654361
0.654379
0.654397
0.654415
0.654433
0.654451
0.654470
0.654488
0.654506
0.654524
0.654542
0.654560
0.654578
0.654596
0.654615
0.654633
0.654651
0.654669
0.654687
0.654705
0.654723
0.654741
0.654759
0.654778
0.654796
0.654814
0.654832
0.654850
0.654868
0.654886
0.654904
0.654922
0.654941
0.654959
0.654977
0.654995
0.655013
0.655031
0.655049
0.655067
0.655085
0.655104
0.655122
0.655140
0.655158
0.655176
0.655194
0.655212
0.655230
0.655248
0.655267
0.655285
0.655303
0.655321
0.655339
0.655357
0.655375
0.655393
0.655411
0.655429
0.655448
0.655466
0.655484
0.655502
0.655520
0.655538
0.655556
0.655574
0.655592
0.655611
0.655629
0.655647
0.655665
0.655683
0.655701
0.655719
0.655737
0.655755
0.655773
0.655791
0.655810
0.655828
0.655846
0.655864
0.655882
0.655900
0.655918
0.655936
0.655954
0.655972
0.655990
0.656009
0.656027
0.656045
0.656063
0.656081
0.656099
0.656117
0.656135
0.656153
0.656171
0.656189
0.656208
0.656226
0.656244
0.656262
0.656280
0.656298
0.656316
0.656334
0.656352
0.656370
0.656388
0.656406
0.656425
0.656443
0.656461
0.656479
0.656497
0.656515
0.656533
0.656551
0.656569
0.656587
0.656605
0.656623
0.656642
0.656660
0.656678
0.656696
0.656714
0.656732
0.656750
0.656768
0.656786
0.656804
0.656822
0.656840
0.656858
0.656876
0.656895
0.656913
0.656931
0.656949
0.656967
0.656985
0.657003
0.657021
0.657039
0.657057
0.657075
0.657093
0.657111
0.657129
0.657148
0.657166
0.657184
0.657202
0.657220
0.657238
0.657256
0.657274
0.657292
0.657310
0.657328
0.657346
0.657364
0.657382
0.657400
0.657418
0.657437
0.657455
0.657473
0.657491
0.657509
0.657527
0.657545
0.657563
0.657581
0.657599
0.657617
0.657635
0.657653
0.657671
0.657689
0.657707
0.657725
0.657744
0.657762
0.657780
0.657798
0.657816
0.657834
0.657852
0.657870
0.657888
0.657906
0.657924
0.657942
0.657960
0.657978
0.657996
0.658014
0.658032
0.658050
0.658068
0.658086
0.658105
0.658123
0.658141
0.658159
0.658177
0.658195
0.658213
0.658231
0.658249
0.658267
0.658285
0.658303
0.658321
0.658339
0.658357
0.658375
0.658393
0.658411
0.658429
0.658447
0.658465
0.658483
0.658501
0.658519
0.658538
0.658556
0.658574
0.658592
0.658610
0.658628
0.658646
0.658664
0.658682
0.658700
0.658718
0.658736
0.658754
0.658772
0.658790
0.658808
0.658826
0.658844
0.658862
0.658880
0.658898
0.658916
0.658934
0.658952
0.658970
0.658988
0.659006
0.659024
0.659042
0.659060
0.659078
0.659096
0.659115
0.659133
0.659151
0.659169
0.659187
0.659205
0.659223
0.659241
0.659259
0.659277
0.659295
0.659313
0.659331
0.659349
0.659367
0.659385
0.659403
0.659421
0.659439
0.659457
0.659475
0.659493
0.659511
0.659529
0.659547
0.659565
0.659583
0.659601
0.659619
0.659637
0.659655
0.659673
0.659691
0.659709
0.659727
0.659745
0.659763
0.659781
0.659799
0.659817
0.659835
0.659853
0.659871
0.659889
0.659907
0.659925
0.659943
0.659961
0.659979
0.659997
0.660015
0.660033
0.660051
0.660069
0.660087
0.660105
0.660123
0.660141
0.660159
0.660177
0.660195
0.660213
0.660231
0.660249
0.660267
0.660285
0.660303
0.660321
0.660339
0.660357
0.660375
0.660393
0.660411
0.660429
0.660447
0.660465
0.660483
0.660501
0.660519
0.660537
0.660555
0.660573
0.660591
0.660609
0.660627
0.660645
0.660663
0.660681
0.660699
0.660717
0.660735
0.660753
0.660771
0.660789
0.660807
0.660825
0.660843
0.660861
0.660879
0.660897
0.660915
0.660933
0.660951
0.660969
0.660987
0.661005
0.661023
0.661041
0.661059
0.661077
0.661095
0.661113
0.661131
0.661149
0.661167
0.661185
0.661203
0.661221
0.661239
0.661257
0.661275
0.661293
0.661311
0.661329
0.661347
0.661365
0.661383
0.661401
0.661419
0.661437
0.661455
0.661473
0.661491
0.661509
0.661527
0.661544
0.661562
0.661580
0.661598
0.661616
0.661634
0.661652
0.661670
0.661688
0.661706
0.661724
0.661742
0.661760
0.661778
0.661796
0.661814
0.661832
0.661850
0.661868
0.661886
0.661904
0.661922
0.661940
0.661958
0.661976
0.661994
0.662012
0.662030
0.662048
0.662066
0.662084
0.662101
0.662119
0.662137
0.662155
0.662173
0.662191
0.662209
0.662227
0.662245
0.662263
0.662281
0.662299
0.662317
0.662335
0.662353
0.662371
0.662389
0.662407
0.662425
0.662443
0.662461
0.662479
0.662497
0.662515
0.662532
0.662550
0.662568
0.662586
0.662604
0.662622
0.662640
0.662658
0.662676
0.662694
0.662712
0.662730
0.662748
0.662766
0.662784
0.662802
0.662820
0.662838
0.662856
0.662874
0.662891
0.662909
0.662927
0.662945
0.662963
0.662981
0.662999
0.663017
0.663035
0.663053
0.663071
0.663089
0.663107
0.663125
0.663143
0.663161
0.663179
0.663196
0.663214
0.663232
0.663250
0.663268
0.663286
0.663304
0.663322
0.663340
0.663358
0.663376
0.663394
0.663412
0.663430
0.663448
0.663466
0.663483
0.663501
0.663519
0.663537
0.663555
0.663573
0.663591
0.663609
0.663627
0.663645
0.663663
0.663681
0.663699
0.663717
0.663734
0.663752
0.663770
0.663788
0.663806
0.663824
0.663842
0.663860
0.663878
0.663896
0.663914
0.663932
0.663950
0.663968
0.663985
0.664003
0.664021
0.664039
0.664057
0.664075
0.664093
0.664111
0.664129
0.664147
0.664165
0.664183
0.664200
0.664218
0.664236
0.664254
0.664272
0.664290
0.664308
0.664326
0.664344
0.664362
0.664380
0.664398
0.664415
0.664433
0.664451
0.664469
0.664487
0.664505
0.664523
0.664541
0.664559
0.664577
0.664595
0.664612
0.664630
0.664648
0.664666
0.664684
0.664702
0.664720
0.664738
0.664756
0.664774
0.664792
0.664809
0.664827
0.664845
0.664863
0.664881
0.664899
0.664917
0.664935
0.664953
0.664971
0.664988
0.665006
0.665024
0.665042
0.665060
0.665078
0.665096
0.665114
0.665132
0.665150
0.665167
0.665185
0.665203
0.665221
0.665239
0.665257
0.665275
0.665293
0.665311
0.665329
0.665346
0.665364
0.665382
0.665400
0.665418
0.665436
0.665454
0.665472
0.665490
0.665507
0.665525
0.665543
0.665561
0.665579
0.665597
0.665615
0.665633
0.665651
0.665668
0.665686
0.665704
0.665722
0.665740
0.665758
0.665776
0.665794
0.665812
0.665829
0.665847
0.665865
0.665883
0.665901
0.665919
0.665937
0.665955
0.665972
0.665990
0.666008
0.666026
0.666044
0.666062
0.666080
0.666098
0.666115
0.666133
0.666151
0.666169
0.666187
0.666205
0.666223
0.666241
0.666258
0.666276
0.666294
0.666312
0.666330
0.666348
0.666366
0.666384
0.666401
0.666419
0.666437
0.666455
0.666473
0.666491
0.666509
0.666527
0.666544
0.666562
0.666580
0.666598
0.666616
0.666634
0.666652
0.666669
0.666687
0.666705
0.666723
0.666741
0.666759
0.666777
0.666795
0.666812
0.666830
0.666848
0.666866
0.666884
0.666902
0.666920
0.666937
0.666955
0.666973
0.666991
0.667009
0.667027
0.667045
0.667062
0.667080
0.667098
0.667116
0.667134
0.667152
0.667170
0.667187
0.667205
0.667223
0.667241
0.667259
0.667277
0.667295
0.667312
0.667330
0.667348
0.667366
0.667384
0.667402
0.667419
0.667437
0.667455
0.667473
0.667491
0.667509
0.667527
0.667544
0.667562
0.667580
0.667598
0.667616
0.667634
0.667651
0.667669
0.667687
0.667705
0.667723
0.667741
0.667759
0.667776
0.667794
0.667812
0.667830
0.667848
0.667866
0.667883
0.667901
0.667919
0.667937
0.667955
0.667973
0.667990
0.668008
0.668026
0.668044
0.668062
0.668080
0.668097
0.668115
0.668133
0.668151
0.668169
0.668187
0.668204
0.668222
0.668240
0.668258
0.668276
0.668294
0.668311
0.668329
0.668347
0.668365
0.668383
0.668401
0.668418
0.668436
0.668454
0.668472
0.668490
0.668508
0.668525
0.668543
0.668561
0.668579
0.668597
0.668614
0.668632
0.668650
0.668668
0.668686
0.668704
0.668721
0.668739
0.668757
0.668775
0.668793
0.668811
0.668828
0.668846
0.668864
0.668882
0.668900
0.668917
0.668935
0.668953
0.668971
0.668989
0.669007
0.669024
0.669042
0.669060
0.669078
0.669096
0.669113
0.669131
0.669149
0.669167
0.669185
0.669202
0.669220
0.669238
0.669256
0.669274
0.669291
0.669309
0.669327
0.669345
0.669363
0.669381
0.669398
0.669416
0.669434
0.669452
0.669470
0.669487
0.669505
0.669523
0.669541
0.669559
0.669576
0.669594
0.669612
0.669630
0.669648
0.669665
0.669683
0.669701
0.669719
0.669737
0.669754
0.669772
0.669790
0.669808
0.669826
0.669843
0.669861
0.669879
0.669897
0.669915
0.669932
0.669950
0.669968
0.669986
0.670004
0.670021
0.670039
0.670057
0.670075
0.670092
0.670110
0.670128
0.670146
0.670164
0.670181
0.670199
0.670217
0.670235
0.670253
0.670270
0.670288
0.670306
0.670324
0.670342
0.670359
0.670377
0.670395
0.670413
0.670430
0.670448
0.670466
0.670484
0.670502
0.670519
0.670537
0.670555
0.670573
0.670590
0.670608
0.670626
0.670644
0.670662
0.670679
0.670697
0.670715
0.670733
0.670751
0.670768
0.670786
0.670804
0.670822
0.670839
0.670857
0.670875
0.670893
0.670910
0.670928
0.670946
0.670964
0.670982
0.670999
0.671017
0.671035
0.671053
0.671070
0.671088
0.671106
0.671124
0.671142
0.671159
0.671177
0.671195
0.671213
0.671230
0.671248
0.671266
0.671284
0.671301
0.671319
0.671337
0.671355
0.671372
0.671390
0.671408
0.671426
0.671444
0.671461
0.671479
0.671497
0.671515
0.671532
0.671550
0.671568
0.671586
0.671603
0.671621
0.671639
0.671657
0.671674
0.671692
0.671710
0.671728
0.671745
0.671763
0.671781
0.671799
0.671816
0.671834
0.671852
0.671870
0.671887
0.671905
0.671923
0.671941
0.671958
0.671976
0.671994
0.672012
0.672029
0.672047
0.672065
0.672083
0.672100
0.672118
0.672136
0.672154
0.672171
0.672189
0.672207
0.672225
0.672242
0.672260
0.672278
0.672296
0.672313
0.672331
0.672349
0.672367
0.672384
0.672402
0.672420
0.672438
0.672455
0.672473
0.672491
0.672509
0.672526
0.672544
0.672562
0.672579
0.672597
0.672615
0.672633
0.672650
0.672668
0.672686
0.672704
0.672721
0.672739
0.672757
0.672775
0.672792
0.672810
0.672828
0.672846
0.672863
0.672881
0.672899
0.672916
0.672934
0.672952
0.672970
0.672987
0.673005
0.673023
0.673041
0.673058
0.673076
0.673094
0.673111
0.673129
0.673147
0.673165
0.673182
0.673200
0.673218
0.673235
0.673253
0.673271
0.673289
0.673306
0.673324
0.673342
0.673360
0.673377
0.673395
0.673413
0.673430
0.673448
0.673466
0.673484
0.673501
0.673519
0.673537
0.673554
0.673572
0.673590
0.673608
0.673625
0.673643
0.673661
0.673678
0.673696
0.673714
0.673732
0.673749
0.673767
0.673785
0.673802
0.673820
0.673838
0.673856
0.673873
0.673891
0.673909
0.673926
0.673944
0.673962
0.673980
0.673997
0.674015
0.674033
0.674050
0.674068
0.674086
0.674103
0.674121
0.674139
0.674157
0.674174
0.674192
0.674210
0.674227
0.674245
0.674263
0.674280
0.674298
0.674316
0.674334
0.674351
0.674369
0.674387
0.674404
0.674422
0.674440
0.674457
0.674475
0.674493
0.674511
0.674528
0.674546
0.674564
0.674581
0.674599
0.674617
0.674634
0.674652
0.674670
0.674687
0.674705
0.674723
0.674741
0.674758
0.674776
0.674794
0.674811
0.674829
0.674847
0.674864
0.674882
0.674900
0.674917
0.674935
0.674953
0.674970
0.674988
0.675006
0.675024
0.675041
0.675059
0.675077
0.675094
0.675112
0.675130
0.675147
0.675165
0.675183
0.675200
0.675218
0.675236
0.675253
0.675271
0.675289
0.675306
0.675324
0.675342
0.675359
0.675377
0.675395
0.675412
0.675430
0.675448
0.675466
0.675483
0.675501
0.675519
0.675536
0.675554
0.675572
0.675589
0.675607
0.675625
0.675642
0.675660
0.675678
0.675695
0.675713
0.675731
0.675748
0.675766
0.675784
0.675801
0.675819
0.675837
0.675854
0.675872
0.675890
0.675907
0.675925
0.675943
0.675960
0.675978
0.675996
0.676013
0.676031
0.676049
0.676066
0.676084
0.676102
0.676119
0.676137
0.676155
0.676172
0.676190
0.676207
0.676225
0.676243
0.676260
0.676278
0.676296
0.676313
0.676331
0.676349
0.676366
0.676384
0.676402
0.676419
0.676437
0.676455
0.676472
0.676490
0.676508
0.676525
0.676543
0.676561
0.676578
0.676596
0.676614
0.676631
0.676649
0.676666
0.676684
0.676702
0.676719
0.676737
0.676755
0.676772
0.676790
0.676808
0.676825
0.676843
0.676861
0.676878
0.676896
0.676913
0.676931
0.676949
0.676966
0.676984
0.677002
0.677019
0.677037
0.677055
0.677072
0.677090
0.677108
0.677125
0.677143
0.677160
0.677178
0.677196
0.677213
0.677231
0.677249
0.677266
0.677284
0.677302
0.677319
0.677337
0.677354
0.677372
0.677390
0.677407
0.677425
0.677443
0.677460
0.677478
0.677495
0.677513
0.677531
0.677548
0.677566
0.677584
0.677601
0.677619
0.677636
0.677654
0.677672
0.677689
0.677707
0.677725
0.677742
0.677760
0.677777
0.677795
0.677813
0.677830
0.677848
0.677866
0.677883
0.677901
0.677918
0.677936
0.677954
0.677971
0.677989
0.678007
0.678024
0.678042
0.678059
0.678077
0.678095
0.678112
0.678130
0.678147
0.678165
0.678183
0.678200
0.678218
0.678236
0.678253
0.678271
0.678288
0.678306
0.678324
0.678341
0.678359
0.678376
0.678394
0.678412
0.678429
0.678447
0.678465
0.678482
0.678500
0.678517
0.678535
0.678553
0.678570
0.678588
0.678605
0.678623
0.678641
0.678658
0.678676
0.678693
0.678711
0.678729
0.678746
0.678764
0.678781
0.678799
0.678817
0.678834
0.678852
0.678869
0.678887
0.678905
0.678922
0.678940
0.678957
0.678975
0.678993
0.679010
0.679028
0.679045
0.679063
0.679081
0.679098
0.679116
0.679133
0.679151
0.679169
0.679186
0.679204
0.679221
0.679239
0.679256
0.679274
0.679292
0.679309
0.679327
0.679344
0.679362
0.679380
0.679397
0.679415
0.679432
0.679450
0.679468
0.679485
0.679503
0.679520
0.679538
0.679555
0.679573
0.679591
0.679608
0.679626
0.679643
0.679661
0.679679
0.679696
0.679714
0.679731
0.679749
0.679766
0.679784
0.679802
0.679819
0.679837
0.679854
0.679872
0.679889
0.679907
0.679925
0.679942
0.679960
0.679977
0.679995
0.680012
0.680030
0.680048
0.680065
0.680083
0.680100
0.680118
0.680136
0.680153
0.680171
0.680188
0.680206
0.680223
0.680241
0.680258
0.680276
0.680294
0.680311
0.680329
0.680346
0.680364
0.680381
0.680399
0.680417
0.680434
0.680452
0.680469
0.680487
0.680504
0.680522
0.680540
0.680557
0.680575
0.680592
0.680610
0.680627
0.680645
0.680662
0.680680
0.680698
0.680715
0.680733
0.680750
0.680768
0.680785
0.680803
0.680820
0.680838
0.680856
0.680873
0.680891
0.680908
0.680926
0.680943
0.680961
0.680978
0.680996
0.681014
0.681031
0.681049
0.681066
0.681084
0.681101
0.681119
0.681136
0.681154
0.681172
0.681189
0.681207
0.681224
0.681242
0.681259
0.681277
0.681294
0.681312
0.681329
0.681347
0.681365
0.681382
0.681400
0.681417
0.681435
0.681452
0.681470
0.681487
0.681505
0.681522
0.681540
0.681557
0.681575
0.681593
0.681610
0.681628
0.681645
0.681663
0.681680
0.681698
0.681715
0.681733
0.681750
0.681768
0.681785
0.681803
0.681821
0.681838
0.681856
0.681873
0.681891
0.681908
0.681926
0.681943
0.681961
0.681978
0.681996
0.682013
0.682031
0.682048
0.682066
0.682083
0.682101
0.682119
0.682136
0.682154
0.682171
0.682189
0.682206
0.682224
0.682241
0.682259
0.682276
0.682294
0.682311
0.682329
0.682346
0.682364
0.682381
0.682399
0.682416
0.682434
0.682451
0.682469
0.682486
0.682504
0.682522
0.682539
0.682557
0.682574
0.682592
0.682609
0.682627
0.682644
0.682662
0.682679
0.682697
0.682714
0.682732
0.682749
0.682767
0.682784
0.682802
0.682819
0.682837
0.682854
0.682872
0.682889
0.682907
0.682924
0.682942
0.682959
0.682977
0.682994
0.683012
0.683029
0.683047
0.683064
0.683082
0.683099
0.683117
0.683134
0.683152
0.683169
0.683187
0.683204
0.683222
0.683239
0.683257
0.683274
0.683292
0.683309
0.683327
0.683344
0.683362
0.683379
0.683397
0.683414
0.683432
0.683449
0.683467
0.683484
0.683502
0.683519
0.683537
0.683554
0.683572
0.683589
0.683607
0.683624
0.683642
0.683659
0.683677
0.683694
0.683712
0.683729
0.683747
0.683764
0.683782
0.683799
0.683817
0.683834
0.683852
0.683869
0.683887
0.683904
0.683922
0.683939
0.683957
0.683974
0.683992
0.684009
0.684027
0.684044
0.684062
0.684079
0.684097
0.684114
0.684132
0.684149
0.684166
0.684184
0.684201
0.684219
0.684236
0.684254
0.684271
0.684289
0.684306
0.684324
0.684341
0.684359
0.684376
0.684394
0.684411
0.684429
0.684446
0.684464
0.684481
0.684499
0.684516
0.684533
0.684551
0.684568
0.684586
0.684603
0.684621
0.684638
0.684656
0.684673
0.684691
0.684708
0.684726
0.684743
0.684761
0.684778
0.684796
0.684813
0.684830
0.684848
0.684865
0.684883
0.684900
0.684918
0.684935
0.684953
0.684970
0.684988
0.685005
0.685023
0.685040
0.685057
0.685075
0.685092
0.685110
0.685127
0.685145
0.685162
0.685180
0.685197
0.685215
0.685232
0.685250
0.685267
0.685284
0.685302
0.685319
0.685337
0.685354
0.685372
0.685389
0.685407
0.685424
0.685442
0.685459
0.685476
0.685494
0.685511
0.685529
0.685546
0.685564
0.685581
0.685599
0.685616
0.685633
0.685651
0.685668
0.685686
0.685703
0.685721
0.685738
0.685756
0.685773
0.685790
0.685808
0.685825
0.685843
0.685860
0.685878
0.685895
0.685913
0.685930
0.685947
0.685965
0.685982
0.686000
0.686017
0.686035
0.686052
0.686070
0.686087
0.686104
0.686122
0.686139
0.686157
0.686174
0.686192
0.686209
0.686226
0.686244
0.686261
0.686279
0.686296
0.686314
0.686331
0.686348
0.686366
0.686383
0.686401
0.686418
0.686436
0.686453
0.686471
0.686488
0.686505
0.686523
0.686540
0.686558
0.686575
0.686592
0.686610
0.686627
0.686645
0.686662
0.686680
0.686697
0.686714
0.686732
0.686749
0.686767
0.686784
0.686802
0.686819
0.686836
0.686854
0.686871
0.686889
0.686906
0.686924
0.686941
0.686958
0.686976
0.686993
0.687011
0.687028
0.687045
0.687063
0.687080
0.687098
0.687115
0.687133
0.687150
0.687167
0.687185
0.687202
0.687220
0.687237
0.687254
0.687272
0.687289
0.687307
0.687324
0.687341
0.687359
0.687376
0.687394
0.687411
0.687428
0.687446
0.687463
0.687481
0.687498
0.687516
0.687533
0.687550
0.687568
0.687585
0.687603
0.687620
0.687637
0.687655
0.687672
0.687690
0.687707
0.687724
0.687742
0.687759
0.687777
0.687794
0.687811
0.687829
0.687846
0.687864
0.687881
0.687898
0.687916
0.687933
0.687951
0.687968
0.687985
0.688003
0.688020
0.688038
0.688055
0.688072
0.688090
0.688107
0.688124
0.688142
0.688159
0.688177
0.688194
0.688211
0.688229
0.688246
0.688264
0.688281
0.688298
0.688316
0.688333
0.688351
0.688368
0.688385
0.688403
0.688420
0.688437
0.688455
0.688472
0.688490
0.688507
0.688524
0.688542
0.688559
0.688577
0.688594
0.688611
0.688629
0.688646
0.688663
0.688681
0.688698
0.688716
0.688733
0.688750
0.688768
0.688785
0.688802
0.688820
0.688837
0.688855
0.688872
0.688889
0.688907
0.688924
0.688941
0.688959
0.688976
0.688994
0.689011
0.689028
0.689046
0.689063
0.689080
0.689098
0.689115
0.689132
0.689150
0.689167
0.689185
0.689202
0.689219
0.689237
0.689254
0.689271
0.689289
0.689306
0.689324
0.689341
0.689358
0.689376
0.689393
0.689410
0.689428
0.689445
0.689462
0.689480
0.689497
0.689515
0.689532
0.689549
0.689567
0.689584
0.689601
0.689619
0.689636
0.689653
0.689671
0.689688
0.689705
0.689723
0.689740
0.689758
0.689775
0.689792
0.689810
0.689827
0.689844
0.689862
0.689879
0.689896
0.689914
0.689931
0.689948
0.689966
0.689983
0.690000
0.690018
0.690035
0.690052
0.690070
0.690087
0.690105
0.690122
0.690139
0.690157
0.690174
0.690191
0.690209
0.690226
0.690243
0.690261
0.690278
0.690295
0.690313
0.690330
0.690347
0.690365
0.690382
0.690399
0.690417
0.690434
0.690451
0.690469
0.690486
0.690503
0.690521
0.690538
0.690555
0.690573
0.690590
0.690607
0.690625
0.690642
0.690659
0.690677
0.690694
0.690711
0.690729
0.690746
0.690763
0.690781
0.690798
0.690815
0.690833
0.690850
0.690867
0.690885
0.690902
0.690919
0.690937
0.690954
0.690971
0.690989
0.691006
0.691023
0.691041
0.691058
0.691075
0.691093
0.691110
0.691127
0.691145
0.691162
0.691179
0.691197
0.691214
0.691231
0.691248
0.691266
0.691283
0.691300
0.691318
0.691335
0.691352
0.691370
0.691387
0.691404
0.691422
0.691439
0.691456
0.691474
0.691491
0.691508
0.691526
0.691543
0.691560
0.691577
0.691595
0.691612
0.691629
0.691647
0.691664
0.691681
0.691699
0.691716
0.691733
0.691751
0.691768
0.691785
0.691803
0.691820
0.691837
0.691854
0.691872
0.691889
0.691906
0.691924
0.691941
0.691958
0.691976
0.691993
0.692010
0.692027
0.692045
0.692062
0.692079
0.692097
0.692114
0.692131
0.692149
0.692166
0.692183
0.692200
0.692218
0.692235
0.692252
0.692270
0.692287
0.692304
0.692322
0.692339
0.692356
0.692373
0.692391
0.692408
0.692425
0.692443
0.692460
0.692477
0.692495
0.692512
0.692529
0.692546
0.692564
0.692581
0.692598
0.692616
0.692633
0.692650
0.692667
0.692685
0.692702
0.692719
0.692737
0.692754
0.692771
0.692788
0.692806
0.692823
0.692840
0.692858
0.692875
0.692892
0.692909
0.692927
0.692944
0.692961
0.692979
0.692996
0.693013
0.693030
0.693048
0.693065
0.693082
0.693099
0.693117
0.693134
0.693151
0.693169
0.693186
0.693203
0.693220
0.693238
0.693255
0.693272
0.693289
0.693307
0.693324
0.693341
0.693359
0.693376
0.693393
0.693410
0.693428
0.693445
0.693462
0.693479
0.693497
0.693514
0.693531
0.693549
0.693566
0.693583
0.693600
0.693618
0.693635
0.693652
0.693669
0.693687
0.693704
0.693721
0.693738
0.693756
0.693773
0.693790
0.693807
0.693825
0.693842
0.693859
0.693877
0.693894
0.693911
0.693928
0.693946
0.693963
0.693980
0.693997
0.694015
0.694032
0.694049
0.694066
0.694084
0.694101
0.694118
0.694135
0.694153
0.694170
0.694187
0.694204
0.694222
0.694239
0.694256
0.694273
0.694291
0.694308
0.694325
0.694342
0.694360
0.694377
0.694394
0.694411
0.694429
0.694446
0.694463
0.694480
0.694498
0.694515
0.694532
0.694549
0.694567
0.694584
0.694601
0.694618
0.694636
0.694653
0.694670
0.694687
0.694705
0.694722
0.694739
0.694756
0.694773
0.694791
0.694808
0.694825
0.694842
0.694860
0.694877
0.694894
0.694911
0.694929
0.694946
0.694963
0.694980
0.694998
0.695015
0.695032
0.695049
0.695066
0.695084
0.695101
0.695118
0.695135
0.695153
0.695170
0.695187
0.695204
0.695222
0.695239
0.695256
0.695273
0.695290
0.695308
0.695325
0.695342
0.695359
0.695377
0.695394
0.695411
0.695428
0.695446
0.695463
0.695480
0.695497
0.695514
0.695532
0.695549
0.695566
0.695583
0.695600
0.695618
0.695635
0.695652
0.695669
0.695687
0.695704
0.695721
0.695738
0.695755
0.695773
0.695790
0.695807
0.695824
0.695842
0.695859
0.695876
0.695893
0.695910
0.695928
0.695945
0.695962
0.695979
0.695996
0.696014
0.696031
0.696048
0.696065
0.696082
0.696100
0.696117
0.696134
0.696151
0.696169
0.696186
0.696203
0.696220
0.696237
0.696255
0.696272
0.696289
0.696306
0.696323
0.696341
0.696358
0.696375
0.696392
0.696409
0.696427
0.696444
0.696461
0.696478
0.696495
0.696513
0.696530
0.696547
0.696564
0.696581
0.696599
0.696616
0.696633
0.696650
0.696667
0.696685
0.696702
0.696719
0.696736
0.696753
0.696771
0.696788
0.696805
0.696822
0.696839
0.696856
0.696874
0.696891
0.696908
0.696925
0.696942
0.696960
0.696977
0.696994
0.697011
0.697028
0.697046
0.697063
0.697080
0.697097
0.697114
0.697131
0.697149
0.697166
0.697183
0.697200
0.697217
0.697235
0.697252
0.697269
0.697286
0.697303
0.697320
0.697338
0.697355
0.697372
0.697389
0.697406
0.697424
0.697441
0.697458
0.697475
0.697492
0.697509
0.697527
0.697544
0.697561
0.697578
0.697595
0.697612
0.697630
0.697647
0.697664
0.697681
0.697698
0.697715
0.697733
0.697750
0.697767
0.697784
0.697801
0.697819
0.697836
0.697853
0.697870
0.697887
0.697904
0.697922
0.697939
0.697956
0.697973
0.697990
0.698007
0.698024
0.698042
0.698059
0.698076
0.698093
0.698110
0.698127
0.698145
0.698162
0.698179
0.698196
0.698213
0.698230
0.698248
0.698265
0.698282
0.698299
0.698316
0.698333
0.698351
0.698368
0.698385
0.698402
0.698419
0.698436
0.698453
0.698471
0.698488
0.698505
0.698522
0.698539
0.698556
0.698574
0.698591
0.698608
0.698625
0.698642
0.698659
0.698676
0.698694
0.698711
0.698728
0.698745
0.698762
0.698779
0.698796
0.698814
0.698831
0.698848
0.698865
0.698882
0.698899
0.698916
0.698934
0.698951
0.698968
0.698985
0.699002
0.699019
0.699036
0.699054
0.699071
0.699088
0.699105
0.699122
0.699139
0.699156
0.699174
0.699191
0.699208
0.699225
0.699242
0.699259
0.699276
0.699293
0.699311
0.699328
0.699345
0.699362
0.699379
0.699396
0.699413
0.699431
0.699448
0.699465
0.699482
0.699499
0.699516
0.699533
0.699550
0.699568
0.699585
0.699602
0.699619
0.699636
0.699653
0.699670
0.699687
0.699705
0.699722
0.699739
0.699756
0.699773
0.699790
0.699807
0.699824
0.699842
0.699859
0.699876
0.699893
0.699910
0.699927
0.699944
0.699961
0.699978
0.699996
0.700013
0.700030
0.700047
0.700064
0.700081
0.700098
0.700115
0.700133
0.700150
0.700167
0.700184
0.700201
0.700218
0.700235
0.700252
0.700269
0.700287
0.700304
0.700321
0.700338
0.700355
0.700372
0.700389
0.700406
0.700423
0.700441
0.700458
0.700475
0.700492
0.700509
0.700526
0.700543
0.700560
0.700577
0.700594
0.700612
0.700629
0.700646
0.700663
0.700680
0.700697
0.700714
0.700731
0.700748
0.700765
0.700783
0.700800
0.700817
0.700834
0.700851
0.700868
0.700885
0.700902
0.700919
0.700936
0.700954
0.700971
0.700988
0.701005
0.701022
0.701039
0.701056
0.701073
0.701090
0.701107
0.701124
0.701142
0.701159
0.701176
0.701193
0.701210
0.701227
0.701244
0.701261
0.701278
0.701295
0.701312
0.701330
0.701347
0.701364
0.701381
0.701398
0.701415
0.701432
0.701449
0.701466
0.701483
0.701500
0.701517
0.701535
0.701552
0.701569
0.701586
0.701603
0.701620
0.701637
0.701654
0.701671
0.701688
0.701705
0.701722
0.701739
0.701757
0.701774
0.701791
0.701808
0.701825
0.701842
0.701859
0.701876
0.701893
0.701910
0.701927
0.701944
0.701961
0.701978
0.701996
0.702013
0.702030
0.702047
0.702064
0.702081
0.702098
0.702115
0.702132
0.702149
0.702166
0.702183
0.702200
0.702217
0.702234
0.702252
0.702269
0.702286
0.702303
0.702320
0.702337
0.702354
0.702371
0.702388
0.702405
0.702422
0.702439
0.702456
0.702473
0.702490
0.702507
0.702525
0.702542
0.702559
0.702576
0.702593
0.702610
0.702627
0.702644
0.702661
0.702678
0.702695
0.702712
0.702729
0.702746
0.702763
0.702780
0.702797
0.702814
0.702831
0.702849
0.702866
0.702883
0.702900
0.702917
0.702934
0.702951
0.702968
0.702985
0.703002
0.703019
0.703036
0.703053
0.703070
0.703087
0.703104
0.703121
0.703138
0.703155
0.703172
0.703189
0.703206
0.703224
0.703241
0.703258
0.703275
0.703292
0.703309
0.703326
0.703343
0.703360
0.703377
0.703394
0.703411
0.703428
0.703445
0.703462
0.703479
0.703496
0.703513
0.703530
0.703547
0.703564
0.703581
0.703598
0.703615
0.703632
0.703649
0.703666
0.703683
0.703701
0.703718
0.703735
0.703752
0.703769
0.703786
0.703803
0.703820
0.703837
0.703854
0.703871
0.703888
0.703905
0.703922
0.703939
0.703956
0.703973
0.703990
0.704007
0.704024
0.704041
0.704058
0.704075
0.704092
0.704109
0.704126
0.704143
0.704160
0.704177
0.704194
0.704211
0.704228
0.704245
0.704262
0.704279
0.704296
0.704313
0.704330
0.704347
0.704364
0.704381
0.704398
0.704415
0.704432
0.704449
0.704466
0.704483
0.704500
0.704517
0.704534
0.704551
0.704568
0.704585
0.704603
0.704620
0.704637
0.704654
0.704671
0.704688
0.704705
0.704722
0.704739
0.704756
0.704773
0.704790
0.704807
0.704824
0.704841
0.704858
0.704875
0.704892
0.704909
0.704926
0.704943
0.704960
0.704977
0.704994
0.705011
0.705028
0.705045
0.705062
0.705079
0.705096
0.705113
0.705130
0.705147
0.705164
0.705181
0.705198
0.705215
0.705232
0.705249
0.705266
0.705282
0.705299
0.705316
0.705333
0.705350
0.705367
0.705384
0.705401
0.705418
0.705435
0.705452
0.705469
0.705486
0.705503
0.705520
0.705537
0.705554
0.705571
0.705588
0.705605
0.705622
0.705639
0.705656
0.705673
0.705690
0.705707
0.705724
0.705741
0.705758
0.705775
0.705792
0.705809
0.705826
0.705843
0.705860
0.705877
0.705894
0.705911
0.705928
0.705945
0.705962
0.705979
0.705996
0.706013
0.706030
0.706047
0.706064
0.706081
0.706098
0.706115
0.706132
0.706149
0.706166
0.706182
0.706199
0.706216
0.706233
0.706250
0.706267
0.706284
0.706301
0.706318
0.706335
0.706352
0.706369
0.706386
0.706403
0.706420
0.706437
0.706454
0.706471
0.706488
0.706505
0.706522
0.706539
0.706556
0.706573
0.706590
0.706607
0.706624
0.706641
0.706658
0.706674
0.706691
0.706708
0.706725
0.706742
0.706759
0.706776
0.706793
0.706810
0.706827
0.706844
0.706861
0.706878
0.706895
0.706912
0.706929
0.706946
0.706963
0.706980
0.706997
0.707014
0.707031
0.707047
0.707064
0.707081
0.707098
0.707115
0.707132
0.707149
0.707166
0.707183
0.707200
0.707217
0.707234
0.707251
0.707268
0.707285
0.707302
0.707319
0.707336
0.707352
0.707369
0.707386
0.707403
0.707420
0.707437
0.707454
0.707471
0.707488
0.707505
0.707522
0.707539
0.707556
0.707573
0.707590
0.707607
0.707624
0.707640
0.707657
0.707674
0.707691
0.707708
0.707725
0.707742
0.707759
0.707776
0.707793
0.707810
0.707827
0.707844
0.707861
0.707878
0.707894
0.707911
0.707928
0.707945
0.707962
0.707979
0.707996
0.708013
0.708030
0.708047
0.708064
0.708081
0.708098
0.708114
0.708131
0.708148
0.708165
0.708182
0.708199
0.708216
0.708233
0.708250
0.708267
0.708284
0.708301
0.708318
0.708334
0.708351
0.708368
0.708385
0.708402
0.708419
0.708436
0.708453
0.708470
0.708487
0.708504
0.708521
0.708537
0.708554
0.708571
0.708588
0.708605
0.708622
0.708639
0.708656
0.708673
0.708690
0.708707
0.708723
0.708740
0.708757
0.708774
0.708791
0.708808
0.708825
0.708842
0.708859
0.708876
0.708893
0.708909
0.708926
0.708943
0.708960
0.708977
0.708994
0.709011
0.709028
0.709045
0.709062
0.709078
0.709095
0.709112
0.709129
0.709146
0.709163
0.709180
0.709197
0.709214
0.709231
0.709247
0.709264
0.709281
0.709298
0.709315
0.709332
0.709349
0.709366
0.709383
0.709400
0.709416
0.709433
0.709450
0.709467
0.709484
0.709501
0.709518
0.709535
0.709552
0.709568
0.709585
0.709602
0.709619
0.709636
0.709653
0.709670
0.709687
0.709704
0.709720
0.709737
0.709754
0.709771
0.709788
0.709805
0.709822
0.709839
0.709856
0.709872
0.709889
0.709906
0.709923
0.709940
0.709957
0.709974
0.709991
0.710007
0.710024
0.710041
0.710058
0.710075
0.710092
0.710109
0.710126
0.710142
0.710159
0.710176
0.710193
0.710210
0.710227
0.710244
0.710261
0.710277
0.710294
0.710311
0.710328
0.710345
0.710362
0.710379
0.710396
0.710412
0.710429
0.710446
0.710463
0.710480
0.710497
0.710514
0.710530
0.710547
0.710564
0.710581
0.710598
0.710615
0.710632
0.710649
0.710665
0.710682
0.710699
0.710716
0.710733
0.710750
0.710767
0.710783
0.710800
0.710817
0.710834
0.710851
0.710868
0.710885
0.710901
0.710918
0.710935
0.710952
0.710969
0.710986
0.711003
0.711019
0.711036
0.711053
0.711070
0.711087
0.711104
0.711121
0.711137
0.711154
0.711171
0.711188
0.711205
0.711222
0.711238
0.711255
0.711272
0.711289
0.711306
0.711323
0.711340
0.711356
0.711373
0.711390
0.711407
0.711424
0.711441
0.711457
0.711474
0.711491
0.711508
0.711525
0.711542
0.711559
0.711575
0.711592
0.711609
0.711626
0.711643
0.711660
0.711676
0.711693
0.711710
0.711727
0.711744
0.711761
0.711777
0.711794
0.711811
0.711828
0.711845
0.711862
0.711878
0.711895
0.711912
0.711929
0.711946
0.711963
0.711979
0.711996
0.712013
0.712030
0.712047
0.712064
0.712080
0.712097
0.712114
0.712131
0.712148
0.712165
0.712181
0.712198
0.712215
0.712232
0.712249
0.712265
0.712282
0.712299
0.712316
0.712333
0.712350
0.712366
0.712383
0.712400
0.712417
0.712434
0.712451
0.712467
0.712484
0.712501
0.712518
0.712535
0.712551
0.712568
0.712585
0.712602
0.712619
0.712635
0.712652
0.712669
0.712686
0.712703
0.712720
0.712736
0.712753
0.712770
0.712787
0.712804
0.712820
0.712837
0.712854
0.712871
0.712888
0.712904
0.712921
0.712938
0.712955
0.712972
0.712989
0.713005
0.713022
0.713039
0.713056
0.713073
0.713089
0.713106
0.713123
0.713140
0.713157
0.713173
0.713190
0.713207
0.713224
0.713241
0.713257
0.713274
0.713291
0.713308
0.713325
0.713341
0.713358
0.713375
0.713392
0.713409
0.713425
0.713442
0.713459
0.713476
0.713493
0.713509
0.713526
0.713543
0.713560
0.713576
0.713593
0.713610
0.713627
0.713644
0.713660
0.713677
0.713694
0.713711
0.713728
0.713744
0.713761
0.713778
0.713795
0.713812
0.713828
0.713845
0.713862
0.713879
0.713895
0.713912
0.713929
0.713946
0.713963
0.713979
0.713996
0.714013
0.714030
0.714046
0.714063
0.714080
0.714097
0.714114
0.714130
0.714147
0.714164
0.714181
0.714197
0.714214
0.714231
0.714248
0.714265
0.714281
0.714298
0.714315
0.714332
0.714348
0.714365
0.714382
0.714399
0.714416
0.714432
0.714449
0.714466
0.714483
0.714499
0.714516
0.714533
0.714550
0.714566
0.714583
0.714600
0.714617
0.714634
0.714650
0.714667
0.714684
0.714701
0.714717
0.714734
0.714751
0.714768
0.714784
0.714801
0.714818
0.714835
0.714851
0.714868
0.714885
0.714902
0.714919
0.714935
0.714952
0.714969
0.714986
0.715002
0.715019
0.715036
0.715053
0.715069
0.715086
0.715103
0.715120
0.715136
0.715153
0.715170
0.715187
0.715203
0.715220
0.715237
0.715254
0.715270
0.715287
0.715304
0.715321
0.715337
0.715354
0.715371
0.715388
0.715404
0.715421
0.715438
0.715455
0.715471
0.715488
0.715505
0.715522
0.715538
0.715555
0.715572
0.715589
0.715605
0.715622
0.715639
0.715655
0.715672
0.715689
0.715706
0.715722
0.715739
0.715756
0.715773
0.715789
0.715806
0.715823
0.715840
0.715856
0.715873
0.715890
0.715907
0.715923
0.715940
0.715957
0.715973
0.715990
0.716007
0.716024
0.716040
0.716057
0.716074
0.716091
0.716107
0.716124
0.716141
0.716158
0.716174
0.716191
0.716208
0.716224
0.716241
0.716258
0.716275
0.716291
0.716308
0.716325
0.716342
0.716358
0.716375
0.716392
0.716408
0.716425
0.716442
0.716459
0.716475
0.716492
0.716509
0.716525
0.716542
0.716559
0.716576
0.716592
0.716609
0.716626
0.716642
0.716659
0.716676
0.716693
0.716709
0.716726
0.716743
0.716759
0.716776
0.716793
0.716810
0.716826
0.716843
0.716860
0.716876
0.716893
0.716910
0.716927
0.716943
0.716960
0.716977
0.716993
0.717010
0.717027
0.717044
0.717060
0.717077
0.717094
0.717110
0.717127
0.717144
0.717161
0.717177
0.717194
0.717211
0.717227
0.717244
0.717261
0.717277
0.717294
0.717311
0.717328
0.717344
0.717361
0.717378
0.717394
0.717411
0.717428
0.717444
0.717461
0.717478
0.717494
0.717511
0.717528
0.717545
0.717561
0.717578
0.717595
0.717611
0.717628
0.717645
0.717661
0.717678
0.717695
0.717712
0.717728
0.717745
0.717762
0.717778
0.717795
0.717812
0.717828
0.717845
0.717862
0.717878
0.717895
0.717912
0.717928
0.717945
0.717962
0.717978
0.717995
0.718012
0.718029
0.718045
0.718062
0.718079
0.718095
0.718112
0.718129
0.718145
0.718162
0.718179
0.718195
0.718212
0.718229
0.718245
0.718262
0.718279
0.718295
0.718312
0.718329
0.718345
0.718362
0.718379
0.718395
0.718412
0.718429
0.718445
0.718462
0.718479
0.718495
0.718512
0.718529
0.718546
0.718562
0.718579
0.718596
0.718612
0.718629
0.718646
0.718662
0.718679
0.718696
0.718712
0.718729
0.718746
0.718762
0.718779
0.718795
0.718812
0.718829
0.718845
0.718862
0.718879
0.718895
0.718912
0.718929
0.718945
0.718962
0.718979
0.718995
0.719012
0.719029
0.719045
0.719062
0.719079
0.719095
0.719112
0.719129
0.719145
0.719162
0.719179
0.719195
0.719212
0.719229
0.719245
0.719262
0.719279
0.719295
0.719312
0.719329
0.719345
0.719362
0.719378
0.719395
0.719412
0.719428
0.719445
0.719462
0.719478
0.719495
0.719512
0.719528
0.719545
0.719562
0.719578
0.719595
0.719612
0.719628
0.719645
0.719661
0.719678
0.719695
0.719711
0.719728
0.719745
0.719761
0.719778
0.719795
0.719811
0.719828
0.719844
0.719861
0.719878
0.719894
0.719911
0.719928
0.719944
0.719961
0.719978
0.719994
0.720011
0.720027
0.720044
0.720061
0.720077
0.720094
0.720111
0.720127
0.720144
0.720161
0.720177
0.720194
0.720210
0.720227
0.720244
0.720260
0.720277
0.720294
0.720310
0.720327
0.720343
0.720360
0.720377
0.720393
0.720410
0.720427
0.720443
0.720460
0.720476
0.720493
0.720510
0.720526
0.720543
0.720559
0.720576
0.720593
0.720609
0.720626
0.720643
0.720659
0.720676
0.720692
0.720709
0.720726
0.720742
0.720759
0.720776
0.720792
0.720809
0.720825
0.720842
0.720859
0.720875
0.720892
0.720908
0.720925
0.720942
0.720958
0.720975
0.720991
0.721008
0.721025
0.721041
0.721058
0.721075
0.721091
0.721108
0.721124
0.721141
0.721158
0.721174
0.721191
0.721207
0.721224
0.721241
0.721257
0.721274
0.721290
0.721307
0.721324
0.721340
0.721357
0.721373
0.721390
0.721407
0.721423
0.721440
0.721456
0.721473
0.721490
0.721506
0.721523
0.721539
0.721556
0.721573
0.721589
0.721606
0.721622
0.721639
0.721655
0.721672
0.721689
0.721705
0.721722
0.721738
0.721755
0.721772
0.721788
0.721805
0.721821
0.721838
0.721855
0.721871
0.721888
0.721904
0.721921
0.721937
0.721954
0.721971
0.721987
0.722004
0.722020
0.722037
0.722054
0.722070
0.722087
0.722103
0.722120
0.722136
0.722153
0.722170
0.722186
0.722203
0.722219
0.722236
0.722253
0.722269
0.722286
0.722302
0.722319
0.722335
0.722352
0.722369
0.722385
0.722402
0.722418
0.722435
0.722451
0.722468
0.722485
0.722501
0.722518
0.722534
0.722551
0.722567
0.722584
0.722601
0.722617
0.722634
0.722650
0.722667
0.722683
0.722700
0.722717
0.722733
0.722750
0.722766
0.722783
0.722799
0.722816
0.722832
0.722849
0.722866
0.722882
0.722899
0.722915
0.722932
0.722948
0.722965
0.722982
0.722998
0.723015
0.723031
0.723048
0.723064
0.723081
0.723097
0.723114
0.723131
0.723147
0.723164
0.723180
0.723197
0.723213
0.723230
0.723246
0.723263
0.723280
0.723296
0.723313
0.723329
0.723346
0.723362
0.723379
0.723395
0.723412
0.723428
0.723445
0.723462
0.723478
0.723495
0.723511
0.723528
0.723544
0.723561
0.723577
0.723594
0.723610
0.723627
0.723644
0.723660
0.723677
0.723693
0.723710
0.723726
0.723743
0.723759
0.723776
0.723792
0.723809
0.723826
0.723842
0.723859
0.723875
0.723892
0.723908
0.723925
0.723941
0.723958
0.723974
0.723991
0.724007
0.724024
0.724040
0.724057
0.724074
0.724090
0.724107
0.724123
0.724140
0.724156
0.724173
0.724189
0.724206
0.724222
0.724239
0.724255
0.724272
0.724288
0.724305
0.724321
0.724338
0.724355
0.724371
0.724388
0.724404
0.724421
0.724437
0.724454
0.724470
0.724487
0.724503
0.724520
0.724536
0.724553
0.724569
0.724586
0.724602
0.724619
0.724635
0.724652
0.724668
0.724685
0.724701
0.724718
0.724734
0.724751
0.724767
0.724784
0.724801
0.724817
0.724834
0.724850
0.724867
0.724883
0.724900
0.724916
0.724933
0.724949
0.724966
0.724982
0.724999
0.725015
0.725032
0.725048
0.725065
0.725081
0.725098
0.725114
0.725131
0.725147
0.725164
0.725180
0.725197
0.725213
0.725230
0.725246
0.725263
0.725279
0.725296
0.725312
0.725329
0.725345
0.725362
0.725378
0.725395
0.725411
0.725428
0.725444
0.725461
0.725477
0.725494
0.725510
0.725527
0.725543
0.725560
0.725576
0.725593
0.725609
0.725626
0.725642
0.725659
0.725675
0.725692
0.725708
0.725725
0.725741
0.725758
0.725774
0.725791
0.725807
0.725824
0.725840
0.725857
0.725873
0.725889
0.725906
0.725922
0.725939
0.725955
0.725972
0.725988
0.726005
0.726021
0.726038
0.726054
0.726071
0.726087
0.726104
0.726120
0.726137
0.726153
0.726170
0.726186
0.726203
0.726219
0.726236
0.726252
0.726269
0.726285
0.726301
0.726318
0.726334
0.726351
0.726367
0.726384
0.726400
0.726417
0.726433
0.726450
0.726466
0.726483
0.726499
0.726516
0.726532
0.726549
0.726565
0.726582
0.726598
0.726614
0.726631
0.726647
0.726664
0.726680
0.726697
0.726713
0.726730
0.726746
0.726763
0.726779
0.726796
0.726812
0.726828
0.726845
0.726861
0.726878
0.726894
0.726911
0.726927
0.726944
0.726960
0.726977
0.726993
0.727010
0.727026
0.727042
0.727059
0.727075
0.727092
0.727108
0.727125
0.727141
0.727158
0.727174
0.727191
0.727207
0.727223
0.727240
0.727256
0.727273
0.727289
0.727306
0.727322
0.727339
0.727355
0.727372
0.727388
0.727404
0.727421
0.727437
0.727454
0.727470
0.727487
0.727503
0.727520
0.727536
0.727552
0.727569
0.727585
0.727602
0.727618
0.727635
0.727651
0.727668
0.727684
0.727700
0.727717
0.727733
0.727750
0.727766
0.727783
0.727799
0.727815
0.727832
0.727848
0.727865
0.727881
0.727898
0.727914
0.727931
0.727947
0.727963
0.727980
0.727996
0.728013
0.728029
0.728046
0.728062
0.728078
0.728095
0.728111
0.728128
0.728144
0.728161
0.728177
0.728193
0.728210
0.728226
0.728243
0.728259
0.728276
0.728292
0.728308
0.728325
0.728341
0.728358
0.728374
0.728390
0.728407
0.728423
0.728440
0.728456
0.728473
0.728489
0.728505
0.728522
0.728538
0.728555
0.728571
0.728588
0.728604
0.728620
0.728637
0.728653
0.728670
0.728686
0.728702
0.728719
0.728735
0.728752
0.728768
0.728785
0.728801
0.728817
0.728834
0.728850
0.728867
0.728883
0.728899
0.728916
0.728932
0.728949
0.728965
0.728981
0.728998
0.729014
0.729031
0.729047
0.729063
0.729080
0.729096
0.729113
0.729129
0.729145
0.729162
0.729178
0.729195
0.729211
0.729227
0.729244
0.729260
0.729277
0.729293
0.729309
0.729326
0.729342
0.729359
0.729375
0.729391
0.729408
0.729424
0.729441
0.729457
0.729473
0.729490
0.729506
0.729523
0.729539
0.729555
0.729572
0.729588
0.729605
0.729621
0.729637
0.729654
0.729670
0.729687
0.729703
0.729719
0.729736
0.729752
0.729768
0.729785
0.729801
0.729818
0.729834
0.729850
0.729867
0.729883
0.729900
0.729916
0.729932
0.729949
0.729965
0.729981
0.729998
0.730014
0.730031
0.730047
0.730063
0.730080
0.730096
0.730113
0.730129
0.730145
0.730162
0.730178
0.730194
0.730211
0.730227
0.730244
0.730260
0.730276
0.730293
0.730309
0.730325
0.730342
0.730358
0.730375
0.730391
0.730407
0.730424
0.730440
0.730456
0.730473
0.730489
0.730505
0.730522
0.730538
0.730555
0.730571
0.730587
0.730604
0.730620
0.730636
0.730653
0.730669
0.730686
0.730702
0.730718
0.730735
0.730751
0.730767
0.730784
0.730800
0.730816
0.730833
0.730849
0.730865
0.730882
0.730898
0.730915
0.730931
0.730947
0.730964
0.730980
0.730996
0.731013
0.731029
0.731045
0.731062
0.731078
0.731094
0.731111
0.731127
0.731144
0.731160
0.731176
0.731193
0.731209
0.731225
0.731242
0.731258
0.731274
0.731291
0.731307
0.731323
0.731340
0.731356
0.731372
0.731389
0.731405
0.731421
0.731438
0.731454
0.731470
0.731487
0.731503
0.731520
0.731536
0.731552
0.731569
0.731585
0.731601
0.731618
0.731634
0.731650
0.731667
0.731683
0.731699
0.731716
0.731732
0.731748
0.731765
0.731781
0.731797
0.731814
0.731830
0.731846
0.731863
0.731879
0.731895
0.731912
0.731928
0.731944
0.731961
0.731977
0.731993
0.732010
0.732026
0.732042
0.732059
0.732075
0.732091
0.732108
0.732124
0.732140
0.732157
0.732173
0.732189
0.732206
0.732222
0.732238
0.732254
0.732271
0.732287
0.732303
0.732320
0.732336
0.732352
0.732369
0.732385
0.732401
0.732418
0.732434
0.732450
0.732467
0.732483
0.732499
0.732516
0.732532
0.732548
0.732565
0.732581
0.732597
0.732613
0.732630
0.732646
0.732662
0.732679
0.732695
0.732711
0.732728
0.732744
0.732760
0.732777
0.732793
0.732809
0.732826
0.732842
0.732858
0.732874
0.732891
0.732907
0.732923
0.732940
0.732956
0.732972
0.732989
0.733005
0.733021
0.733038
0.733054
0.733070
0.733086
0.733103
0.733119
0.733135
0.733152
0.733168
0.733184
0.733201
0.733217
0.733233
0.733249
0.733266
0.733282
0.733298
0.733315
0.733331
0.733347
0.733363
0.733380
0.733396
0.733412
0.733429
0.733445
0.733461
0.733478
0.733494
0.733510
0.733526
0.733543
0.733559
0.733575
0.733592
0.733608
0.733624
0.733640
0.733657
0.733673
0.733689
0.733706
0.733722
0.733738
0.733754
0.733771
0.733787
0.733803
0.733820
0.733836
0.733852
0.733868
0.733885
0.733901
0.733917
0.733934
0.733950
0.733966
0.733982
0.733999
0.734015
0.734031
0.734047
0.734064
0.734080
0.734096
0.734113
0.734129
0.734145
0.734161
0.734178
0.734194
0.734210
0.734227
0.734243
0.734259
0.734275
0.734292
0.734308
0.734324
0.734340
0.734357
0.734373
0.734389
0.734405
0.734422
0.734438
0.734454
0.734471
0.734487
0.734503
0.734519
0.734536
0.734552
0.734568
0.734584
0.734601
0.734617
0.734633
0.734649
0.734666
0.734682
0.734698
0.734714
0.734731
0.734747
0.734763
0.734780
0.734796
0.734812
0.734828
0.734845
0.734861
0.734877
0.734893
0.734910
0.734926
0.734942
0.734958
0.734975
0.734991
0.735007
0.735023
0.735040
0.735056
0.735072
0.735088
0.735105
0.735121
0.735137
0.735153
0.735170
0.735186
0.735202
0.735218
0.735235
0.735251
0.735267
0.735283
0.735300
0.735316
0.735332
0.735348
0.735365
0.735381
0.735397
0.735413
0.735430
0.735446
0.735462
0.735478
0.735494
0.735511
0.735527
0.735543
0.735559
0.735576
0.735592
0.735608
0.735624
0.735641
0.735657
0.735673
0.735689
0.735706
0.735722
0.735738
0.735754
0.735770
0.735787
0.735803
0.735819
0.735835
0.735852
0.735868
0.735884
0.735900
0.735917
0.735933
0.735949
0.735965
0.735981
0.735998
0.736014
0.736030
0.736046
0.736063
0.736079
0.736095
0.736111
0.736127
0.736144
0.736160
0.736176
0.736192
0.736209
0.736225
0.736241
0.736257
0.736273
0.736290
0.736306
0.736322
0.736338
0.736355
0.736371
0.736387
0.736403
0.736419
0.736436
0.736452
0.736468
0.736484
0.736500
0.736517
0.736533
0.736549
0.736565
0.736582
0.736598
0.736614
0.736630
0.736646
0.736663
0.736679
0.736695
0.736711
0.736727
0.736744
0.736760
0.736776
0.736792
0.736808
0.736825
0.736841
0.736857
0.736873
0.736889
0.736906
0.736922
0.736938
0.736954
0.736970
0.736987
0.737003
0.737019
0.737035
0.737051
0.737068
0.737084
0.737100
0.737116
0.737132
0.737149
0.737165
0.737181
0.737197
0.737213
0.737230
0.737246
0.737262
0.737278
0.737294
0.737311
0.737327
0.737343
0.737359
0.737375
0.737392
0.737408
0.737424
0.737440
0.737456
0.737473
0.737489
0.737505
0.737521
0.737537
0.737553
0.737570
0.737586
0.737602
0.737618
0.737634
0.737651
0.737667
0.737683
0.737699
0.737715
0.737731
0.737748
0.737764
0.737780
0.737796
0.737812
0.737829
0.737845
0.737861
0.737877
0.737893
0.737909
0.737926
0.737942
0.737958
0.737974
0.737990
0.738006
0.738023
0.738039
0.738055
0.738071
0.738087
0.738104
0.738120
0.738136
0.738152
0.738168
0.738184
0.738201
0.738217
0.738233
0.738249
0.738265
0.738281
0.738298
0.738314
0.738330
0.738346
0.738362
0.738378
0.738395
0.738411
0.738427
0.738443
0.738459
0.738475
0.738492
0.738508
0.738524
0.738540
0.738556
0.738572
0.738588
0.738605
0.738621
0.738637
0.738653
0.738669
0.738685
0.738702
0.738718
0.738734
0.738750
0.738766
0.738782
0.738798
0.738815
0.738831
0.738847
0.738863
0.738879
0.738895
0.738912
0.738928
0.738944
0.738960
0.738976
0.738992
0.739008
0.739025
0.739041
0.739057
0.739073
0.739089
0.739105
0.739121
0.739138
0.739154
0.739170
0.739186
0.739202
0.739218
0.739234
0.739251
0.739267
0.739283
0.739299
0.739315
0.739331
0.739347
0.739364
0.739380
0.739396
0.739412
0.739428
0.739444
0.739460
0.739477
0.739493
0.739509
0.739525
0.739541
0.739557
0.739573
0.739589
0.739606
0.739622
0.739638
0.739654
0.739670
0.739686
0.739702
0.739719
0.739735
0.739751
0.739767
0.739783
0.739799
0.739815
0.739831
0.739848
0.739864
0.739880
0.739896
0.739912
0.739928
0.739944
0.739960
0.739977
0.739993
0.740009
0.740025
0.740041
0.740057
0.740073
0.740089
0.740105
0.740122
0.740138
0.740154
0.740170
0.740186
0.740202
0.740218
0.740234
0.740251
0.740267
0.740283
0.740299
0.740315
0.740331
0.740347
0.740363
0.740379
0.740396
0.740412
0.740428
0.740444
0.740460
0.740476
0.740492
0.740508
0.740524
0.740541
0.740557
0.740573
0.740589
0.740605
0.740621
0.740637
0.740653
0.740669
0.740685
0.740702
0.740718
0.740734
0.740750
0.740766
0.740782
0.740798
0.740814
0.740830
0.740846
0.740863
0.740879
0.740895
0.740911
0.740927
0.740943
0.740959
0.740975
0.740991
0.741007
0.741024
0.741040
0.741056
0.741072
0.741088
0.741104
0.741120
0.741136
0.741152
0.741168
0.741184
0.741201
0.741217
0.741233
0.741249
0.741265
0.741281
0.741297
0.741313
0.741329
0.741345
0.741361
0.741378
0.741394
0.741410
0.741426
0.741442
0.741458
0.741474
0.741490
0.741506
0.741522
0.741538
0.741554
0.741571
0.741587
0.741603
0.741619
0.741635
0.741651
0.741667
0.741683
0.741699
0.741715
0.741731
0.741747
0.741763
0.741780
0.741796
0.741812
0.741828
0.741844
0.741860
0.741876
0.741892
0.741908
0.741924
0.741940
0.741956
0.741972
0.741988
0.742005
0.742021
0.742037
0.742053
0.742069
0.742085
0.742101
0.742117
0.742133
0.742149
0.742165
0.742181
0.742197
0.742213
0.742229
0.742245
0.742262
0.742278
0.742294
0.742310
0.742326
0.742342
0.742358
0.742374
0.742390
0.742406
0.742422
0.742438
0.742454
0.742470
0.742486
0.742502
0.742518
0.742535
0.742551
0.742567
0.742583
0.742599
0.742615
0.742631
0.742647
0.742663
0.742679
0.742695
0.742711
0.742727
0.742743
0.742759
0.742775
0.742791
0.742807
0.742823
0.742839
0.742856
0.742872
0.742888
0.742904
0.742920
0.742936
0.742952
0.742968
0.742984
0.743000
0.743016
0.743032
0.743048
0.743064
0.743080
0.743096
0.743112
0.743128
0.743144
0.743160
0.743176
0.743192
0.743208
0.743224
0.743241
0.743257
0.743273
0.743289
0.743305
0.743321
0.743337
0.743353
0.743369
0.743385
0.743401
0.743417
0.743433
0.743449
0.743465
0.743481
0.743497
0.743513
0.743529
0.743545
0.743561
0.743577
0.743593
0.743609
0.743625
0.743641
0.743657
0.743673
0.743689
0.743705
0.743721
0.743737
0.743753
0.743769
0.743785
0.743801
0.743818
0.743834
0.743850
0.743866
0.743882
0.743898
0.743914
0.743930
0.743946
0.743962
0.743978
0.743994
0.744010
0.744026
0.744042
0.744058
0.744074
0.744090
0.744106
0.744122
0.744138
0.744154
0.744170
0.744186
0.744202
0.744218
0.744234
0.744250
0.744266
0.744282
0.744298
0.744314
0.744330
0.744346
0.744362
0.744378
0.744394
0.744410
0.744426
0.744442
0.744458
0.744474
0.744490
0.744506
0.744522
0.744538
0.744554
0.744570
0.744586
0.744602
0.744618
0.744634
0.744650
0.744666
0.744682
0.744698
0.744714
0.744730
0.744746
0.744762
0.744778
0.744794
0.744810
0.744826
0.744842
0.744858
0.744874
0.744890
0.744906
0.744922
0.744938
0.744954
0.744970
0.744986
0.745002
0.745018
0.745034
0.745050
0.745066
0.745082
0.745098
0.745114
0.745130
0.745146
0.745162
0.745178
0.745194
0.745210
0.745226
0.745242
0.745258
0.745274
0.745290
0.745306
0.745322
0.745337
0.745353
0.745369
0.745385
0.745401
0.745417
0.745433
0.745449
0.745465
0.745481
0.745497
0.745513
0.745529
0.745545
0.745561
0.745577
0.745593
0.745609
0.745625
0.745641
0.745657
0.745673
0.745689
0.745705
0.745721
0.745737
0.745753
0.745769
0.745785
0.745801
0.745817
0.745833
0.745849
0.745865
0.745881
0.745897
0.745912
0.745928
0.745944
0.745960
0.745976
0.745992
0.746008
0.746024
0.746040
0.746056
0.746072
0.746088
0.746104
0.746120
0.746136
0.746152
0.746168
0.746184
0.746200
0.746216
0.746232
0.746248
0.746264
0.746280
0.746295
0.746311
0.746327
0.746343
0.746359
0.746375
0.746391
0.746407
0.746423
0.746439
0.746455
0.746471
0.746487
0.746503
0.746519
0.746535
0.746551
0.746567
0.746583
0.746599
0.746614
0.746630
0.746646
0.746662
0.746678
0.746694
0.746710
0.746726
0.746742
0.746758
0.746774
0.746790
0.746806
0.746822
0.746838
0.746854
0.746870
0.746885
0.746901
0.746917
0.746933
0.746949
0.746965
0.746981
0.746997
0.747013
0.747029
0.747045
0.747061
0.747077
0.747093
0.747109
0.747125
0.747140
0.747156
0.747172
0.747188
0.747204
0.747220
0.747236
0.747252
0.747268
0.747284
0.747300
0.747316
0.747332
0.747348
0.747363
0.747379
0.747395
0.747411
0.747427
0.747443
0.747459
0.747475
0.747491
0.747507
0.747523
0.747539
0.747554
0.747570
0.747586
0.747602
0.747618
0.747634
0.747650
0.747666
0.747682
0.747698
0.747714
0.747730
0.747746
0.747761
0.747777
0.747793
0.747809
0.747825
0.747841
0.747857
0.747873
0.747889
0.747905
0.747921
0.747936
0.747952
0.747968
0.747984
0.748000
0.748016
0.748032
0.748048
0.748064
0.748080
0.748096
0.748111
0.748127
0.748143
0.748159
0.748175
0.748191
0.748207
0.748223
0.748239
0.748255
0.748270
0.748286
0.748302
0.748318
0.748334
0.748350
0.748366
0.748382
0.748398
0.748414
0.748429
0.748445
0.748461
0.748477
0.748493
0.748509
0.748525
0.748541
0.748557
0.748572
0.748588
0.748604
0.748620
0.748636
0.748652
0.748668
0.748684
0.748700
0.748716
0.748731
0.748747
0.748763
0.748779
0.748795
0.748811
0.748827
0.748843
0.748858
0.748874
0.748890
0.748906
0.748922
0.748938
0.748954
0.748970
0.748986
0.749001
0.749017
0.749033
0.749049
0.749065
0.749081
0.749097
0.749113
0.749128
0.749144
0.749160
0.749176
0.749192
0.749208
0.749224
0.749240
0.749255
0.749271
0.749287
0.749303
0.749319
0.749335
0.749351
0.749367
0.749382
0.749398
0.749414
0.749430
0.749446
0.749462
0.749478
0.749494
0.749509
0.749525
0.749541
0.749557
0.749573
0.749589
0.749605
0.749620
0.749636
0.749652
0.749668
0.749684
0.749700
0.749716
0.749731
0.749747
0.749763
0.749779
0.749795
0.749811
0.749827
0.749842
0.749858
0.749874
0.749890
0.749906
0.749922
0.749938
0.749953
0.749969
0.749985
0.750001
0.750017
0.750033
0.750049
0.750064
0.750080
0.750096
0.750112
0.750128
0.750144
0.750160
0.750175
0.750191
0.750207
0.750223
0.750239
0.750255
0.750271
0.750286
0.750302
0.750318
0.750334
0.750350
0.750366
0.750381
0.750397
0.750413
0.750429
0.750445
0.750461
0.750476
0.750492
0.750508
0.750524
0.750540
0.750556
0.750572
0.750587
0.750603
0.750619
0.750635
0.750651
0.750667
0.750682
0.750698
0.750714
0.750730
0.750746
0.750762
0.750777
0.750793
0.750809
0.750825
0.750841
0.750857
0.750872
0.750888
0.750904
0.750920
0.750936
0.750951
0.750967
0.750983
0.750999
0.751015
0.751031
0.751046
0.751062
0.751078
0.751094
0.751110
0.751126
0.751141
0.751157
0.751173
0.751189
0.751205
0.751221
0.751236
0.751252
0.751268
0.751284
0.751300
0.751315
0.751331
0.751347
0.751363
0.751379
0.751395
0.751410
0.751426
0.751442
0.751458
0.751474
0.751489
0.751505
0.751521
0.751537
0.751553
0.751568
0.751584
0.751600
0.751616
0.751632
0.751647
0.751663
0.751679
0.751695
0.751711
0.751727
0.751742
0.751758
0.751774
0.751790
0.751806
0.751821
0.751837
0.751853
0.751869
0.751885
0.751900
0.751916
0.751932
0.751948
0.751964
0.751979
0.751995
0.752011
0.752027
0.752043
0.752058
0.752074
0.752090
0.752106
0.752122
0.752137
0.752153
0.752169
0.752185
0.752201
0.752216
0.752232
0.752248
0.752264
0.752280
0.752295
0.752311
0.752327
0.752343
0.752358
0.752374
0.752390
0.752406
0.752422
0.752437
0.752453
0.752469
0.752485
0.752501
0.752516
0.752532
0.752548
0.752564
0.752579
0.752595
0.752611
0.752627
0.752643
0.752658
0.752674
0.752690
0.752706
0.752721
0.752737
0.752753
0.752769
0.752785
0.752800
0.752816
0.752832
0.752848
0.752863
0.752879
0.752895
0.752911
0.752927
0.752942
0.752958
0.752974
0.752990
0.753005
0.753021
0.753037
0.753053
0.753069
0.753084
0.753100
0.753116
0.753132
0.753147
0.753163
0.753179
0.753195
0.753210
0.753226
0.753242
0.753258
0.753274
0.753289
0.753305
0.753321
0.753337
0.753352
0.753368
0.753384
0.753400
0.753415
0.753431
0.753447
0.753463
0.753478
0.753494
0.753510
0.753526
0.753541
0.753557
0.753573
0.753589
0.753604
0.753620
0.753636
0.753652
0.753667
0.753683
0.753699
0.753715
0.753730
0.753746
0.753762
0.753778
0.753793
0.753809
0.753825
0.753841
0.753856
0.753872
0.753888
0.753904
0.753919
0.753935
0.753951
0.753967
0.753982
0.753998
0.754014
0.754030
0.754045
0.754061
0.754077
0.754093
0.754108
0.754124
0.754140
0.754156
0.754171
0.754187
0.754203
0.754219
0.754234
0.754250
0.754266
0.754282
0.754297
0.754313
0.754329
0.754344
0.754360
0.754376
0.754392
0.754407
0.754423
0.754439
0.754455
0.754470
0.754486
0.754502
0.754518
0.754533
0.754549
0.754565
0.754580
0.754596
0.754612
0.754628
0.754643
0.754659
0.754675
0.754691
0.754706
0.754722
0.754738
0.754753
0.754769
0.754785
0.754801
0.754816
0.754832
0.754848
0.754863
0.754879
0.754895
0.754911
0.754926
0.754942
0.754958
0.754974
0.754989
0.755005
0.755021
0.755036
0.755052
0.755068
0.755084
0.755099
0.755115
0.755131
0.755146
0.755162
0.755178
0.755194
0.755209
0.755225
0.755241
0.755256
0.755272
0.755288
0.755303
0.755319
0.755335
0.755351
0.755366
0.755382
0.755398
0.755413
0.755429
0.755445
0.755461
0.755476
0.755492
0.755508
0.755523
0.755539
0.755555
0.755570
0.755586
0.755602
0.755618
0.755633
0.755649
0.755665
0.755680
0.755696
0.755712
0.755727
0.755743
0.755759
0.755775
0.755790
0.755806
0.755822
0.755837
0.755853
0.755869
0.755884
0.755900
0.755916
0.755931
0.755947
0.755963
0.755979
0.755994
0.756010
0.756026
0.756041
0.756057
0.756073
0.756088
0.756104
0.756120
0.756135
0.756151
0.756167
0.756182
0.756198
0.756214
0.756230
0.756245
0.756261
0.756277
0.756292
0.756308
0.756324
0.756339
0.756355
0.756371
0.756386
0.756402
0.756418
0.756433
0.756449
0.756465
0.756480
0.756496
0.756512
0.756527
0.756543
0.756559
0.756574
0.756590
0.756606
0.756621
0.756637
0.756653
0.756668
0.756684
0.756700
0.756715
0.756731
0.756747
0.756762
0.756778
0.756794
0.756809
0.756825
0.756841
0.756856
0.756872
0.756888
0.756903
0.756919
0.756935
0.756950
0.756966
0.756982
0.756997
0.757013
0.757029
0.757044
0.757060
0.757076
0.757091
0.757107
0.757123
0.757138
0.757154
0.757170
0.757185
0.757201
0.757217
0.757232
0.757248
0.757264
0.757279
0.757295
0.757311
0.757326
0.757342
0.757358
0.757373
0.757389
0.757405
0.757420
0.757436
0.757451
0.757467
0.757483
0.757498
0.757514
0.757530
0.757545
0.757561
0.757577
0.757592
0.757608
0.757624
0.757639
0.757655
0.757670
0.757686
0.757702
0.757717
0.757733
0.757749
0.757764
0.757780
0.757796
0.757811
0.757827
0.757843
0.757858
0.757874
0.757889
0.757905
0.757921
0.757936
0.757952
0.757968
0.757983
0.757999
0.758015
0.758030
0.758046
0.758061
0.758077
0.758093
0.758108
0.758124
0.758140
0.758155
0.758171
0.758186
0.758202
0.758218
0.758233
0.758249
0.758265
0.758280
0.758296
0.758311
0.758327
0.758343
0.758358
0.758374
0.758390
0.758405
0.758421
0.758436
0.758452
0.758468
0.758483
0.758499
0.758515
0.758530
0.758546
0.758561
0.758577
0.758593
0.758608
0.758624
0.758640
0.758655
0.758671
0.758686
0.758702
0.758718
0.758733
0.758749
0.758764
0.758780
0.758796
0.758811
0.758827
0.758842
0.758858
0.758874
0.758889
0.758905
0.758921
0.758936
0.758952
0.758967
0.758983
0.758999
0.759014
0.759030
0.759045
0.759061
0.759077
0.759092
0.759108
0.759123
0.759139
0.759155
0.759170
0.759186
0.759201
0.759217
0.759233
0.759248
0.759264
0.759279
0.759295
0.759311
0.759326
0.759342
0.759357
0.759373
0.759389
0.759404
0.759420
0.759435
0.759451
0.759467
0.759482
0.759498
0.759513
0.759529
0.759544
0.759560
0.759576
0.759591
0.759607
0.759622
0.759638
0.759654
0.759669
0.759685
0.759700
0.759716
0.759732
0.759747
0.759763
0.759778
0.759794
0.759809
0.759825
0.759841
0.759856
0.759872
0.759887
0.759903
0.759919
0.759934
0.759950
0.759965
0.759981
0.759996
0.760012
0.760028
0.760043
0.760059
0.760074
0.760090
0.760105
0.760121
0.760137
0.760152
0.760168
0.760183
0.760199
0.760214
0.760230
0.760246
0.760261
0.760277
0.760292
0.760308
0.760323
0.760339
0.760355
0.760370
0.760386
0.760401
0.760417
0.760432
0.760448
0.760464
0.760479
0.760495
0.760510
0.760526
0.760541
0.760557
0.760572
0.760588
0.760604
0.760619
0.760635
0.760650
0.760666
0.760681
0.760697
0.760713
0.760728
0.760744
0.760759
0.760775
0.760790
0.760806
0.760821
0.760837
0.760853
0.760868
0.760884
0.760899
0.760915
0.760930
0.760946
0.760961
0.760977
0.760993
0.761008
0.761024
0.761039
0.761055
0.761070
0.761086
0.761101
0.761117
0.761132
0.761148
0.761164
0.761179
0.761195
0.761210
0.761226
0.761241
0.761257
0.761272
0.761288
0.761303
0.761319
0.761334
0.761350
0.761366
0.761381
0.761397
0.761412
0.761428
0.761443
0.761459
0.761474
0.761490
0.761505
0.761521
0.761536
0.761552
0.761568
0.761583
0.761599
0.761614
0.761630
0.761645
0.761661
0.761676
0.761692
0.761707
0.761723
0.761738
0.761754
0.761769
0.761785
0.761801
0.761816
0.761832
0.761847
0.761863
0.761878
0.761894
0.761909
0.761925
0.761940
0.761956
0.761971
0.761987
0.762002
0.762018
0.762033
0.762049
0.762064
0.762080
0.762095
0.762111
0.762126
0.762142
0.762158
0.762173
0.762189
0.762204
0.762220
0.762235
0.762251
0.762266
0.762282
0.762297
0.762313
0.762328
0.762344
0.762359
0.762375
0.762390
0.762406
0.762421
0.762437
0.762452
0.762468
0.762483
0.762499
0.762514
0.762530
0.762545
0.762561
0.762576
0.762592
0.762607
0.762623
0.762638
0.762654
0.762669
0.762685
0.762700
0.762716
0.762731
0.762747
0.762762
0.762778
0.762793
0.762809
0.762824
0.762840
0.762855
0.762871
0.762886
0.762902
0.762917
0.762933
0.762948
0.762964
0.762979
0.762995
0.763010
0.763026
0.763041
0.763057
0.763072
0.763088
0.763103
0.763119
0.763134
0.763150
0.763165
0.763181
0.763196
0.763212
0.763227
0.763243
0.763258
0.763274
0.763289
0.763305
0.763320
0.763336
0.763351
0.763366
0.763382
0.763397
0.763413
0.763428
0.763444
0.763459
0.763475
0.763490
0.763506
0.763521
0.763537
0.763552
0.763568
0.763583
0.763599
0.763614
0.763630
0.763645
0.763661
0.763676
0.763692
0.763707
0.763722
0.763738
0.763753
0.763769
0.763784
0.763800
0.763815
0.763831
0.763846
0.763862
0.763877
0.763893
0.763908
0.763924
0.763939
0.763955
0.763970
0.763985
0.764001
0.764016
0.764032
0.764047
0.764063
0.764078
0.764094
0.764109
0.764125
0.764140
0.764156
0.764171
0.764186
0.764202
0.764217
0.764233
0.764248
0.764264
0.764279
0.764295
0.764310
0.764326
0.764341
0.764356
0.764372
0.764387
0.764403
0.764418
0.764434
0.764449
0.764465
0.764480
0.764496
0.764511
0.764526
0.764542
0.764557
0.764573
0.764588
0.764604
0.764619
0.764635
0.764650
0.764666
0.764681
0.764696
0.764712
0.764727
0.764743
0.764758
0.764774
0.764789
0.764805
0.764820
0.764835
0.764851
0.764866
0.764882
0.764897
0.764913
0.764928
0.764943
0.764959
0.764974
0.764990
0.765005
0.765021
0.765036
0.765052
0.765067
0.765082
0.765098
0.765113
0.765129
0.765144
0.765160
0.765175
0.765190
0.765206
0.765221
0.765237
0.765252
0.765268
0.765283
0.765298
0.765314
0.765329
0.765345
0.765360
0.765376
0.765391
0.765406
0.765422
0.765437
0.765453
0.765468
0.765484
0.765499
0.765514
0.765530
0.765545
0.765561
0.765576
0.765591
0.765607
0.765622
0.765638
0.765653
0.765669
0.765684
0.765699
0.765715
0.765730
0.765746
0.765761
0.765776
0.765792
0.765807
0.765823
0.765838
0.765854
0.765869
0.765884
0.765900
0.765915
0.765931
0.765946
0.765961
0.765977
0.765992
0.766008
0.766023
0.766038
0.766054
0.766069
0.766085
0.766100
0.766115
0.766131
0.766146
0.766162
0.766177
0.766192
0.766208
0.766223
0.766239
0.766254
0.766270
0.766285
0.766300
0.766316
0.766331
0.766346
0.766362
0.766377
0.766393
0.766408
0.766423
0.766439
0.766454
0.766470
0.766485
0.766500
0.766516
0.766531
0.766547
0.766562
0.766577
0.766593
0.766608
0.766624
0.766639
0.766654
0.766670
0.766685
0.766701
0.766716
0.766731
0.766747
0.766762
0.766777
0.766793
0.766808
0.766824
0.766839
0.766854
0.766870
0.766885
0.766901
0.766916
0.766931
0.766947
0.766962
0.766977
0.766993
0.767008
0.767024
0.767039
0.767054
0.767070
0.767085
0.767100
0.767116
0.767131
0.767147
0.767162
0.767177
0.767193
0.767208
0.767223
0.767239
0.767254
0.767270
0.767285
0.767300
0.767316
0.767331
0.767346
0.767362
0.767377
0.767393
0.767408
0.767423
0.767439
0.767454
0.767469
0.767485
0.767500
0.767515
0.767531
0.767546
0.767562
0.767577
0.767592
0.767608
0.767623
0.767638
0.767654
0.767669
0.767684
0.767700
0.767715
0.767731
0.767746
0.767761
0.767777
0.767792
0.767807
0.767823
0.767838
0.767853
0.767869
0.767884
0.767899
0.767915
0.767930
0.767946
0.767961
0.767976
0.767992
0.768007
0.768022
0.768038
0.768053
0.768068
0.768084
0.768099
0.768114
0.768130
0.768145
0.768160
0.768176
0.768191
0.768206
0.768222
0.768237
0.768252
0.768268
0.768283
0.768298
0.768314
0.768329
0.768345
0.768360
0.768375
0.768391
0.768406
0.768421
0.768437
0.768452
0.768467
0.768483
0.768498
0.768513
0.768529
0.768544
0.768559
0.768575
0.768590
0.768605
0.768621
0.768636
0.768651
0.768667
0.768682
0.768697
0.768713
0.768728
0.768743
0.768759
0.768774
0.768789
0.768805
0.768820
0.768835
0.768851
0.768866
0.768881
0.768896
0.768912
0.768927
0.768942
0.768958
0.768973
0.768988
0.769004
0.769019
0.769034
0.769050
0.769065
0.769080
0.769096
0.769111
0.769126
0.769142
0.769157
0.769172
0.769188
0.769203
0.769218
0.769234
0.769249
0.769264
0.769279
0.769295
0.769310
0.769325
0.769341
0.769356
0.769371
0.769387
0.769402
0.769417
0.769433
0.769448
0.769463
0.769479
0.769494
0.769509
0.769524
0.769540
0.769555
0.769570
0.769586
0.769601
0.769616
0.769632
0.769647
0.769662
0.769677
0.769693
0.769708
0.769723
0.769739
0.769754
0.769769
0.769785
0.769800
0.769815
0.769830
0.769846
0.769861
0.769876
0.769892
0.769907
0.769922
0.769938
0.769953
0.769968
0.769983
0.769999
0.770014
0.770029
0.770045
0.770060
0.770075
0.770090
0.770106
0.770121
0.770136
0.770152
0.770167
0.770182
0.770198
0.770213
0.770228
0.770243
0.770259
0.770274
0.770289
0.770305
0.770320
0.770335
0.770350
0.770366
0.770381
0.770396
0.770411
0.770427
0.770442
0.770457
0.770473
0.770488
0.770503
0.770518
0.770534
0.770549
0.770564
0.770580
0.770595
0.770610
0.770625
0.770641
0.770656
0.770671
0.770686
0.770702
0.770717
0.770732
0.770748
0.770763
0.770778
0.770793
0.770809
0.770824
0.770839
0.770854
0.770870
0.770885
0.770900
0.770916
0.770931
0.770946
0.770961
0.770977
0.770992
0.771007
0.771022
0.771038
0.771053
0.771068
0.771083
0.771099
0.771114
0.771129
0.771144
0.771160
0.771175
0.771190
0.771205
0.771221
0.771236
0.771251
0.771267
0.771282
0.771297
0.771312
0.771328
0.771343
0.771358
0.771373
0.771389
0.771404
0.771419
0.771434
0.771450
0.771465
0.771480
0.771495
0.771511
0.771526
0.771541
0.771556
0.771572
0.771587
0.771602
0.771617
0.771633
0.771648
0.771663
0.771678
0.771694
0.771709
0.771724
0.771739
0.771754
0.771770
0.771785
0.771800
0.771815
0.771831
0.771846
0.771861
0.771876
0.771892
0.771907
0.771922
0.771937
0.771953
0.771968
0.771983
0.771998
0.772014
0.772029
0.772044
0.772059
0.772074
0.772090
0.772105
0.772120
0.772135
0.772151
0.772166
0.772181
0.772196
0.772212
0.772227
0.772242
0.772257
0.772272
0.772288
0.772303
0.772318
0.772333
0.772349
0.772364
0.772379
0.772394
0.772409
0.772425
0.772440
0.772455
0.772470
0.772486
0.772501
0.772516
0.772531
0.772546
0.772562
0.772577
0.772592
0.772607
0.772623
0.772638
0.772653
0.772668
0.772683
0.772699
0.772714
0.772729
0.772744
0.772760
0.772775
0.772790
0.772805
0.772820
0.772836
0.772851
0.772866
0.772881
0.772896
0.772912
0.772927
0.772942
0.772957
0.772972
0.772988
0.773003
0.773018
0.773033
0.773048
0.773064
0.773079
0.773094
0.773109
0.773124
0.773140
0.773155
0.773170
0.773185
0.773200
0.773216
0.773231
0.773246
0.773261
0.773276
0.773292
0.773307
0.773322
0.773337
0.773352
0.773368
0.773383
0.773398
0.773413
0.773428
0.773444
0.773459
0.773474
0.773489
0.773504
0.773520
0.773535
0.773550
0.773565
0.773580
0.773596
0.773611
0.773626
0.773641
0.773656
0.773671
0.773687
0.773702
0.773717
0.773732
0.773747
0.773763
0.773778
0.773793
0.773808
0.773823
0.773838
0.773854
0.773869
0.773884
0.773899
0.773914
0.773930
0.773945
0.773960
0.773975
0.773990
0.774005
0.774021
0.774036
0.774051
0.774066
0.774081
0.774097
0.774112
0.774127
0.774142
0.774157
0.774172
0.774188
0.774203
0.774218
0.774233
0.774248
0.774263
0.774279
0.774294
0.774309
0.774324
0.774339
0.774354
0.774370
0.774385
0.774400
0.774415
0.774430
0.774445
0.774461
0.774476
0.774491
0.774506
0.774521
0.774536
0.774552
0.774567
0.774582
0.774597
0.774612
0.774627
0.774642
0.774658
0.774673
0.774688
0.774703
0.774718
0.774733
0.774749
0.774764
0.774779
0.774794
0.774809
0.774824
0.774839
0.774855
0.774870
0.774885
0.774900
0.774915
0.774930
0.774946
0.774961
0.774976
0.774991
0.775006
0.775021
0.775036
0.775052
0.775067
0.775082
0.775097
0.775112
0.775127
0.775142
0.775158
0.775173
0.775188
0.775203
0.775218
0.775233
0.775248
0.775264
0.775279
0.775294
0.775309
0.775324
0.775339
0.775354
0.775370
0.775385
0.775400
0.775415
0.775430
0.775445
0.775460
0.775475
0.775491
0.775506
0.775521
0.775536
0.775551
0.775566
0.775581
0.775597
0.775612
0.775627
0.775642
0.775657
0.775672
0.775687
0.775702
0.775718
0.775733
0.775748
0.775763
0.775778
0.775793
0.775808
0.775823
0.775839
0.775854
0.775869
0.775884
0.775899
0.775914
0.775929
0.775944
0.775959
0.775975
0.775990
0.776005
0.776020
0.776035
0.776050
0.776065
0.776080
0.776096
0.776111
0.776126
0.776141
0.776156
0.776171
0.776186
0.776201
0.776216
0.776232
0.776247
0.776262
0.776277
0.776292
0.776307
0.776322
0.776337
0.776352
0.776368
0.776383
0.776398
0.776413
0.776428
0.776443
0.776458
0.776473
0.776488
0.776503
0.776519
0.776534
0.776549
0.776564
0.776579
0.776594
0.776609
0.776624
0.776639
0.776654
0.776670
0.776685
0.776700
0.776715
0.776730
0.776745
0.776760
0.776775
0.776790
0.776805
0.776821
0.776836
0.776851
0.776866
0.776881
0.776896
0.776911
0.776926
0.776941
0.776956
0.776971
0.776987
0.777002
0.777017
0.777032
0.777047
0.777062
0.777077
0.777092
0.777107
0.777122
0.777137
0.777152
0.777168
0.777183
0.777198
0.777213
0.777228
0.777243
0.777258
0.777273
0.777288
0.777303
0.777318
0.777333
0.777349
0.777364
0.777379
0.777394
0.777409
0.777424
0.777439
0.777454
0.777469
0.777484
0.777499
0.777514
0.777529
0.777545
0.777560
0.777575
0.777590
0.777605
0.777620
0.777635
0.777650
0.777665
0.777680
0.777695
0.777710
0.777725
0.777740
0.777755
0.777771
0.777786
0.777801
0.777816
0.777831
0.777846
0.777861
0.777876
0.777891
0.777906
0.777921
0.777936
0.777951
0.777966
0.777981
0.777996
0.778012
0.778027
0.778042
0.778057
0.778072
0.778087
0.778102
0.778117
0.778132
0.778147
0.778162
0.778177
0.778192
0.778207
0.778222
0.778237
0.778252
0.778267
0.778283
0.778298
0.778313
0.778328
0.778343
0.778358
0.778373
0.778388
0.778403
0.778418
0.778433
0.778448
0.778463
0.778478
0.778493
0.778508
0.778523
0.778538
0.778553
0.778568
0.778583
0.778598
0.778614
0.778629
0.778644
0.778659
0.778674
0.778689
0.778704
0.778719
0.778734
0.778749
0.778764
0.778779
0.778794
0.778809
0.778824
0.778839
0.778854
0.778869
0.778884
0.778899
0.778914
0.778929
0.778944
0.778959
0.778974
0.778989
0.779004
0.779019
0.779034
0.779049
0.779065
0.779080
0.779095
0.779110
0.779125
0.779140
0.779155
0.779170
0.779185
0.779200
0.779215
0.779230
0.779245
0.779260
0.779275
0.779290
0.779305
0.779320
0.779335
0.779350
0.779365
0.779380
0.779395
0.779410
0.779425
0.779440
0.779455
0.779470
0.779485
0.779500
0.779515
0.779530
0.779545
0.779560
0.779575
0.779590
0.779605
0.779620
0.779635
0.779650
0.779665
0.779680
0.779695
0.779710
0.779725
0.779740
0.779755
0.779770
0.779785
0.779800
0.779815
0.779830
0.779845
0.779860
0.779875
0.779890
0.779905
0.779920
0.779935
0.779950
0.779965
0.779980
0.779995
0.780010
0.780025
0.780040
0.780055
0.780070
0.780085
0.780100
0.780115
0.780130
0.780145
0.780160
0.780175
0.780190
0.780205
0.780220
0.780235
0.780250
0.780265
0.780280
0.780295
0.780310
0.780325
0.780340
0.780355
0.780370
0.780385
0.780400
0.780415
0.780430
0.780445
0.780460
0.780475
0.780490
0.780505
0.780520
0.780535
0.780550
0.780565
0.780580
0.780595
0.780610
0.780625
0.780640
0.780655
0.780670
0.780685
0.780700
0.780715
0.780730
0.780745
0.780760
0.780775
0.780790
0.780805
0.780820
0.780835
0.780850
0.780865
0.780879
0.780894
0.780909
0.780924
0.780939
0.780954
0.780969
0.780984
0.780999
0.781014
0.781029
0.781044
0.781059
0.781074
0.781089
0.781104
0.781119
0.781134
0.781149
0.781164
0.781179
0.781194
0.781209
0.781224
0.781239
0.781254
0.781269
0.781284
0.781299
0.781314
0.781328
0.781343
0.781358
0.781373
0.781388
0.781403
0.781418
0.781433
0.781448
0.781463
0.781478
0.781493
0.781508
0.781523
0.781538
0.781553
0.781568
0.781583
0.781598
0.781613
0.781628
0.781643
0.781657
0.781672
0.781687
0.781702
0.781717
0.781732
0.781747
0.781762
0.781777
0.781792
0.781807
0.781822
0.781837
0.781852
0.781867
0.781882
0.781897
0.781912
0.781926
0.781941
0.781956
0.781971
0.781986
0.782001
0.782016
0.782031
0.782046
0.782061
0.782076
0.782091
0.782106
0.782121
0.782136
0.782151
0.782165
0.782180
0.782195
0.782210
0.782225
0.782240
0.782255
0.782270
0.782285
0.782300
0.782315
0.782330
0.782345
0.782360
0.782375
0.782389
0.782404
0.782419
0.782434
0.782449
0.782464
0.782479
0.782494
0.782509
0.782524
0.782539
0.782554
0.782569
0.782583
0.782598
0.782613
0.782628
0.782643
0.782658
0.782673
0.782688
0.782703
0.782718
0.782733
0.782748
0.782762
0.782777
0.782792
0.782807
0.782822
0.782837
0.782852
0.782867
0.782882
0.782897
0.782912
0.782927
0.782941
0.782956
0.782971
0.782986
0.783001
0.783016
0.783031
0.783046
0.783061
0.783076
0.783091
0.783105
0.783120
0.783135
0.783150
0.783165
0.783180
0.783195
0.783210
0.783225
0.783240
0.783254
0.783269
0.783284
0.783299
0.783314
0.783329
0.783344
0.783359
0.783374
0.783389
0.783403
0.783418
0.783433
0.783448
0.783463
0.783478
0.783493
0.783508
0.783523
0.783538
0.783552
0.783567
0.783582
0.783597
0.783612
0.783627
0.783642
0.783657
0.783672
0.783686
0.783701
0.783716
0.783731
0.783746
0.783761
0.783776
0.783791
0.783806
0.783820
0.783835
0.783850
0.783865
0.783880
0.783895
0.783910
0.783925
0.783939
0.783954
0.783969
0.783984
0.783999
0.784014
0.784029
0.784044
0.784058
0.784073
0.784088
0.784103
0.784118
0.784133
0.784148
0.784163
0.784177
0.784192
0.784207
0.784222
0.784237
0.784252
0.784267
0.784282
0.784296
0.784311
0.784326
0.784341
0.784356
0.784371
0.784386
0.784401
0.784415
0.784430
0.784445
0.784460
0.784475
0.784490
0.784505
0.784519
0.784534
0.784549
0.784564
0.784579
0.784594
0.784609
0.784623
0.784638
0.784653
0.784668
0.784683
0.784698
0.784713
0.784727
0.784742
0.784757
0.784772
0.784787
0.784802
0.784817
0.784831
0.784846
0.784861
0.784876
0.784891
0.784906
0.784921
0.784935
0.784950
0.784965
0.784980
0.784995
0.785010
0.785025
0.785039
0.785054
0.785069
0.785084
0.785099
0.785114
0.785128
0.785143
0.785158
0.785173
0.785188
0.785203
0.785218
0.785232
0.785247
0.785262
0.785277
0.785292
0.785307
0.785321
0.785336
0.785351
0.785366
0.785381
0.785396
0.785410
0.785425
0.785440
0.785455
0.785470
0.785485
0.785499
0.785514
0.785529
0.785544
0.785559
0.785574
0.785588
0.785603
0.785618
0.785633
0.785648
0.785663
0.785677
0.785692
0.785707
0.785722
0.785737
0.785752
0.785766
0.785781
0.785796
0.785811
0.785826
0.785840
0.785855
0.785870
0.785885
0.785900
0.785915
0.785929
0.785944
0.785959
0.785974
0.785989
0.786003
0.786018
0.786033
0.786048
0.786063
0.786078
0.786092
0.786107
0.786122
0.786137
0.786152
0.786166
0.786181
0.786196
0.786211
0.786226
0.786241
0.786255
0.786270
0.786285
0.786300
0.786315
0.786329
0.786344
0.786359
0.786374
0.786389
0.786403
0.786418
0.786433
0.786448
0.786463
0.786477
0.786492
0.786507
0.786522
0.786537
0.786551
0.786566
0.786581
0.786596
0.786611
0.786625
0.786640
0.786655
0.786670
0.786685
0.786699
0.786714
0.786729
0.786744
0.786759
0.786773
0.786788
0.786803
0.786818
0.786833
0.786847
0.786862
0.786877
0.786892
0.786907
0.786921
0.786936
0.786951
0.786966
0.786980
0.786995
0.787010
0.787025
0.787040
0.787054
0.787069
0.787084
0.787099
0.787114
0.787128
0.787143
0.787158
0.787173
0.787187
0.787202
0.787217
0.787232
0.787247
0.787261
0.787276
0.787291
0.787306
0.787320
0.787335
0.787350
0.787365
0.787380
0.787394
0.787409
0.787424
0.787439
0.787453
0.787468
0.787483
0.787498
0.787513
0.787527
0.787542
0.787557
0.787572
0.787586
0.787601
0.787616
0.787631
0.787645
0.787660
0.787675
0.787690
0.787705
0.787719
0.787734
0.787749
0.787764
0.787778
0.787793
0.787808
0.787823
0.787837
0.787852
0.787867
0.787882
0.787896
0.787911
0.787926
0.787941
0.787955
0.787970
0.787985
0.788000
0.788015
0.788029
0.788044
0.788059
0.788074
0.788088
0.788103
0.788118
0.788133
0.788147
0.788162
0.788177
0.788192
0.788206
0.788221
0.788236
0.788251
0.788265
0.788280
0.788295
0.788310
0.788324
0.788339
0.788354
0.788369
0.788383
0.788398
0.788413
0.788428
0.788442
0.788457
0.788472
0.788486
0.788501
0.788516
0.788531
0.788545
0.788560
0.788575
0.788590
0.788604
0.788619
0.788634
0.788649
0.788663
0.788678
0.788693
0.788708
0.788722
0.788737
0.788752
0.788767
0.788781
0.788796
0.788811
0.788825
0.788840
0.788855
0.788870
0.788884
0.788899
0.788914
0.788929
0.788943
0.788958
0.788973
0.788987
0.789002
0.789017
0.789032
0.789046
0.789061
0.789076
0.789091
0.789105
0.789120
0.789135
0.789149
0.789164
0.789179
0.789194
0.789208
0.789223
0.789238
0.789252
0.789267
0.789282
0.789297
0.789311
0.789326
0.789341
0.789355
0.789370
0.789385
0.789400
0.789414
0.789429
0.789444
0.789458
0.789473
0.789488
0.789503
0.789517
0.789532
0.789547
0.789561
0.789576
0.789591
0.789606
0.789620
0.789635
0.789650
0.789664
0.789679
0.789694
0.789709
0.789723
0.789738
0.789753
0.789767
0.789782
0.789797
0.789811
0.789826
0.789841
0.789856
0.789870
0.789885
0.789900
0.789914
0.789929
0.789944
0.789958
0.789973
0.789988
0.790003
0.790017
0.790032
0.790047
0.790061
0.790076
0.790091
0.790105
0.790120
0.790135
0.790149
0.790164
0.790179
0.790193
0.790208
0.790223
0.790238
0.790252
0.790267
0.790282
0.790296
0.790311
0.790326
0.790340
0.790355
0.790370
0.790384
0.790399
0.790414
0.790428
0.790443
0.790458
0.790473
0.790487
0.790502
0.790517
0.790531
0.790546
0.790561
0.790575
0.790590
0.790605
0.790619
0.790634
0.790649
0.790663
0.790678
0.790693
0.790707
0.790722
0.790737
0.790751
0.790766
0.790781
0.790795
0.790810
0.790825
0.790839
0.790854
0.790869
0.790883
0.790898
0.790913
0.790927
0.790942
0.790957
0.790971
0.790986
0.791001
0.791015
0.791030
0.791045
0.791059
0.791074
0.791089
0.791103
0.791118
0.791133
0.791147
0.791162
0.791177
0.791191
0.791206
0.791221
0.791235
0.791250
0.791265
0.791279
0.791294
0.791309
0.791323
0.791338
0.791353
0.791367
0.791382
0.791396
0.791411
0.791426
0.791440
0.791455
0.791470
0.791484
0.791499
0.791514
0.791528
0.791543
0.791558
0.791572
0.791587
0.791602
0.791616
0.791631
0.791646
0.791660
0.791675
0.791689
0.791704
0.791719
0.791733
0.791748
0.791763
0.791777
0.791792
0.791807
0.791821
0.791836
0.791850
0.791865
0.791880
0.791894
0.791909
0.791924
0.791938
0.791953
0.791968
0.791982
0.791997
0.792011
0.792026
0.792041
0.792055
0.792070
0.792085
0.792099
0.792114
0.792129
0.792143
0.792158
0.792172
0.792187
0.792202
0.792216
0.792231
0.792246
0.792260
0.792275
0.792289
0.792304
0.792319
0.792333
0.792348
0.792363
0.792377
0.792392
0.792406
0.792421
0.792436
0.792450
0.792465
0.792479
0.792494
0.792509
0.792523
0.792538
0.792553
0.792567
0.792582
0.792596
0.792611
0.792626
0.792640
0.792655
0.792669
0.792684
0.792699
0.792713
0.792728
0.792743
0.792757
0.792772
0.792786
0.792801
0.792816
0.792830
0.792845
0.792859
0.792874
0.792889
0.792903
0.792918
0.792932
0.792947
0.792962
0.792976
0.792991
0.793005
0.793020
0.793035
0.793049
0.793064
0.793078
0.793093
0.793108
0.793122
0.793137
0.793151
0.793166
0.793181
0.793195
0.793210
0.793224
0.793239
0.793254
0.793268
0.793283
0.793297
0.793312
0.793327
0.793341
0.793356
0.793370
0.793385
0.793400
0.793414
0.793429
0.793443
0.793458
0.793472
0.793487
0.793502
0.793516
0.793531
0.793545
0.793560
0.793575
0.793589
0.793604
0.793618
0.793633
0.793648
0.793662
0.793677
0.793691
0.793706
0.793720
0.793735
0.793750
0.793764
0.793779
0.793793
0.793808
0.793822
0.793837
0.793852
0.793866
0.793881
0.793895
0.793910
0.793924
0.793939
0.793954
0.793968
0.793983
0.793997
0.794012
0.794026
0.794041
0.794056
0.794070
0.794085
0.794099
0.794114
0.794128
0.794143
0.794158
0.794172
0.794187
0.794201
0.794216
0.794230
0.794245
0.794260
0.794274
0.794289
0.794303
0.794318
0.794332
0.794347
0.794361
0.794376
0.794391
0.794405
0.794420
0.794434
0.794449
0.794463
0.794478
0.794492
0.794507
0.794522
0.794536
0.794551
0.794565
0.794580
0.794594
0.794609
0.794623
0.794638
0.794653
0.794667
0.794682
0.794696
0.794711
0.794725
0.794740
0.794754
0.794769
0.794783
0.794798
0.794813
0.794827
0.794842
0.794856
0.794871
0.794885
0.794900
0.794914
0.794929
0.794943
0.794958
0.794973
0.794987
0.795002
0.795016
0.795031
0.795045
0.795060
0.795074
0.795089
0.795103
0.795118
0.795132
0.795147
0.795162
0.795176
0.795191
0.795205
0.795220
0.795234
0.795249
0.795263
0.795278
0.795292
0.795307
0.795321
0.795336
0.795350
0.795365
0.795380
0.795394
0.795409
0.795423
0.795438
0.795452
0.795467
0.795481
0.795496
0.795510
0.795525
0.795539
0.795554
0.795568
0.795583
0.795597
0.795612
0.795626
0.795641
0.795655
0.795670
0.795684
0.795699
0.795714
0.795728
0.795743
0.795757
0.795772
0.795786
0.795801
0.795815
0.795830
0.795844
0.795859
0.795873
0.795888
0.795902
0.795917
0.795931
0.795946
0.795960
0.795975
0.795989
0.796004
0.796018
0.796033
0.796047
0.796062
0.796076
0.796091
0.796105
0.796120
0.796134
0.796149
0.796163
0.796178
0.796192
0.796207
0.796221
0.796236
0.796250
0.796265
0.796279
0.796294
0.796308
0.796323
0.796337
0.796352
0.796366
0.796381
0.796395
0.796410
0.796424
0.796439
0.796453
0.796468
0.796482
0.796497
0.796511
0.796526
0.796540
0.796555
0.796569
0.796584
0.796598
0.796613
0.796627
0.796642
0.796656
0.796671
0.796685
0.796700
0.796714
0.796729
0.796743
0.796758
0.796772
0.796787
0.796801
0.796816
0.796830
0.796844
0.796859
0.796873
0.796888
0.796902
0.796917
0.796931
0.796946
0.796960
0.796975
0.796989
0.797004
0.797018
0.797033
0.797047
0.797062
0.797076
0.797091
0.797105
0.797120
0.797134
0.797148
0.797163
0.797177
0.797192
0.797206
0.797221
0.797235
0.797250
0.797264
0.797279
0.797293
0.797308
0.797322
0.797337
0.797351
0.797365
0.797380
0.797394
0.797409
0.797423
0.797438
0.797452
0.797467
0.797481
0.797496
0.797510
0.797525
0.797539
0.797554
0.797568
0.797582
0.797597
0.797611
0.797626
0.797640
0.797655
0.797669
0.797684
0.797698
0.797713
0.797727
0.797741
0.797756
0.797770
0.797785
0.797799
0.797814
0.797828
0.797843
0.797857
0.797871
0.797886
0.797900
0.797915
0.797929
0.797944
0.797958
0.797973
0.797987
0.798002
0.798016
0.798030
0.798045
0.798059
0.798074
0.798088
0.798103
0.798117
0.798131
0.798146
0.798160
0.798175
0.798189
0.798204
0.798218
0.798233
0.798247
0.798261
0.798276
0.798290
0.798305
0.798319
0.798334
0.798348
0.798362
0.798377
0.798391
0.798406
0.798420
0.798435
0.798449
0.798464
0.798478
0.798492
0.798507
0.798521
0.798536
0.798550
0.798565
0.798579
0.798593
0.798608
0.798622
0.798637
0.798651
0.798665
0.798680
0.798694
0.798709
0.798723
0.798738
0.798752
0.798766
0.798781
0.798795
0.798810
0.798824
0.798839
0.798853
0.798867
0.798882
0.798896
0.798911
0.798925
0.798939
0.798954
0.798968
0.798983
0.798997
0.799012
0.799026
0.799040
0.799055
0.799069
0.799084
0.799098
0.799112
0.799127
0.799141
0.799156
0.799170
0.799184
0.799199
0.799213
0.799228
0.799242
0.799256
0.799271
0.799285
0.799300
0.799314
0.799328
0.799343
0.799357
0.799372
0.799386
0.799400
0.799415
0.799429
0.799444
0.799458
0.799472
0.799487
0.799501
0.799516
0.799530
0.799544
0.799559
0.799573
0.799588
0.799602
0.799616
0.799631
0.799645
0.799660
0.799674
0.799688
0.799703
0.799717
0.799732
0.799746
0.799760
0.799775
0.799789
0.799804
0.799818
0.799832
0.799847
0.799861
0.799875
0.799890
0.799904
0.799919
0.799933
0.799947
0.799962
0.799976
0.799991
0.800005
0.800019
0.800034
0.800048
0.800062
0.800077
0.800091
0.800106
0.800120
0.800134
0.800149
0.800163
0.800177
0.800192
0.800206
0.800221
0.800235
0.800249
0.800264
0.800278
0.800292
0.800307
0.800321
0.800336
0.800350
0.800364
0.800379
0.800393
0.800407
0.800422
0.800436
0.800450
0.800465
0.800479
0.800494
0.800508
0.800522
0.800537
0.800551
0.800565
0.800580
0.800594
0.800608
0.800623
0.800637
0.800652
0.800666
0.800680
0.800695
0.800709
0.800723
0.800738
0.800752
0.800766
0.800781
0.800795
0.800810
0.800824
0.800838
0.800853
0.800867
0.800881
0.800896
0.800910
0.800924
0.800939
0.800953
0.800967
0.800982
0.800996
0.801010
0.801025
0.801039
0.801053
0.801068
0.801082
0.801097
0.801111
0.801125
0.801140
0.801154
0.801168
0.801183
0.801197
0.801211
0.801226
0.801240
0.801254
0.801269
0.801283
0.801297
0.801312
0.801326
0.801340
0.801355
0.801369
0.801383
0.801398
0.801412
0.801426
0.801441
0.801455
0.801469
0.801484
0.801498
0.801512
0.801527
0.801541
0.801555
0.801570
0.801584
0.801598
0.801613
0.801627
0.801641
0.801656
0.801670
0.801684
0.801699
0.801713
0.801727
0.801742
0.801756
0.801770
0.801785
0.801799
0.801813
0.801828
0.801842
0.801856
0.801871
0.801885
0.801899
0.801913
0.801928
0.801942
0.801956
0.801971
0.801985
0.801999
0.802014
0.802028
0.802042
0.802057
0.802071
0.802085
0.802100
0.802114
0.802128
0.802143
0.802157
0.802171
0.802185
0.802200
0.802214
0.802228
0.802243
0.802257
0.802271
0.802286
0.802300
0.802314
0.802329
0.802343
0.802357
0.802371
0.802386
0.802400
0.802414
0.802429
0.802443
0.802457
0.802472
0.802486
0.802500
0.802515
0.802529
0.802543
0.802557
0.802572
0.802586
0.802600
0.802615
0.802629
0.802643
0.802657
0.802672
0.802686
0.802700
0.802715
0.802729
0.802743
0.802758
0.802772
0.802786
0.802800
0.802815
0.802829
0.802843
0.802858
0.802872
0.802886
0.802900
0.802915
0.802929
0.802943
0.802958
0.802972
0.802986
0.803000
0.803015
0.803029
0.803043
0.803058
0.803072
0.803086
0.803100
0.803115
0.803129
0.803143
0.803158
0.803172
0.803186
0.803200
0.803215
0.803229
0.803243
0.803258
0.803272
0.803286
0.803300
0.803315
0.803329
0.803343
0.803357
0.803372
0.803386
0.803400
0.803415
0.803429
0.803443
0.803457
0.803472
0.803486
0.803500
0.803514
0.803529
0.803543
0.803557
0.803571
0.803586
0.803600
0.803614
0.803629
0.803643
0.803657
0.803671
0.803686
0.803700
0.803714
0.803728
0.803743
0.803757
0.803771
0.803785
0.803800
0.803814
0.803828
0.803842
0.803857
0.803871
0.803885
0.803899
0.803914
0.803928
0.803942
0.803956
0.803971
0.803985
0.803999
0.804014
0.804028
0.804042
0.804056
0.804071
0.804085
0.804099
0.804113
0.804128
0.804142
0.804156
0.804170
0.804184
0.804199
0.804213
0.804227
0.804241
0.804256
0.804270
0.804284
0.804298
0.804313
0.804327
0.804341
0.804355
0.804370
0.804384
0.804398
0.804412
0.804427
0.804441
0.804455
0.804469
0.804484
0.804498
0.804512
0.804526
0.804541
0.804555
0.804569
0.804583
0.804597
0.804612
0.804626
0.804640
0.804654
0.804669
0.804683
0.804697
0.804711
0.804726
0.804740
0.804754
0.804768
0.804782
0.804797
0.804811
0.804825
0.804839
0.804854
0.804868
0.804882
0.804896
0.804910
0.804925
0.804939
0.804953
0.804967
0.804982
0.804996
0.805010
0.805024
0.805038
0.805053
0.805067
0.805081
0.805095
0.805110
0.805124
0.805138
0.805152
0.805166
0.805181
0.805195
0.805209
0.805223
0.805237
0.805252
0.805266
0.805280
0.805294
0.805309
0.805323
0.805337
0.805351
0.805365
0.805380
0.805394
0.805408
0.805422
0.805436
0.805451
0.805465
0.805479
0.805493
0.805507
0.805522
0.805536
0.805550
0.805564
0.805578
0.805593
0.805607
0.805621
0.805635
0.805649
0.805664
0.805678
0.805692
0.805706
0.805720
0.805735
0.805749
0.805763
0.805777
0.805791
0.805806
0.805820
0.805834
0.805848
0.805862
0.805877
0.805891
0.805905
0.805919
0.805933
0.805947
0.805962
0.805976
0.805990
0.806004
0.806018
0.806033
0.806047
0.806061
0.806075
0.806089
0.806104
0.806118
0.806132
0.806146
0.806160
0.806174
0.806189
0.806203
0.806217
0.806231
0.806245
0.806260
0.806274
0.806288
0.806302
0.806316
0.806330
0.806345
0.806359
0.806373
0.806387
0.806401
0.806415
0.806430
0.806444
0.806458
0.806472
0.806486
0.806501
0.806515
0.806529
0.806543
0.806557
0.806571
0.806586
0.806600
0.806614
0.806628
0.806642
0.806656
0.806671
0.806685
0.806699
0.806713
0.806727
0.806741
0.806756
0.806770
0.806784
0.806798
0.806812
0.806826
0.806840
0.806855
0.806869
0.806883
0.806897
0.806911
0.806925
0.806940
0.806954
0.806968
0.806982
0.806996
0.807010
0.807025
0.807039
0.807053
0.807067
0.807081
0.807095
0.807109
0.807124
0.807138
0.807152
0.807166
0.807180
0.807194
0.807208
0.807223
0.807237
0.807251
0.807265
0.807279
0.807293
0.807307
0.807322
0.807336
0.807350
0.807364
0.807378
0.807392
0.807406
0.807421
0.807435
0.807449
0.807463
0.807477
0.807491
0.807505
0.807520
0.807534
0.807548
0.807562
0.807576
0.807590
0.807604
0.807619
0.807633
0.807647
0.807661
0.807675
0.807689
0.807703
0.807717
0.807732
0.807746
0.807760
0.807774
0.807788
0.807802
0.807816
0.807831
0.807845
0.807859
0.807873
0.807887
0.807901
0.807915
0.807929
0.807944
0.807958
0.807972
0.807986
0.808000
0.808014
0.808028
0.808042
0.808057
0.808071
0.808085
0.808099
0.808113
0.808127
0.808141
0.808155
0.808169
0.808184
0.808198
0.808212
0.808226
0.808240
0.808254
0.808268
0.808282
0.808296
0.808311
0.808325
0.808339
0.808353
0.808367
0.808381
0.808395
0.808409
0.808423
0.808438
0.808452
0.808466
0.808480
0.808494
0.808508
0.808522
0.808536
0.808550
0.808565
0.808579
0.808593
0.808607
0.808621
0.808635
0.808649
0.808663
0.808677
0.808691
0.808706
0.808720
0.808734
0.808748
0.808762
0.808776
0.808790
0.808804
0.808818
0.808832
0.808846
0.808861
0.808875
0.808889
0.808903
0.808917
0.808931
0.808945
0.808959
0.808973
0.808987
0.809001
0.809016
0.809030
0.809044
0.809058
0.809072
0.809086
0.809100
0.809114
0.809128
0.809142
0.809156
0.809171
0.809185
0.809199
0.809213
0.809227
0.809241
0.809255
0.809269
0.809283
0.809297
0.809311
0.809325
0.809339
0.809354
0.809368
0.809382
0.809396
0.809410
0.809424
0.809438
0.809452
0.809466
0.809480
0.809494
0.809508
0.809522
0.809537
0.809551
0.809565
0.809579
0.809593
0.809607
0.809621
0.809635
0.809649
0.809663
0.809677
0.809691
0.809705
0.809719
0.809733
0.809748
0.809762
0.809776
0.809790
0.809804
0.809818
0.809832
0.809846
0.809860
0.809874
0.809888
0.809902
0.809916
0.809930
0.809944
0.809958
0.809973
0.809987
0.810001
0.810015
0.810029
0.810043
0.810057
0.810071
0.810085
0.810099
0.810113
0.810127
0.810141
0.810155
0.810169
0.810183
0.810197
0.810211
0.810225
0.810240
0.810254
0.810268
0.810282
0.810296
0.810310
0.810324
0.810338
0.810352
0.810366
0.810380
0.810394
0.810408
0.810422
0.810436
0.810450
0.810464
0.810478
0.810492
0.810506
0.810520
0.810534
0.810548
0.810562
0.810577
0.810591
0.810605
0.810619
0.810633
0.810647
0.810661
0.810675
0.810689
0.810703
0.810717
0.810731
0.810745
0.810759
0.810773
0.810787
0.810801
0.810815
0.810829
0.810843
0.810857
0.810871
0.810885
0.810899
0.810913
0.810927
0.810941
0.810955
0.810969
0.810983
0.810997
0.811011
0.811025
0.811039
0.811054
0.811068
0.811082
0.811096
0.811110
0.811124
0.811138
0.811152
0.811166
0.811180
0.811194
0.811208
0.811222
0.811236
0.811250
0.811264
0.811278
0.811292
0.811306
0.811320
0.811334
0.811348
0.811362
0.811376
0.811390
0.811404
0.811418
0.811432
0.811446
0.811460
0.811474
0.811488
0.811502
0.811516
0.811530
0.811544
0.811558
0.811572
0.811586
0.811600
0.811614
0.811628
0.811642
0.811656
0.811670
0.811684
0.811698
0.811712
0.811726
0.811740
0.811754
0.811768
0.811782
0.811796
0.811810
0.811824
0.811838
0.811852
0.811866
0.811880
0.811894
0.811908
0.811922
0.811936
0.811950
0.811964
0.811978
0.811992
0.812006
0.812020
0.812034
0.812048
0.812062
0.812076
0.812090
0.812104
0.812118
0.812132
0.812146
0.812160
0.812174
0.812188
0.812202
0.812216
0.812230
0.812244
0.812258
0.812272
0.812286
0.812300
0.812313
0.812327
0.812341
0.812355
0.812369
0.812383
0.812397
0.812411
0.812425
0.812439
0.812453
0.812467
0.812481
0.812495
0.812509
0.812523
0.812537
0.812551
0.812565
0.812579
0.812593
0.812607
0.812621
0.812635
0.812649
0.812663
0.812677
0.812691
0.812705
0.812719
0.812733
0.812747
0.812761
0.812775
0.812789
0.812802
0.812816
0.812830
0.812844
0.812858
0.812872
0.812886
0.812900
0.812914
0.812928
0.812942
0.812956
0.812970
0.812984
0.812998
0.813012
0.813026
0.813040
0.813054
0.813068
0.813082
0.813096
0.813110
0.813123
0.813137
0.813151
0.813165
0.813179
0.813193
0.813207
0.813221
0.813235
0.813249
0.813263
0.813277
0.813291
0.813305
0.813319
0.813333
0.813347
0.813361
0.813375
0.813388
0.813402
0.813416
0.813430
0.813444
0.813458
0.813472
0.813486
0.813500
0.813514
0.813528
0.813542
0.813556
0.813570
0.813584
0.813598
0.813612
0.813625
0.813639
0.813653
0.813667
0.813681
0.813695
0.813709
0.813723
0.813737
0.813751
0.813765
0.813779
0.813793
0.813807
0.813820
0.813834
0.813848
0.813862
0.813876
0.813890
0.813904
0.813918
0.813932
0.813946
0.813960
0.813974
0.813988
0.814002
0.814015
0.814029
0.814043
0.814057
0.814071
0.814085
0.814099
0.814113
0.814127
0.814141
0.814155
0.814169
0.814182
0.814196
0.814210
0.814224
0.814238
0.814252
0.814266
0.814280
0.814294
0.814308
0.814322
0.814336
0.814349
0.814363
0.814377
0.814391
0.814405
0.814419
0.814433
0.814447
0.814461
0.814475
0.814489
0.814502
0.814516
0.814530
0.814544
0.814558
0.814572
0.814586
0.814600
0.814614
0.814628
0.814641
0.814655
0.814669
0.814683
0.814697
0.814711
0.814725
0.814739
0.814753
0.814767
0.814780
0.814794
0.814808
0.814822
0.814836
0.814850
0.814864
0.814878
0.814892
0.814905
0.814919
0.814933
0.814947
0.814961
0.814975
0.814989
0.815003
0.815017
0.815031
0.815044
0.815058
0.815072
0.815086
0.815100
0.815114
0.815128
0.815142
0.815155
0.815169
0.815183
0.815197
0.815211
0.815225
0.815239
0.815253
0.815267
0.815280
0.815294
0.815308
0.815322
0.815336
0.815350
0.815364
0.815378
0.815391
0.815405
0.815419
0.815433
0.815447
0.815461
0.815475
0.815489
0.815502
0.815516
0.815530
0.815544
0.815558
0.815572
0.815586
0.815600
0.815613
0.815627
0.815641
0.815655
0.815669
0.815683
0.815697
0.815710
0.815724
0.815738
0.815752
0.815766
0.815780
0.815794
0.815807
0.815821
0.815835
0.815849
0.815863
0.815877
0.815891
0.815904
0.815918
0.815932
0.815946
0.815960
0.815974
0.815988
0.816001
0.816015
0.816029
0.816043
0.816057
0.816071
0.816085
0.816098
0.816112
0.816126
0.816140
0.816154
0.816168
0.816182
0.816195
0.816209
0.816223
0.816237
0.816251
0.816265
0.816279
0.816292
0.816306
0.816320
0.816334
0.816348
0.816362
0.816375
0.816389
0.816403
0.816417
0.816431
0.816445
0.816458
0.816472
0.816486
0.816500
0.816514
0.816528
0.816541
0.816555
0.816569
0.816583
0.816597
0.816611
0.816624
0.816638
0.816652
0.816666
0.816680
0.816694
0.816707
0.816721
0.816735
0.816749
0.816763
0.816777
0.816790
0.816804
0.816818
0.816832
0.816846
0.816860
0.816873
0.816887
0.816901
0.816915
0.816929
0.816943
0.816956
0.816970
0.816984
0.816998
0.817012
0.817025
0.817039
0.817053
0.817067
0.817081
0.817095
0.817108
0.817122
0.817136
0.817150
0.817164
0.817177
0.817191
0.817205
0.817219
0.817233
0.817247
0.817260
0.817274
0.817288
0.817302
0.817316
0.817329
0.817343
0.817357
0.817371
0.817385
0.817398
0.817412
0.817426
0.817440
0.817454
0.817467
0.817481
0.817495
0.817509
0.817523
0.817537
0.817550
0.817564
0.817578
0.817592
0.817606
0.817619
0.817633
0.817647
0.817661
0.817675
0.817688
0.817702
0.817716
0.817730
0.817743
0.817757
0.817771
0.817785
0.817799
0.817812
0.817826
0.817840
0.817854
0.817868
0.817881
0.817895
0.817909
0.817923
0.817937
0.817950
0.817964
0.817978
0.817992
0.818006
0.818019
0.818033
0.818047
0.818061
0.818074
0.818088
0.818102
0.818116
0.818130
0.818143
0.818157
0.818171
0.818185
0.818199
0.818212
0.818226
0.818240
0.818254
0.818267
0.818281
0.818295
0.818309
0.818323
0.818336
0.818350
0.818364
0.818378
0.818391
0.818405
0.818419
0.818433
0.818446
0.818460
0.818474
0.818488
0.818502
0.818515
0.818529
0.818543
0.818557
0.818570
0.818584
0.818598
0.818612
0.818625
0.818639
0.818653
0.818667
0.818681
0.818694
0.818708
0.818722
0.818736
0.818749
0.818763
0.818777
0.818791
0.818804
0.818818
0.818832
0.818846
0.818859
0.818873
0.818887
0.818901
0.818914
0.818928
0.818942
0.818956
0.818969
0.818983
0.818997
0.819011
0.819024
0.819038
0.819052
0.819066
0.819079
0.819093
0.819107
0.819121
0.819134
0.819148
0.819162
0.819176
0.819189
0.819203
0.819217
0.819231
0.819244
0.819258
0.819272
0.819286
0.819299
0.819313
0.819327
0.819341
0.819354
0.819368
0.819382
0.819396
0.819409
0.819423
0.819437
0.819451
0.819464
0.819478
0.819492
0.819506
0.819519
0.819533
0.819547
0.819560
0.819574
0.819588
0.819602
0.819615
0.819629
0.819643
0.819657
0.819670
0.819684
0.819698
0.819711
0.819725
0.819739
0.819753
0.819766
0.819780
0.819794
0.819808
0.819821
0.819835
0.819849
0.819862
0.819876
0.819890
0.819904
0.819917
0.819931
0.819945
0.819959
0.819972
0.819986
0.820000
0.820013
0.820027
0.820041
0.820055
0.820068
0.820082
0.820096
0.820109
0.820123
0.820137
0.820151
0.820164
0.820178
0.820192
0.820205
0.820219
0.820233
0.820247
0.820260
0.820274
0.820288
0.820301
0.820315
0.820329
0.820343
0.820356
0.820370
0.820384
0.820397
0.820411
0.820425
0.820438
0.820452
0.820466
0.820480
0.820493
0.820507
0.820521
0.820534
0.820548
0.820562
0.820575
0.820589
0.820603
0.820617
0.820630
0.820644
0.820658
0.820671
0.820685
0.820699
0.820712
0.820726
0.820740
0.820754
0.820767
0.820781
0.820795
0.820808
0.820822
0.820836
0.820849
0.820863
0.820877
0.820890
0.820904
0.820918
0.820931
0.820945
0.820959
0.820973
0.820986
0.821000
0.821014
0.821027
0.821041
0.821055
0.821068
0.821082
0.821096
0.821109
0.821123
0.821137
0.821150
0.821164
0.821178
0.821191
0.821205
0.821219
0.821232
0.821246
0.821260
0.821273
0.821287
0.821301
0.821315
0.821328
0.821342
0.821356
0.821369
0.821383
0.821397
0.821410
0.821424
0.821438
0.821451
0.821465
0.821479
0.821492
0.821506
0.821520
0.821533
0.821547
0.821561
0.821574
0.821588
0.821602
0.821615
0.821629
0.821643
0.821656
0.821670
0.821684
0.821697
0.821711
0.821724
0.821738
0.821752
0.821765
0.821779
0.821793
0.821806
0.821820
0.821834
0.821847
0.821861
0.821875
0.821888
0.821902
0.821916
0.821929
0.821943
0.821957
0.821970
0.821984
0.821998
0.822011
0.822025
0.822039
0.822052
0.822066
0.822079
0.822093
0.822107
0.822120
0.822134
0.822148
0.822161
0.822175
0.822189
0.822202
0.822216
0.822230
0.822243
0.822257
0.822270
0.822284
0.822298
0.822311
0.822325
0.822339
0.822352
0.822366
0.822380
0.822393
0.822407
0.822421
0.822434
0.822448
0.822461
0.822475
0.822489
0.822502
0.822516
0.822530
0.822543
0.822557
0.822570
0.822584
0.822598
0.822611
0.822625
0.822639
0.822652
0.822666
0.822679
0.822693
0.822707
0.822720
0.822734
0.822748
0.822761
0.822775
0.822788
0.822802
0.822816
0.822829
0.822843
0.822857
0.822870
0.822884
0.822897
0.822911
0.822925
0.822938
0.822952
0.822966
0.822979
0.822993
0.823006
0.823020
0.823034
0.823047
0.823061
0.823074
0.823088
0.823102
0.823115
0.823129
0.823143
0.823156
0.823170
0.823183
0.823197
0.823211
0.823224
0.823238
0.823251
0.823265
0.823279
0.823292
0.823306
0.823319
0.823333
0.823347
0.823360
0.823374
0.823387
0.823401
0.823415
0.823428
0.823442
0.823455
0.823469
0.823483
0.823496
0.823510
0.823523
0.823537
0.823551
0.823564
0.823578
0.823591
0.823605
0.823619
0.823632
0.823646
0.823659
0.823673
0.823687
0.823700
0.823714
0.823727
0.823741
0.823754
0.823768
0.823782
0.823795
0.823809
0.823822
0.823836
0.823850
0.823863
0.823877
0.823890
0.823904
0.823918
0.823931
0.823945
0.823958
0.823972
0.823985
0.823999
0.824013
0.824026
0.824040
0.824053
0.824067
0.824080
0.824094
0.824108
0.824121
0.824135
0.824148
0.824162
0.824176
0.824189
0.824203
0.824216
0.824230
0.824243
0.824257
0.824271
0.824284
0.824298
0.824311
0.824325
0.824338
0.824352
0.824366
0.824379
0.824393
0.824406
0.824420
0.824433
0.824447
0.824460
0.824474
0.824488
0.824501
0.824515
0.824528
0.824542
0.824555
0.824569
0.824583
0.824596
0.824610
0.824623
0.824637
0.824650
0.824664
0.824677
0.824691
0.824705
0.824718
0.824732
0.824745
0.824759
0.824772
0.824786
0.824799
0.824813
0.824827
0.824840
0.824854
0.824867
0.824881
0.824894
0.824908
0.824921
0.824935
0.824948
0.824962
0.824976
0.824989
0.825003
0.825016
0.825030
0.825043
0.825057
0.825070
0.825084
0.825097
0.825111
0.825125
0.825138
0.825152
0.825165
0.825179
0.825192
0.825206
0.825219
0.825233
0.825246
0.825260
0.825273
0.825287
0.825301
0.825314
0.825328
0.825341
0.825355
0.825368
0.825382
0.825395
0.825409
0.825422
0.825436
0.825449
0.825463
0.825476
0.825490
0.825504
0.825517
0.825531
0.825544
0.825558
0.825571
0.825585
0.825598
0.825612
0.825625
0.825639
0.825652
0.825666
0.825679
0.825693
0.825706
0.825720
0.825733
0.825747
0.825760
0.825774
0.825787
0.825801
0.825815
0.825828
0.825842
0.825855
0.825869
0.825882
0.825896
0.825909
0.825923
0.825936
0.825950
0.825963
0.825977
0.825990
0.826004
0.826017
0.826031
0.826044
0.826058
0.826071
0.826085
0.826098
0.826112
0.826125
0.826139
0.826152
0.826166
0.826179
0.826193
0.826206
0.826220
0.826233
0.826247
0.826260
0.826274
0.826287
0.826301
0.826314
0.826328
0.826341
0.826355
0.826368
0.826382
0.826395
0.826409
0.826422
0.826436
0.826449
0.826463
0.826476
0.826490
0.826503
0.826517
0.826530
0.826544
0.826557
0.826571
0.826584
0.826598
0.826611
0.826625
0.826638
0.826652
0.826665
0.826679
0.826692
0.826706
0.826719
0.826733
0.826746
0.826760
0.826773
0.826786
0.826800
0.826813
0.826827
0.826840
0.826854
0.826867
0.826881
0.826894
0.826908
0.826921
0.826935
0.826948
0.826962
0.826975
0.826989
0.827002
0.827016
0.827029
0.827043
0.827056
0.827070
0.827083
0.827096
0.827110
0.827123
0.827137
0.827150
0.827164
0.827177
0.827191
0.827204
0.827218
0.827231
0.827245
0.827258
0.827272
0.827285
0.827298
0.827312
0.827325
0.827339
0.827352
0.827366
0.827379
0.827393
0.827406
0.827420
0.827433
0.827447
0.827460
0.827473
0.827487
0.827500
0.827514
0.827527
0.827541
0.827554
0.827568
0.827581
0.827595
0.827608
0.827622
0.827635
0.827648
0.827662
0.827675
0.827689
0.827702
0.827716
0.827729
0.827743
0.827756
0.827769
0.827783
0.827796
0.827810
0.827823
0.827837
0.827850
0.827864
0.827877
0.827890
0.827904
0.827917
0.827931
0.827944
0.827958
0.827971
0.827985
0.827998
0.828011
0.828025
0.828038
0.828052
0.828065
0.828079
0.828092
0.828106
0.828119
0.828132
0.828146
0.828159
0.828173
0.828186
0.828200
0.828213
0.828226
0.828240
0.828253
0.828267
0.828280
0.828294
0.828307
0.828320
0.828334
0.828347
0.828361
0.828374
0.828388
0.828401
0.828414
0.828428
0.828441
0.828455
0.828468
0.828482
0.828495
0.828508
0.828522
0.828535
0.828549
0.828562
0.828575
0.828589
0.828602
0.828616
0.828629
0.828643
0.828656
0.828669
0.828683
0.828696
0.828710
0.828723
0.828736
0.828750
0.828763
0.828777
0.828790
0.828804
0.828817
0.828830
0.828844
0.828857
0.828871
0.828884
0.828897
0.828911
0.828924
0.828938
0.828951
0.828964
0.828978
0.828991
0.829005
0.829018
0.829031
0.829045
0.829058
0.829072
0.829085
0.829098
0.829112
0.829125
0.829139
0.829152
0.829165
0.829179
0.829192
0.829206
0.829219
0.829232
0.829246
0.829259
0.829273
0.829286
0.829299
0.829313
0.829326
0.829340
0.829353
0.829366
0.829380
0.829393
0.829407
0.829420
0.829433
0.829447
0.829460
0.829474
0.829487
0.829500
0.829514
0.829527
0.829540
0.829554
0.829567
0.829581
0.829594
0.829607
0.829621
0.829634
0.829648
0.829661
0.829674
0.829688
0.829701
0.829714
0.829728
0.829741
0.829755
0.829768
0.829781
0.829795
0.829808
0.829821
0.829835
0.829848
0.829862
0.829875
0.829888
0.829902
0.829915
0.829928
0.829942
0.829955
0.829969
0.829982
0.829995
0.830009
0.830022
0.830035
0.830049
0.830062
0.830075
0.830089
0.830102
0.830116
0.830129
0.830142
0.830156
0.830169
0.830182
0.830196
0.830209
0.830222
0.830236
0.830249
0.830263
0.830276
0.830289
0.830303
0.830316
0.830329
0.830343
0.830356
0.830369
0.830383
0.830396
0.830409
0.830423
0.830436
0.830450
0.830463
0.830476
0.830490
0.830503
0.830516
0.830530
0.830543
0.830556
0.830570
0.830583
0.830596
0.830610
0.830623
0.830636
0.830650
0.830663
0.830676
0.830690
0.830703
0.830716
0.830730
0.830743
0.830757
0.830770
0.830783
0.830797
0.830810
0.830823
0.830837
0.830850
0.830863
0.830877
0.830890
0.830903
0.830917
0.830930
0.830943
0.830957
0.830970
0.830983
0.830997
0.831010
0.831023
0.831037
0.831050
0.831063
0.831077
0.831090
0.831103
0.831117
0.831130
0.831143
0.831157
0.831170
0.831183
0.831197
0.831210
0.831223
0.831237
0.831250
0.831263
0.831276
0.831290
0.831303
0.831316
0.831330
0.831343
0.831356
0.831370
0.831383
0.831396
0.831410
0.831423
0.831436
0.831450
0.831463
0.831476
0.831490
0.831503
0.831516
0.831530
0.831543
0.831556
0.831569
0.831583
0.831596
0.831609
0.831623
0.831636
0.831649
0.831663
0.831676
0.831689
0.831703
0.831716
0.831729
0.831742
0.831756
0.831769
0.831782
0.831796
0.831809
0.831822
0.831836
0.831849
0.831862
0.831876
0.831889
0.831902
0.831915
0.831929
0.831942
0.831955
0.831969
0.831982
0.831995
0.832009
0.832022
0.832035
0.832048
0.832062
0.832075
0.832088
0.832102
0.832115
0.832128
0.832141
0.832155
0.832168
0.832181
0.832195
0.832208
0.832221
0.832235
0.832248
0.832261
0.832274
0.832288
0.832301
0.832314
0.832328
0.832341
0.832354
0.832367
0.832381
0.832394
0.832407
0.832420
0.832434
0.832447
0.832460
0.832474
0.832487
0.832500
0.832513
0.832527
0.832540
0.832553
0.832567
0.832580
0.832593
0.832606
0.832620
0.832633
0.832646
0.832659
0.832673
0.832686
0.832699
0.832713
0.832726
0.832739
0.832752
0.832766
0.832779
0.832792
0.832805
0.832819
0.832832
0.832845
0.832859
0.832872
0.832885
0.832898
0.832912
0.832925
0.832938
0.832951
0.832965
0.832978
0.832991
0.833004
0.833018
0.833031
0.833044
0.833057
0.833071
0.833084
0.833097
0.833111
0.833124
0.833137
0.833150
0.833164
0.833177
0.833190
0.833203
0.833217
0.833230
0.833243
0.833256
0.833270
0.833283
0.833296
0.833309
0.833323
0.833336
0.833349
0.833362
0.833376
0.833389
0.833402
0.833415
0.833429
0.833442
0.833455
0.833468
0.833482
0.833495
0.833508
0.833521
0.833534
0.833548
0.833561
0.833574
0.833587
0.833601
0.833614
0.833627
0.833640
0.833654
0.833667
0.833680
0.833693
0.833707
0.833720
0.833733
0.833746
0.833760
0.833773
0.833786
0.833799
0.833812
0.833826
0.833839
0.833852
0.833865
0.833879
0.833892
0.833905
0.833918
0.833932
0.833945
0.833958
0.833971
0.833984
0.833998
0.834011
0.834024
0.834037
0.834051
0.834064
0.834077
0.834090
0.834103
0.834117
0.834130
0.834143
0.834156
0.834170
0.834183
0.834196
0.834209
0.834222
0.834236
0.834249
0.834262
0.834275
0.834288
0.834302
0.834315
0.834328
0.834341
0.834355
0.834368
0.834381
0.834394
0.834407
0.834421
0.834434
0.834447
0.834460
0.834473
0.834487
0.834500
0.834513
0.834526
0.834539
0.834553
0.834566
0.834579
0.834592
0.834606
0.834619
0.834632
0.834645
0.834658
0.834672
0.834685
0.834698
0.834711
0.834724
0.834738
0.834751
0.834764
0.834777
0.834790
0.834803
0.834817
0.834830
0.834843
0.834856
0.834869
0.834883
0.834896
0.834909
0.834922
0.834935
0.834949
0.834962
0.834975
0.834988
0.835001
0.835015
0.835028
0.835041
0.835054
0.835067
0.835081
0.835094
0.835107
0.835120
0.835133
0.835146
0.835160
0.835173
0.835186
0.835199
0.835212
0.835226
0.835239
0.835252
0.835265
0.835278
0.835291
0.835305
0.835318
0.835331
0.835344
0.835357
0.835370
0.835384
0.835397
0.835410
0.835423
0.835436
0.835450
0.835463
0.835476
0.835489
0.835502
0.835515
0.835529
0.835542
0.835555
0.835568
0.835581
0.835594
0.835608
0.835621
0.835634
0.835647
0.835660
0.835673
0.835687
0.835700
0.835713
0.835726
0.835739
0.835752
0.835766
0.835779
0.835792
0.835805
0.835818
0.835831
0.835844
0.835858
0.835871
0.835884
0.835897
0.835910
0.835923
0.835937
0.835950
0.835963
0.835976
0.835989
0.836002
0.836015
0.836029
0.836042
0.836055
0.836068
0.836081
0.836094
0.836108
0.836121
0.836134
0.836147
0.836160
0.836173
0.836186
0.836200
0.836213
0.836226
0.836239
0.836252
0.836265
0.836278
0.836292
0.836305
0.836318
0.836331
0.836344
0.836357
0.836370
0.836384
0.836397
0.836410
0.836423
0.836436
0.836449
0.836462
0.836475
0.836489
0.836502
0.836515
0.836528
0.836541
0.836554
0.836567
0.836581
0.836594
0.836607
0.836620
0.836633
0.836646
0.836659
0.836672
0.836686
0.836699
0.836712
0.836725
0.836738
0.836751
0.836764
0.836777
0.836791
0.836804
0.836817
0.836830
0.836843
0.836856
0.836869
0.836882
0.836896
0.836909
0.836922
0.836935
0.836948
0.836961
0.836974
0.836987
0.837001
0.837014
0.837027
0.837040
0.837053
0.837066
0.837079
0.837092
0.837105
0.837119
0.837132
0.837145
0.837158
0.837171
0.837184
0.837197
0.837210
0.837223
0.837237
0.837250
0.837263
0.837276
0.837289
0.837302
0.837315
0.837328
0.837341
0.837354
0.837368
0.837381
0.837394
0.837407
0.837420
0.837433
0.837446
0.837459
0.837472
0.837485
0.837499
0.837512
0.837525
0.837538
0.837551
0.837564
0.837577
0.837590
0.837603
0.837616
0.837629
0.837643
0.837656
0.837669
0.837682
0.837695
0.837708
0.837721
0.837734
0.837747
0.837760
0.837773
0.837787
0.837800
0.837813
0.837826
0.837839
0.837852
0.837865
0.837878
0.837891
0.837904
0.837917
0.837930
0.837944
0.837957
0.837970
0.837983
0.837996
0.838009
0.838022
0.838035
0.838048
0.838061
0.838074
0.838087
0.838101
0.838114
0.838127
0.838140
0.838153
0.838166
0.838179
0.838192
0.838205
0.838218
0.838231
0.838244
0.838257
0.838270
0.838284
0.838297
0.838310
0.838323
0.838336
0.838349
0.838362
0.838375
0.838388
0.838401
0.838414
0.838427
0.838440
0.838453
0.838466
0.838479
0.838493
0.838506
0.838519
0.838532
0.838545
0.838558
0.838571
0.838584
0.838597
0.838610
0.838623
0.838636
0.838649
0.838662
0.838675
0.838688
0.838701
0.838715
0.838728
0.838741
0.838754
0.838767
0.838780
0.838793
0.838806
0.838819
0.838832
0.838845
0.838858
0.838871
0.838884
0.838897
0.838910
0.838923
0.838936
0.838949
0.838962
0.838975
0.838989
0.839002
0.839015
0.839028
0.839041
0.839054
0.839067
0.839080
0.839093
0.839106
0.839119
0.839132
0.839145
0.839158
0.839171
0.839184
0.839197
0.839210
0.839223
0.839236
0.839249
0.839262
0.839275
0.839288
0.839301
0.839314
0.839327
0.839340
0.839354
0.839367
0.839380
0.839393
0.839406
0.839419
0.839432
0.839445
0.839458
0.839471
0.839484
0.839497
0.839510
0.839523
0.839536
0.839549
0.839562
0.839575
0.839588
0.839601
0.839614
0.839627
0.839640
0.839653
0.839666
0.839679
0.839692
0.839705
0.839718
0.839731
0.839744
0.839757
0.839770
0.839783
0.839796
0.839809
0.839822
0.839835
0.839848
0.839861
0.839874
0.839887
0.839900
0.839913
0.839926
0.839939
0.839952
0.839965
0.839978
0.839991
0.840004
0.840017
0.840030
0.840043
0.840056
0.840069
0.840082
0.840095
0.840108
0.840121
0.840134
0.840147
0.840160
0.840173
0.840186
0.840199
0.840212
0.840225
0.840238
0.840251
0.840264
0.840277
0.840290
0.840303
0.840316
0.840329
0.840342
0.840355
0.840368
0.840381
0.840394
0.840407
0.840420
0.840433
0.840446
0.840459
0.840472
0.840485
0.840498
0.840511
0.840524
0.840537
0.840550
0.840563
0.840576
0.840589
0.840602
0.840615
0.840628
0.840641
0.840654
0.840667
0.840680
0.840693
0.840706
0.840719
0.840732
0.840745
0.840758
0.840771
0.840784
0.840797
0.840810
0.840823
0.840836
0.840849
0.840862
0.840875
0.840888
0.840901
0.840914
0.840926
0.840939
0.840952
0.840965
0.840978
0.840991
0.841004
0.841017
0.841030
0.841043
0.841056
0.841069
0.841082
0.841095
0.841108
0.841121
0.841134
0.841147
0.841160
0.841173
0.841186
0.841199
0.841212
0.841225
0.841238
0.841251
0.841264
0.841277
0.841289
0.841302
0.841315
0.841328
0.841341
0.841354
0.841367
0.841380
0.841393
0.841406
0.841419
0.841432
0.841445
0.841458
0.841471
0.841484
0.841497
0.841510
0.841523
0.841536
0.841549
0.841561
0.841574
0.841587
0.841600
0.841613
0.841626
0.841639
0.841652
0.841665
0.841678
0.841691
0.841704
0.841717
0.841730
0.841743
0.841756
0.841769
0.841781
0.841794
0.841807
0.841820
0.841833
0.841846
0.841859
0.841872
0.841885
0.841898
0.841911
0.841924
0.841937
0.841950
0.841963
0.841976
0.841988
0.842001
0.842014
0.842027
0.842040
0.842053
0.842066
0.842079
0.842092
0.842105
0.842118
0.842131
0.842144
0.842156
0.842169
0.842182
0.842195
0.842208
0.842221
0.842234
0.842247
0.842260
0.842273
0.842286
0.842299
0.842312
0.842324
0.842337
0.842350
0.842363
0.842376
0.842389
0.842402
0.842415
0.842428
0.842441
0.842454
0.842467
0.842479
0.842492
0.842505
0.842518
0.842531
0.842544
0.842557
0.842570
0.842583
0.842596
0.842609
0.842621
0.842634
0.842647
0.842660
0.842673
0.842686
0.842699
0.842712
0.842725
0.842738
0.842751
0.842763
0.842776
0.842789
0.842802
0.842815
0.842828
0.842841
0.842854
0.842867
0.842880
0.842892
0.842905
0.842918
0.842931
0.842944
0.842957
0.842970
0.842983
0.842996
0.843008
0.843021
0.843034
0.843047
0.843060
0.843073
0.843086
0.843099
0.843112
0.843124
0.843137
0.843150
0.843163
0.843176
0.843189
0.843202
0.843215
0.843228
0.843240
0.843253
0.843266
0.843279
0.843292
0.843305
0.843318
0.843331
0.843344
0.843356
0.843369
0.843382
0.843395
0.843408
0.843421
0.843434
0.843447
0.843459
0.843472
0.843485
0.843498
0.843511
0.843524
0.843537
0.843550
0.843562
0.843575
0.843588
0.843601
0.843614
0.843627
0.843640
0.843652
0.843665
0.843678
0.843691
0.843704
0.843717
0.843730
0.843743
0.843755
0.843768
0.843781
0.843794
0.843807
0.843820
0.843833
0.843845
0.843858
0.843871
0.843884
0.843897
0.843910
0.843923
0.843935
0.843948
0.843961
0.843974
0.843987
0.844000
0.844013
0.844025
0.844038
0.844051
0.844064
0.844077
0.844090
0.844103
0.844115
0.844128
0.844141
0.844154
0.844167
0.844180
0.844193
0.844205
0.844218
0.844231
0.844244
0.844257
0.844270
0.844282
0.844295
0.844308
0.844321
0.844334
0.844347
0.844360
0.844372
0.844385
0.844398
0.844411
0.844424
0.844437
0.844449
0.844462
0.844475
0.844488
0.844501
0.844514
0.844526
0.844539
0.844552
0.844565
0.844578
0.844591
0.844603
0.844616
0.844629
0.844642
0.844655
0.844668
0.844680
0.844693
0.844706
0.844719
0.844732
0.844745
0.844757
0.844770
0.844783
0.844796
0.844809
0.844822
0.844834
0.844847
0.844860
0.844873
0.844886
0.844898
0.844911
0.844924
0.844937
0.844950
0.844963
0.844975
0.844988
0.845001
0.845014
0.845027
0.845039
0.845052
0.845065
0.845078
0.845091
0.845104
0.845116
0.845129
0.845142
0.845155
0.845168
0.845180
0.845193
0.845206
0.845219
0.845232
0.845244
0.845257
0.845270
0.845283
0.845296
0.845308
0.845321
0.845334
0.845347
0.845360
0.845373
0.845385
0.845398
0.845411
0.845424
0.845437
0.845449
0.845462
0.845475
0.845488
0.845501
0.845513
0.845526
0.845539
0.845552
0.845564
0.845577
0.845590
0.845603
0.845616
0.845628
0.845641
0.845654
0.845667
0.845680
0.845692
0.845705
0.845718
0.845731
0.845744
0.845756
0.845769
0.845782
0.845795
0.845808
0.845820
0.845833
0.845846
0.845859
0.845871
0.845884
0.845897
0.845910
0.845923
0.845935
0.845948
0.845961
0.845974
0.845987
0.845999
0.846012
0.846025
0.846038
0.846050
0.846063
0.846076
0.846089
0.846102
0.846114
0.846127
0.846140
0.846153
0.846165
0.846178
0.846191
0.846204
0.846216
0.846229
0.846242
0.846255
0.846268
0.846280
0.846293
0.846306
0.846319
0.846331
0.846344
0.846357
0.846370
0.846382
0.846395
0.846408
0.846421
0.846434
0.846446
0.846459
0.846472
0.846485
0.846497
0.846510
0.846523
0.846536
0.846548
0.846561
0.846574
0.846587
0.846599
0.846612
0.846625
0.846638
0.846650
0.846663
0.846676
0.846689
0.846701
0.846714
0.846727
0.846740
0.846752
0.846765
0.846778
0.846791
0.846803
0.846816
0.846829
0.846842
0.846854
0.846867
0.846880
0.846893
0.846905
0.846918
0.846931
0.846944
0.846956
0.846969
0.846982
0.846995
0.847007
0.847020
0.847033
0.847046
0.847058
0.847071
0.847084
0.847097
0.847109
0.847122
0.847135
0.847147
0.847160
0.847173
0.847186
0.847198
0.847211
0.847224
0.847237
0.847249
0.847262
0.847275
0.847288
0.847300
0.847313
0.847326
0.847338
0.847351
0.847364
0.847377
0.847389
0.847402
0.847415
0.847428
0.847440
0.847453
0.847466
0.847478
0.847491
0.847504
0.847517
0.847529
0.847542
0.847555
0.847567
0.847580
0.847593
0.847606
0.847618
0.847631
0.847644
0.847657
0.847669
0.847682
0.847695
0.847707
0.847720
0.847733
0.847746
0.847758
0.847771
0.847784
0.847796
0.847809
0.847822
0.847835
0.847847
0.847860
0.847873
0.847885
0.847898
0.847911
0.847923
0.847936
0.847949
0.847962
0.847974
0.847987
0.848000
0.848012
0.848025
0.848038
0.848050
0.848063
0.848076
0.848089
0.848101
0.848114
0.848127
0.848139
0.848152
0.848165
0.848177
0.848190
0.848203
0.848216
0.848228
0.848241
0.848254
0.848266
0.848279
0.848292
0.848304
0.848317
0.848330
0.848342
0.848355
0.848368
0.848381
0.848393
0.848406
0.848419
0.848431
0.848444
0.848457
0.848469
0.848482
0.848495
0.848507
0.848520
0.848533
0.848545
0.848558
0.848571
0.848584
0.848596
0.848609
0.848622
0.848634
0.848647
0.848660
0.848672
0.848685
0.848698
0.848710
0.848723
0.848736
0.848748
0.848761
0.848774
0.848786
0.848799
0.848812
0.848824
0.848837
0.848850
0.848862
0.848875
0.848888
0.848900
0.848913
0.848926
0.848938
0.848951
0.848964
0.848976
0.848989
0.849002
0.849014
0.849027
0.849040
0.849052
0.849065
0.849078
0.849090
0.849103
0.849116
0.849128
0.849141
0.849154
0.849166
0.849179
0.849192
0.849204
0.849217
0.849230
0.849242
0.849255
0.849268
0.849280
0.849293
0.849306
0.849318
0.849331
0.849343
0.849356
0.849369
0.849381
0.849394
0.849407
0.849419
0.849432
0.849445
0.849457
0.849470
0.849483
0.849495
0.849508
0.849521
0.849533
0.849546
0.849558
0.849571
0.849584
0.849596
0.849609
0.849622
0.849634
0.849647
0.849660
0.849672
0.849685
0.849698
0.849710
0.849723
0.849735
0.849748
0.849761
0.849773
0.849786
0.849799
0.849811
0.849824
0.849837
0.849849
0.849862
0.849874
0.849887
0.849900
0.849912
0.849925
0.849938
0.849950
0.849963
0.849975
0.849988
0.850001
0.850013
0.850026
0.850039
0.850051
0.850064
0.850076
0.850089
0.850102
0.850114
0.850127
0.850140
0.850152
0.850165
0.850177
0.850190
0.850203
0.850215
0.850228
0.850241
0.850253
0.850266
0.850278
0.850291
0.850304
0.850316
0.850329
0.850341
0.850354
0.850367
0.850379
0.850392
0.850404
0.850417
0.850430
0.850442
0.850455
0.850468
0.850480
0.850493
0.850505
0.850518
0.850531
0.850543
0.850556
0.850568
0.850581
0.850594
0.850606
0.850619
0.850631
0.850644
0.850657
0.850669
0.850682
0.850694
0.850707
0.850720
0.850732
0.850745
0.850757
0.850770
0.850783
0.850795
0.850808
0.850820
0.850833
0.850846
0.850858
0.850871
0.850883
0.850896
0.850909
0.850921
0.850934
0.850946
0.850959
0.850971
0.850984
0.850997
0.851009
0.851022
0.851034
0.851047
0.851060
0.851072
0.851085
0.851097
0.851110
0.851122
0.851135
0.851148
0.851160
0.851173
0.851185
0.851198
0.851211
0.851223
0.851236
0.851248
0.851261
0.851273
0.851286
0.851299
0.851311
0.851324
0.851336
0.851349
0.851361
0.851374
0.851387
0.851399
0.851412
0.851424
0.851437
0.851449
0.851462
0.851475
0.851487
0.851500
0.851512
0.851525
0.851537
0.851550
0.851563
0.851575
0.851588
0.851600
0.851613
0.851625
0.851638
0.851651
0.851663
0.851676
0.851688
0.851701
0.851713
0.851726
0.851738
0.851751
0.851764
0.851776
0.851789
0.851801
0.851814
0.851826
0.851839
0.851851
0.851864
0.851877
0.851889
0.851902
0.851914
0.851927
0.851939
0.851952
0.851964
0.851977
0.851990
0.852002
0.852015
0.852027
0.852040
0.852052
0.852065
0.852077
0.852090
0.852102
0.852115
0.852128
0.852140
0.852153
0.852165
0.852178
0.852190
0.852203
0.852215
0.852228
0.852240
0.852253
0.852265
0.852278
0.852291
0.852303
0.852316
0.852328
0.852341
0.852353
0.852366
0.852378
0.852391
0.852403
0.852416
0.852428
0.852441
0.852454
0.852466
0.852479
0.852491
0.852504
0.852516
0.852529
0.852541
0.852554
0.852566
0.852579
0.852591
0.852604
0.852616
0.852629
0.852641
0.852654
0.852666
0.852679
0.852692
0.852704
0.852717
0.852729
0.852742
0.852754
0.852767
0.852779
0.852792
0.852804
0.852817
0.852829
0.852842
0.852854
0.852867
0.852879
0.852892
0.852904
0.852917
0.852929
0.852942
0.852954
0.852967
0.852979
0.852992
0.853004
0.853017
0.853029
0.853042
0.853054
0.853067
0.853079
0.853092
0.853104
0.853117
0.853129
0.853142
0.853154
0.853167
0.853179
0.853192
0.853204
0.853217
0.853229
0.853242
0.853254
0.853267
0.853279
0.853292
0.853304
0.853317
0.853329
0.853342
0.853354
0.853367
0.853379
0.853392
0.853404
0.853417
0.853429
0.853442
0.853454
0.853467
0.853479
0.853492
0.853504
0.853517
0.853529
0.853542
0.853554
0.853567
0.853579
0.853592
0.853604
0.853617
0.853629
0.853642
0.853654
0.853667
0.853679
0.853692
0.853704
0.853717
0.853729
0.853742
0.853754
0.853767
0.853779
0.853791
0.853804
0.853816
0.853829
0.853841
0.853854
0.853866
0.853879
0.853891
0.853904
0.853916
0.853929
0.853941
0.853954
0.853966
0.853979
0.853991
0.854004
0.854016
0.854028
0.854041
0.854053
0.854066
0.854078
0.854091
0.854103
0.854116
0.854128
0.854141
0.854153
0.854166
0.854178
0.854191
0.854203
0.854215
0.854228
0.854240
0.854253
0.854265
0.854278
0.854290
0.854303
0.854315
0.854328
0.854340
0.854353
0.854365
0.854377
0.854390
0.854402
0.854415
0.854427
0.854440
0.854452
0.854465
0.854477
0.854490
0.854502
0.854514
0.854527
0.854539
0.854552
0.854564
0.854577
0.854589
0.854602
0.854614
0.854626
0.854639
0.854651
0.854664
0.854676
0.854689
0.854701
0.854714
0.854726
0.854738
0.854751
0.854763
0.854776
0.854788
0.854801
0.854813
0.854826
0.854838
0.854850
0.854863
0.854875
0.854888
0.854900
0.854913
0.854925
0.854937
0.854950
0.854962
0.854975
0.854987
0.855000
0.855012
0.855024
0.855037
0.855049
0.855062
0.855074
0.855087
0.855099
0.855111
0.855124
0.855136
0.855149
0.855161
0.855174
0.855186
0.855198
0.855211
0.855223
0.855236
0.855248
0.855261
0.855273
0.855285
0.855298
0.855310
0.855323
0.855335
0.855347
0.855360
0.855372
0.855385
0.855397
0.855410
0.855422
0.855434
0.855447
0.855459
0.855472
0.855484
0.855496
0.855509
0.855521
0.855534
0.855546
0.855558
0.855571
0.855583
0.855596
0.855608
0.855621
0.855633
0.855645
0.855658
0.855670
0.855683
0.855695
0.855707
0.855720
0.855732
0.855745
0.855757
0.855769
0.855782
0.855794
0.855807
0.855819
0.855831
0.855844
0.855856
0.855869
0.855881
0.855893
0.855906
0.855918
0.855931
0.855943
0.855955
0.855968
0.855980
0.855992
0.856005
0.856017
0.856030
0.856042
0.856054
0.856067
0.856079
0.856092
0.856104
0.856116
0.856129
0.856141
0.856154
0.856166
0.856178
0.856191
0.856203
0.856215
0.856228
0.856240
0.856253
0.856265
0.856277
0.856290
0.856302
0.856314
0.856327
0.856339
0.856352
0.856364
0.856376
0.856389
0.856401
0.856413
0.856426
0.856438
0.856451
0.856463
0.856475
0.856488
0.856500
0.856512
0.856525
0.856537
0.856550
0.856562
0.856574
0.856587
0.856599
0.856611
0.856624
0.856636
0.856649
0.856661
0.856673
0.856686
0.856698
0.856710
0.856723
0.856735
0.856747
0.856760
0.856772
0.856785
0.856797
0.856809
0.856822
0.856834
0.856846
0.856859
0.856871
0.856883
0.856896
0.856908
0.856920
0.856933
0.856945
0.856958
0.856970
0.856982
0.856995
0.857007
0.857019
0.857032
0.857044
0.857056
0.857069
0.857081
0.857093
0.857106
0.857118
0.857130
0.857143
0.857155
0.857167
0.857180
0.857192
0.857204
0.857217
0.857229
0.857241
0.857254
0.857266
0.857279
0.857291
0.857303
0.857316
0.857328
0.857340
0.857353
0.857365
0.857377
0.857390
0.857402
0.857414
0.857427
0.857439
0.857451
0.857464
0.857476
0.857488
0.857501
0.857513
0.857525
0.857538
0.857550
0.857562
0.857575
0.857587
0.857599
0.857612
0.857624
0.857636
0.857649
0.857661
0.857673
0.857685
0.857698
0.857710
0.857722
0.857735
0.857747
0.857759
0.857772
0.857784
0.857796
0.857809
0.857821
0.857833
0.857846
0.857858
0.857870
0.857883
0.857895
0.857907
0.857920
0.857932
0.857944
0.857956
0.857969
0.857981
0.857993
0.858006
0.858018
0.858030
0.858043
0.858055
0.858067
0.858080
0.858092
0.858104
0.858117
0.858129
0.858141
0.858153
0.858166
0.858178
0.858190
0.858203
0.858215
0.858227
0.858240
0.858252
0.858264
0.858276
0.858289
0.858301
0.858313
0.858326
0.858338
0.858350
0.858363
0.858375
0.858387
0.858399
0.858412
0.858424
0.858436
0.858449
0.858461
0.858473
0.858485
0.858498
0.858510
0.858522
0.858535
0.858547
0.858559
0.858572
0.858584
0.858596
0.858608
0.858621
0.858633
0.858645
0.858658
0.858670
0.858682
0.858694
0.858707
0.858719
0.858731
0.858744
0.858756
0.858768
0.858780
0.858793
0.858805
0.858817
0.858829
0.858842
0.858854
0.858866
0.858879
0.858891
0.858903
0.858915
0.858928
0.858940
0.858952
0.858965
0.858977
0.858989
0.859001
0.859014
0.859026
0.859038
0.859050
0.859063
0.859075
0.859087
0.859099
0.859112
0.859124
0.859136
0.859149
0.859161
0.859173
0.859185
0.859198
0.859210
0.859222
0.859234
0.859247
0.859259
0.859271
0.859283
0.859296
0.859308
0.859320
0.859332
0.859345
0.859357
0.859369
0.859381
0.859394
0.859406
0.859418
0.859431
0.859443
0.859455
0.859467
0.859480
0.859492
0.859504
0.859516
0.859529
0.859541
0.859553
0.859565
0.859578
0.859590
0.859602
0.859614
0.859627
0.859639
0.859651
0.859663
0.859675
0.859688
0.859700
0.859712
0.859724
0.859737
0.859749
0.859761
0.859773
0.859786
0.859798
0.859810
0.859822
0.859835
0.859847
0.859859
0.859871
0.859884
0.859896
0.859908
0.859920
0.859933
0.859945
0.859957
0.859969
0.859981
0.859994
0.860006
0.860018
0.860030
0.860043
0.860055
0.860067
0.860079
0.860092
0.860104
0.860116
0.860128
0.860140
0.860153
0.860165
0.860177
0.860189
0.860202
0.860214
0.860226
0.860238
0.860250
0.860263
0.860275
0.860287
0.860299
0.860312
0.860324
0.860336
0.860348
0.860360
0.860373
0.860385
0.860397
0.860409
0.860421
0.860434
0.860446
0.860458
0.860470
0.860483
0.860495
0.860507
0.860519
0.860531
0.860544
0.860556
0.860568
0.860580
0.860592
0.860605
0.860617
0.860629
0.860641
0.860653
0.860666
0.860678
0.860690
0.860702
0.860714
0.860727
0.860739
0.860751
0.860763
0.860775
0.860788
0.860800
0.860812
0.860824
0.860836
0.860849
0.860861
0.860873
0.860885
0.860897
0.860910
0.860922
0.860934
0.860946
0.860958
0.860971
0.860983
0.860995
0.861007
0.861019
0.861032
0.861044
0.861056
0.861068
0.861080
0.861092
0.861105
0.861117
0.861129
0.861141
0.861153
0.861166
0.861178
0.861190
0.861202
0.861214
0.861227
0.861239
0.861251
0.861263
0.861275
0.861287
0.861300
0.861312
0.861324
0.861336
0.861348
0.861360
0.861373
0.861385
0.861397
0.861409
0.861421
0.861434
0.861446
0.861458
0.861470
0.861482
0.861494
0.861507
0.861519
0.861531
0.861543
0.861555
0.861567
0.861580
0.861592
0.861604
0.861616
0.861628
0.861640
0.861653
0.861665
0.861677
0.861689
0.861701
0.861713
0.861726
0.861738
0.861750
0.861762
0.861774
0.861786
0.861798
0.861811
0.861823
0.861835
0.861847
0.861859
0.861871
0.861884
0.861896
0.861908
0.861920
0.861932
0.861944
0.861956
0.861969
0.861981
0.861993
0.862005
0.862017
0.862029
0.862042
0.862054
0.862066
0.862078
0.862090
0.862102
0.862114
0.862127
0.862139
0.862151
0.862163
0.862175
0.862187
0.862199
0.862212
0.862224
0.862236
0.862248
0.862260
0.862272
0.862284
0.862297
0.862309
0.862321
0.862333
0.862345
0.862357
0.862369
0.862381
0.862394
0.862406
0.862418
0.862430
0.862442
0.862454
0.862466
0.862479
0.862491
0.862503
0.862515
0.862527
0.862539
0.862551
0.862563
0.862576
0.862588
0.862600
0.862612
0.862624
0.862636
0.862648
0.862660
0.862673
0.862685
0.862697
0.862709
0.862721
0.862733
0.862745
0.862757
0.862770
0.862782
0.862794
0.862806
0.862818
0.862830
0.862842
0.862854
0.862866
0.862879
0.862891
0.862903
0.862915
0.862927
0.862939
0.862951
0.862963
0.862975
0.862988
0.863000
0.863012
0.863024
0.863036
0.863048
0.863060
0.863072
0.863084
0.863097
0.863109
0.863121
0.863133
0.863145
0.863157
0.863169
0.863181
0.863193
0.863205
0.863218
0.863230
0.863242
0.863254
0.863266
0.863278
0.863290
0.863302
0.863314
0.863326
0.863339
0.863351
0.863363
0.863375
0.863387
0.863399
0.863411
0.863423
0.863435
0.863447
0.863459
0.863472
0.863484
0.863496
0.863508
0.863520
0.863532
0.863544
0.863556
0.863568
0.863580
0.863592
0.863605
0.863617
0.863629
0.863641
0.863653
0.863665
0.863677
0.863689
0.863701
0.863713
0.863725
0.863737
0.863749
0.863762
0.863774
0.863786
0.863798
0.863810
0.863822
0.863834
0.863846
0.863858
0.863870
0.863882
0.863894
0.863906
0.863919
0.863931
0.863943
0.863955
0.863967
0.863979
0.863991
0.864003
0.864015
0.864027
0.864039
0.864051
0.864063
0.864075
0.864087
0.864100
0.864112
0.864124
0.864136
0.864148
0.864160
0.864172
0.864184
0.864196
0.864208
0.864220
0.864232
0.864244
0.864256
0.864268
0.864280
0.864293
0.864305
0.864317
0.864329
0.864341
0.864353
0.864365
0.864377
0.864389
0.864401
0.864413
0.864425
0.864437
0.864449
0.864461
0.864473
0.864485
0.864497
0.864509
0.864521
0.864534
0.864546
0.864558
0.864570
0.864582
0.864594
0.864606
0.864618
0.864630
0.864642
0.864654
0.864666
0.864678
0.864690
0.864702
0.864714
0.864726
0.864738
0.864750
0.864762
0.864774
0.864786
0.864798
0.864810
0.864822
0.864835
0.864847
0.864859
0.864871
0.864883
0.864895
0.864907
0.864919
0.864931
0.864943
0.864955
0.864967
0.864979
0.864991
0.865003
0.865015
0.865027
0.865039
0.865051
0.865063
0.865075
0.865087
0.865099
0.865111
0.865123
0.865135
0.865147
0.865159
0.865171
0.865183
0.865195
0.865207
0.865219
0.865231
0.865243
0.865255
0.865267
0.865279
0.865291
0.865303
0.865315
0.865327
0.865339
0.865352
0.865364
0.865376
0.865388
0.865400
0.865412
0.865424
0.865436
0.865448
0.865460
0.865472
0.865484
0.865496
0.865508
0.865520
0.865532
0.865544
0.865556
0.865568
0.865580
0.865592
0.865604
0.865616
0.865628
0.865640
0.865652
0.865664
0.865676
0.865688
0.865700
0.865712
0.865724
0.865736
0.865748
0.865760
0.865772
0.865784
0.865796
0.865808
0.865820
0.865832
0.865844
0.865856
0.865868
0.865880
0.865892
0.865904
0.865916
0.865928
0.865940
0.865951
0.865963
0.865975
0.865987
0.865999
0.866011
0.866023
0.866035
0.866047
0.866059
0.866071
0.866083
0.866095
0.866107
0.866119
0.866131
0.866143
0.866155
0.866167
0.866179
0.866191
0.866203
0.866215
0.866227
0.866239
0.866251
0.866263
0.866275
0.866287
0.866299
0.866311
0.866323
0.866335
0.866347
0.866359
0.866371
0.866383
0.866395
0.866407
0.866419
0.866431
0.866443
0.866455
0.866466
0.866478
0.866490
0.866502
0.866514
0.866526
0.866538
0.866550
0.866562
0.866574
0.866586
0.866598
0.866610
0.866622
0.866634
0.866646
0.866658
0.866670
0.866682
0.866694
0.866706
0.866718
0.866730
0.866742
0.866754
0.866765
0.866777
0.866789
0.866801
0.866813
0.866825
0.866837
0.866849
0.866861
0.866873
0.866885
0.866897
0.866909
0.866921
0.866933
0.866945
0.866957
0.866969
0.866981
0.866993
0.867004
0.867016
0.867028
0.867040
0.867052
0.867064
0.867076
0.867088
0.867100
0.867112
0.867124
0.867136
0.867148
0.867160
0.867172
0.867184
0.867195
0.867207
0.867219
0.867231
0.867243
0.867255
0.867267
0.867279
0.867291
0.867303
0.867315
0.867327
0.867339
0.867351
0.867363
0.867374
0.867386
0.867398
0.867410
0.867422
0.867434
0.867446
0.867458
0.867470
0.867482
0.867494
0.867506
0.867518
0.867529
0.867541
0.867553
0.867565
0.867577
0.867589
0.867601
0.867613
0.867625
0.867637
0.867649
0.867661
0.867673
0.867684
0.867696
0.867708
0.867720
0.867732
0.867744
0.867756
0.867768
0.867780
0.867792
0.867804
0.867815
0.867827
0.867839
0.867851
0.867863
0.867875
0.867887
0.867899
0.867911
0.867923
0.867935
0.867946
0.867958
0.867970
0.867982
0.867994
0.868006
0.868018
0.868030
0.868042
0.868054
0.868065
0.868077
0.868089
0.868101
0.868113
0.868125
0.868137
0.868149
0.868161
0.868173
0.868184
0.868196
0.868208
0.868220
0.868232
0.868244
0.868256
0.868268
0.868280
0.868291
0.868303
0.868315
0.868327
0.868339
0.868351
0.868363
0.868375
0.868387
0.868398
0.868410
0.868422
0.868434
0.868446
0.868458
0.868470
0.868482
0.868493
0.868505
0.868517
0.868529
0.868541
0.868553
0.868565
0.868577
0.868589
0.868600
0.868612
0.868624
0.868636
0.868648
0.868660
0.868672
0.868684
0.868695
0.868707
0.868719
0.868731
0.868743
0.868755
0.868767
0.868778
0.868790
0.868802
0.868814
0.868826
0.868838
0.868850
0.868862
0.868873
0.868885
0.868897
0.868909
0.868921
0.868933
0.868945
0.868956
0.868968
0.868980
0.868992
0.869004
0.869016
0.869028
0.869039
0.869051
0.869063
0.869075
0.869087
0.869099
0.869111
0.869122
0.869134
0.869146
0.869158
0.869170
0.869182
0.869194
0.869205
0.869217
0.869229
0.869241
0.869253
0.869265
0.869277
0.869288
0.869300
0.869312
0.869324
0.869336
0.869348
0.869359
0.869371
0.869383
0.869395
0.869407
0.869419
0.869431
0.869442
0.869454
0.869466
0.869478
0.869490
0.869502
0.869513
0.869525
0.869537
0.869549
0.869561
0.869573
0.869584
0.869596
0.869608
0.869620
0.869632
0.869644
0.869655
0.869667
0.869679
0.869691
0.869703
0.869715
0.869726
0.869738
0.869750
0.869762
0.869774
0.869786
0.869797
0.869809
0.869821
0.869833
0.869845
0.869857
0.869868
0.869880
0.869892
0.869904
0.869916
0.869927
0.869939
0.869951
0.869963
0.869975
0.869987
0.869998
0.870010
0.870022
0.870034
0.870046
0.870057
0.870069
0.870081
0.870093
0.870105
0.870117
0.870128
0.870140
0.870152
0.870164
0.870176
0.870187
0.870199
0.870211
0.870223
0.870235
0.870246
0.870258
0.870270
0.870282
0.870294
0.870305
0.870317
0.870329
0.870341
0.870353
0.870364
0.870376
0.870388
0.870400
0.870412
0.870423
0.870435
0.870447
0.870459
0.870471
0.870482
0.870494
0.870506
0.870518
0.870530
0.870541
0.870553
0.870565
0.870577
0.870589
0.870600
0.870612
0.870624
0.870636
0.870648
0.870659
0.870671
0.870683
0.870695
0.870707
0.870718
0.870730
0.870742
0.870754
0.870765
0.870777
0.870789
0.870801
0.870813
0.870824
0.870836
0.870848
0.870860
0.870872
0.870883
0.870895
0.870907
0.870919
0.870930
0.870942
0.870954
0.870966
0.870978
0.870989
0.871001
0.871013
0.871025
0.871036
0.871048
0.871060
0.871072
0.871083
0.871095
0.871107
0.871119
0.871131
0.871142
0.871154
0.871166
0.871178
0.871189
0.871201
0.871213
0.871225
0.871236
0.871248
0.871260
0.871272
0.871284
0.871295
0.871307
0.871319
0.871331
0.871342
0.871354
0.871366
0.871378
0.871389
0.871401
0.871413
0.871425
0.871436
0.871448
0.871460
0.871472
0.871483
0.871495
0.871507
0.871519
0.871530
0.871542
0.871554
0.871566
0.871577
0.871589
0.871601
0.871613
0.871624
0.871636
0.871648
0.871660
0.871671
0.871683
0.871695
0.871707
0.871718
0.871730
0.871742
0.871754
0.871765
0.871777
0.871789
0.871801
0.871812
0.871824
0.871836
0.871848
0.871859
0.871871
0.871883
0.871895
0.871906
0.871918
0.871930
0.871941
0.871953
0.871965
0.871977
0.871988
0.872000
0.872012
0.872024
0.872035
0.872047
0.872059
0.872071
0.872082
0.872094
0.872106
0.872117
0.872129
0.872141
0.872153
0.872164
0.872176
0.872188
0.872200
0.872211
0.872223
0.872235
0.872246
0.872258
0.872270
0.872282
0.872293
0.872305
0.872317
0.872328
0.872340
0.872352
0.872364
0.872375
0.872387
0.872399
0.872410
0.872422
0.872434
0.872446
0.872457
0.872469
0.872481
0.872492
0.872504
0.872516
0.872528
0.872539
0.872551
0.872563
0.872574
0.872586
0.872598
0.872610
0.872621
0.872633
0.872645
0.872656
0.872668
0.872680
0.872692
0.872703
0.872715
0.872727
0.872738
0.872750
0.872762
0.872773
0.872785
0.872797
0.872809
0.872820
0.872832
0.872844
0.872855
0.872867
0.872879
0.872890
0.872902
0.872914
0.872925
0.872937
0.872949
0.872961
0.872972
0.872984
0.872996
0.873007
0.873019
0.873031
0.873042
0.873054
0.873066
0.873077
0.873089
0.873101
0.873113
0.873124
0.873136
0.873148
0.873159
0.873171
0.873183
0.873194
0.873206
0.873218
0.873229
0.873241
0.873253
0.873264
0.873276
0.873288
0.873299
0.873311
0.873323
0.873334
0.873346
0.873358
0.873369
0.873381
0.873393
0.873404
0.873416
0.873428
0.873439
0.873451
0.873463
0.873475
0.873486
0.873498
0.873510
0.873521
0.873533
0.873545
0.873556
0.873568
0.873580
0.873591
0.873603
0.873615
0.873626
0.873638
0.873649
0.873661
0.873673
0.873684
0.873696
0.873708
0.873719
0.873731
0.873743
0.873754
0.873766
0.873778
0.873789
0.873801
0.873813
0.873824
0.873836
0.873848
0.873859
0.873871
0.873883
0.873894
0.873906
0.873918
0.873929
0.873941
0.873953
0.873964
0.873976
0.873987
0.873999
0.874011
0.874022
0.874034
0.874046
0.874057
0.874069
0.874081
0.874092
0.874104
0.874116
0.874127
0.874139
0.874150
0.874162
0.874174
0.874185
0.874197
0.874209
0.874220
0.874232
0.874244
0.874255
0.874267
0.874279
0.874290
0.874302
0.874313
0.874325
0.874337
0.874348
0.874360
0.874372
0.874383
0.874395
0.874406
0.874418
0.874430
0.874441
0.874453
0.874465
0.874476
0.874488
0.874499
0.874511
0.874523
0.874534
0.874546
0.874558
0.874569
0.874581
0.874592
0.874604
0.874616
0.874627
0.874639
0.874651
0.874662
0.874674
0.874685
0.874697
0.874709
0.874720
0.874732
0.874743
0.874755
0.874767
0.874778
0.874790
0.874802
0.874813
0.874825
0.874836
0.874848
0.874860
0.874871
0.874883
0.874894
0.874906
0.874918
0.874929
0.874941
0.874952
0.874964
0.874976
0.874987
0.874999
0.875011
0.875022
0.875034
0.875045
0.875057
0.875069
0.875080
0.875092
0.875103
0.875115
0.875127
0.875138
0.875150
0.875161
0.875173
0.875184
0.875196
0.875208
0.875219
0.875231
0.875242
0.875254
0.875266
0.875277
0.875289
0.875300
0.875312
0.875324
0.875335
0.875347
0.875358
0.875370
0.875382
0.875393
0.875405
0.875416
0.875428
0.875439
0.875451
0.875463
0.875474
0.875486
0.875497
0.875509
0.875521
0.875532
0.875544
0.875555
0.875567
0.875578
0.875590
0.875602
0.875613
0.875625
0.875636
0.875648
0.875659
0.875671
0.875683
0.875694
0.875706
0.875717
0.875729
0.875741
0.875752
0.875764
0.875775
0.875787
0.875798
0.875810
0.875821
0.875833
0.875845
0.875856
0.875868
0.875879
0.875891
0.875902
0.875914
0.875926
0.875937
0.875949
0.875960
0.875972
0.875983
0.875995
0.876007
0.876018
0.876030
0.876041
0.876053
0.876064
0.876076
0.876087
0.876099
0.876111
0.876122
0.876134
0.876145
0.876157
0.876168
0.876180
0.876191
0.876203
0.876215
0.876226
0.876238
0.876249
0.876261
0.876272
0.876284
0.876295
0.876307
0.876318
0.876330
0.876342
0.876353
0.876365
0.876376
0.876388
0.876399
0.876411
0.876422
0.876434
0.876445
0.876457
0.876469
0.876480
0.876492
0.876503
0.876515
0.876526
0.876538
0.876549
0.876561
0.876572
0.876584
0.876595
0.876607
0.876618
0.876630
0.876642
0.876653
0.876665
0.876676
0.876688
0.876699
0.876711
0.876722
0.876734
0.876745
0.876757
0.876768
0.876780
0.876791
0.876803
0.876814
0.876826
0.876838
0.876849
0.876861
0.876872
0.876884
0.876895
0.876907
0.876918
0.876930
0.876941
0.876953
0.876964
0.876976
0.876987
0.876999
0.877010
0.877022
0.877033
0.877045
0.877056
0.877068
0.877079
0.877091
0.877102
0.877114
0.877125
0.877137
0.877148
0.877160
0.877172
0.877183
0.877195
0.877206
0.877218
0.877229
0.877241
0.877252
0.877264
0.877275
0.877287
0.877298
0.877310
0.877321
0.877333
0.877344
0.877356
0.877367
0.877379
0.877390
0.877402
0.877413
0.877425
0.877436
0.877448
0.877459
0.877471
0.877482
0.877494
0.877505
0.877517
0.877528
0.877540
0.877551
0.877563
0.877574
0.877586
0.877597
0.877608
0.877620
0.877631
0.877643
0.877654
0.877666
0.877677
0.877689
0.877700
0.877712
0.877723
0.877735
0.877746
0.877758
0.877769
0.877781
0.877792
0.877804
0.877815
0.877827
0.877838
0.877850
0.877861
0.877873
0.877884
0.877896
0.877907
0.877919
0.877930
0.877941
0.877953
0.877964
0.877976
0.877987
0.877999
0.878010
0.878022
0.878033
0.878045
0.878056
0.878068
0.878079
0.878091
0.878102
0.878114
0.878125
0.878136
0.878148
0.878159
0.878171
0.878182
0.878194
0.878205
0.878217
0.878228
0.878240
0.878251
0.878263
0.878274
0.878286
0.878297
0.878308
0.878320
0.878331
0.878343
0.878354
0.878366
0.878377
0.878389
0.878400
0.878412
0.878423
0.878434
0.878446
0.878457
0.878469
0.878480
0.878492
0.878503
0.878515
0.878526
0.878538
0.878549
0.878560
0.878572
0.878583
0.878595
0.878606
0.878618
0.878629
0.878641
0.878652
0.878663
0.878675
0.878686
0.878698
0.878709
0.878721
0.878732
0.878744
0.878755
0.878766
0.878778
0.878789
0.878801
0.878812
0.878824
0.878835
0.878846
0.878858
0.878869
0.878881
0.878892
0.878904
0.878915
0.878927
0.878938
0.878949
0.878961
0.878972
0.878984
0.878995
0.879007
0.879018
0.879029
0.879041
0.879052
0.879064
0.879075
0.879086
0.879098
0.879109
0.879121
0.879132
0.879144
0.879155
0.879166
0.879178
0.879189
0.879201
0.879212
0.879224
0.879235
0.879246
0.879258
0.879269
0.879281
0.879292
0.879303
0.879315
0.879326
0.879338
0.879349
0.879361
0.879372
0.879383
0.879395
0.879406
0.879418
0.879429
0.879440
0.879452
0.879463
0.879475
0.879486
0.879497
0.879509
0.879520
0.879532
0.879543
0.879554
0.879566
0.879577
0.879589
0.879600
0.879612
0.879623
0.879634
0.879646
0.879657
0.879669
0.879680
0.879691
0.879703
0.879714
0.879725
0.879737
0.879748
0.879760
0.879771
0.879782
0.879794
0.879805
0.879817
0.879828
0.879839
0.879851
0.879862
0.879874
0.879885
0.879896
0.879908
0.879919
0.879931
0.879942
0.879953
0.879965
0.879976
0.879987
0.879999
0.880010
0.880022
0.880033
0.880044
0.880056
0.880067
0.880079
0.880090
0.880101
0.880113
0.880124
0.880135
0.880147
0.880158
0.880170
0.880181
0.880192
0.880204
0.880215
0.880226
0.880238
0.880249
0.880261
0.880272
0.880283
0.880295
0.880306
0.880317
0.880329
0.880340
0.880352
0.880363
0.880374
0.880386
0.880397
0.880408
0.880420
0.880431
0.880442
0.880454
0.880465
0.880477
0.880488
0.880499
0.880511
0.880522
0.880533
0.880545
0.880556
0.880567
0.880579
0.880590
0.880602
0.880613
0.880624
0.880636
0.880647
0.880658
0.880670
0.880681
0.880692
0.880704
0.880715
0.880726
0.880738
0.880749
0.880760
0.880772
0.880783
0.880795
0.880806
0.880817
0.880829
0.880840
0.880851
0.880863
0.880874
0.880885
0.880897
0.880908
0.880919
0.880931
0.880942
0.880953
0.880965
0.880976
0.880987
0.880999
0.881010
0.881021
0.881033
0.881044
0.881055
0.881067
0.881078
0.881089
0.881101
0.881112
0.881123
0.881135
0.881146
0.881157
0.881169
0.881180
0.881191
0.881203
0.881214
0.881225
0.881237
0.881248
0.881259
0.881271
0.881282
0.881293
0.881305
0.881316
0.881327
0.881339
0.881350
0.881361
0.881373
0.881384
0.881395
0.881407
0.881418
0.881429
0.881441
0.881452
0.881463
0.881475
0.881486
0.881497
0.881509
0.881520
0.881531
0.881542
0.881554
0.881565
0.881576
0.881588
0.881599
0.881610
0.881622
0.881633
0.881644
0.881656
0.881667
0.881678
0.881690
0.881701
0.881712
0.881723
0.881735
0.881746
0.881757
0.881769
0.881780
0.881791
0.881803
0.881814
0.881825
0.881837
0.881848
0.881859
0.881870
0.881882
0.881893
0.881904
0.881916
0.881927
0.881938
0.881950
0.881961
0.881972
0.881983
0.881995
0.882006
0.882017
0.882029
0.882040
0.882051
0.882062
0.882074
0.882085
0.882096
0.882108
0.882119
0.882130
0.882141
0.882153
0.882164
0.882175
0.882187
0.882198
0.882209
0.882221
0.882232
0.882243
0.882254
0.882266
0.882277
0.882288
0.882299
0.882311
0.882322
0.882333
0.882345
0.882356
0.882367
0.882378
0.882390
0.882401
0.882412
0.882424
0.882435
0.882446
0.882457
0.882469
0.882480
0.882491
0.882502
0.882514
0.882525
0.882536
0.882548
0.882559
0.882570
0.882581
0.882593
0.882604
0.882615
0.882626
0.882638
0.882649
0.882660
0.882672
0.882683
0.882694
0.882705
0.882717
0.882728
0.882739
0.882750
0.882762
0.882773
0.882784
0.882795
0.882807
0.882818
0.882829
0.882840
0.882852
0.882863
0.882874
0.882885
0.882897
0.882908
0.882919
0.882930
0.882942
0.882953
0.882964
0.882975
0.882987
0.882998
0.883009
0.883020
0.883032
0.883043
0.883054
0.883065
0.883077
0.883088
0.883099
0.883110
0.883122
0.883133
0.883144
0.883155
0.883167
0.883178
0.883189
0.883200
0.883212
0.883223
0.883234
0.883245
0.883257
0.883268
0.883279
0.883290
0.883302
0.883313
0.883324
0.883335
0.883346
0.883358
0.883369
0.883380
0.883391
0.883403
0.883414
0.883425
0.883436
0.883448
0.883459
0.883470
0.883481
0.883492
0.883504
0.883515
0.883526
0.883537
0.883549
0.883560
0.883571
0.883582
0.883594
0.883605
0.883616
0.883627
0.883638
0.883650
0.883661
0.883672
0.883683
0.883695
0.883706
0.883717
0.883728
0.883739
0.883751
0.883762
0.883773
0.883784
0.883795
0.883807
0.883818
0.883829
0.883840
0.883852
0.883863
0.883874
0.883885
0.883896
0.883908
0.883919
0.883930
0.883941
0.883952
0.883964
0.883975
0.883986
0.883997
0.884008
0.884020
0.884031
0.884042
0.884053
0.884064
0.884076
0.884087
0.884098
0.884109
0.884120
0.884132
0.884143
0.884154
0.884165
0.884176
0.884188
0.884199
0.884210
0.884221
0.884232
0.884244
0.884255
0.884266
0.884277
0.884288
0.884300
0.884311
0.884322
0.884333
0.884344
0.884356
0.884367
0.884378
0.884389
0.884400
0.884411
0.884423
0.884434
0.884445
0.884456
0.884467
0.884479
0.884490
0.884501
0.884512
0.884523
0.884534
0.884546
0.884557
0.884568
0.884579
0.884590
0.884602
0.884613
0.884624
0.884635
0.884646
0.884657
0.884669
0.884680
0.884691
0.884702
0.884713
0.884724
0.884736
0.884747
0.884758
0.884769
0.884780
0.884792
0.884803
0.884814
0.884825
0.884836
0.884847
0.884859
0.884870
0.884881
0.884892
0.884903
0.884914
0.884926
0.884937
0.884948
0.884959
0.884970
0.884981
0.884992
0.885004
0.885015
0.885026
0.885037
0.885048
0.885059
0.885071
0.885082
0.885093
0.885104
0.885115
0.885126
0.885138
0.885149
0.885160
0.885171
0.885182
0.885193
0.885204
0.885216
0.885227
0.885238
0.885249
0.885260
0.885271
0.885282
0.885294
0.885305
0.885316
0.885327
0.885338
0.885349
0.885360
0.885372
0.885383
0.885394
0.885405
0.885416
0.885427
0.885438
0.885450
0.885461
0.885472
0.885483
0.885494
0.885505
0.885516
0.885528
0.885539
0.885550
0.885561
0.885572
0.885583
0.885594
0.885605
0.885617
0.885628
0.885639
0.885650
0.885661
0.885672
0.885683
0.885695
0.885706
0.885717
0.885728
0.885739
0.885750
0.885761
0.885772
0.885784
0.885795
0.885806
0.885817
0.885828
0.885839
0.885850
0.885861
0.885873
0.885884
0.885895
0.885906
0.885917
0.885928
0.885939
0.885950
0.885961
0.885973
0.885984
0.885995
0.886006
0.886017
0.886028
0.886039
0.886050
0.886061
0.886073
0.886084
0.886095
0.886106
0.886117
0.886128
0.886139
0.886150
0.886161
0.886173
0.886184
0.886195
0.886206
0.886217
0.886228
0.886239
0.886250
0.886261
0.886272
0.886284
0.886295
0.886306
0.886317
0.886328
0.886339
0.886350
0.886361
0.886372
0.886383
0.886395
0.886406
0.886417
0.886428
0.886439
0.886450
0.886461
0.886472
0.886483
0.886494
0.886506
0.886517
0.886528
0.886539
0.886550
0.886561
0.886572
0.886583
0.886594
0.886605
0.886616
0.886627
0.886639
0.886650
0.886661
0.886672
0.886683
0.886694
0.886705
0.886716
0.886727
0.886738
0.886749
0.886760
0.886772
0.886783
0.886794
0.886805
0.886816
0.886827
0.886838
0.886849
0.886860
0.886871
0.886882
0.886893
0.886904
0.886916
0.886927
0.886938
0.886949
0.886960
0.886971
0.886982
0.886993
0.887004
0.887015
0.887026
0.887037
0.887048
0.887059
0.887070
0.887082
0.887093
0.887104
0.887115
0.887126
0.887137
0.887148
0.887159
0.887170
0.887181
0.887192
0.887203
0.887214
0.887225
0.887236
0.887247
0.887258
0.887270
0.887281
0.887292
0.887303
0.887314
0.887325
0.887336
0.887347
0.887358
0.887369
0.887380
0.887391
0.887402
0.887413
0.887424
0.887435
0.887446
0.887457
0.887468
0.887480
0.887491
0.887502
0.887513
0.887524
0.887535
0.887546
0.887557
0.887568
0.887579
0.887590
0.887601
0.887612
0.887623
0.887634
0.887645
0.887656
0.887667
0.887678
0.887689
0.887700
0.887711
0.887722
0.887733
0.887744
0.887755
0.887767
0.887778
0.887789
0.887800
0.887811
0.887822
0.887833
0.887844
0.887855
0.887866
0.887877
0.887888
0.887899
0.887910
0.887921
0.887932
0.887943
0.887954
0.887965
0.887976
0.887987
0.887998
0.888009
0.888020
0.888031
0.888042
0.888053
0.888064
0.888075
0.888086
0.888097
0.888108
0.888119
0.888130
0.888141
0.888152
0.888163
0.888174
0.888185
0.888196
0.888207
0.888218
0.888229
0.888240
0.888251
0.888262
0.888273
0.888284
0.888296
0.888307
0.888318
0.888329
0.888340
0.888351
0.888362
0.888373
0.888384
0.888395
0.888406
0.888417
0.888428
0.888439
0.888450
0.888461
0.888472
0.888483
0.888494
0.888505
0.888516
0.888527
0.888538
0.888549
0.888560
0.888571
0.888582
0.888593
0.888604
0.888615
0.888626
0.888637
0.888647
0.888658
0.888669
0.888680
0.888691
0.888702
0.888713
0.888724
0.888735
0.888746
0.888757
0.888768
0.888779
0.888790
0.888801
0.888812
0.888823
0.888834
0.888845
0.888856
0.888867
0.888878
0.888889
0.888900
0.888911
0.888922
0.888933
0.888944
0.888955
0.888966
0.888977
0.888988
0.888999
0.889010
0.889021
0.889032
0.889043
0.889054
0.889065
0.889076
0.889087
0.889098
0.889109
0.889120
0.889131
0.889142
0.889153
0.889164
0.889175
0.889185
0.889196
0.889207
0.889218
0.889229
0.889240
0.889251
0.889262
0.889273
0.889284
0.889295
0.889306
0.889317
0.889328
0.889339
0.889350
0.889361
0.889372
0.889383
0.889394
0.889405
0.889416
0.889427
0.889438
0.889449
0.889459
0.889470
0.889481
0.889492
0.889503
0.889514
0.889525
0.889536
0.889547
0.889558
0.889569
0.889580
0.889591
0.889602
0.889613
0.889624
0.889635
0.889646
0.889657
0.889668
0.889678
0.889689
0.889700
0.889711
0.889722
0.889733
0.889744
0.889755
0.889766
0.889777
0.889788
0.889799
0.889810
0.889821
0.889832
0.889843
0.889853
0.889864
0.889875
0.889886
0.889897
0.889908
0.889919
0.889930
0.889941
0.889952
0.889963
0.889974
0.889985
0.889996
0.890007
0.890017
0.890028
0.890039
0.890050
0.890061
0.890072
0.890083
0.890094
0.890105
0.890116
0.890127
0.890138
0.890149
0.890159
0.890170
0.890181
0.890192
0.890203
0.890214
0.890225
0.890236
0.890247
0.890258
0.890269
0.890280
0.890291
0.890301
0.890312
0.890323
0.890334
0.890345
0.890356
0.890367
0.890378
0.890389
0.890400
0.890411
0.890421
0.890432
0.890443
0.890454
0.890465
0.890476
0.890487
0.890498
0.890509
0.890520
0.890531
0.890541
0.890552
0.890563
0.890574
0.890585
0.890596
0.890607
0.890618
0.890629
0.890640
0.890650
0.890661
0.890672
0.890683
0.890694
0.890705
0.890716
0.890727
0.890738
0.890748
0.890759
0.890770
0.890781
0.890792
0.890803
0.890814
0.890825
0.890836
0.890847
0.890857
0.890868
0.890879
0.890890
0.890901
0.890912
0.890923
0.890934
0.890944
0.890955
0.890966
0.890977
0.890988
0.890999
0.891010
0.891021
0.891032
0.891042
0.891053
0.891064
0.891075
0.891086
0.891097
0.891108
0.891119
0.891129
0.891140
0.891151
0.891162
0.891173
0.891184
0.891195
0.891206
0.891216
0.891227
0.891238
0.891249
0.891260
0.891271
0.891282
0.891293
0.891303
0.891314
0.891325
0.891336
0.891347
0.891358
0.891369
0.891379
0.891390
0.891401
0.891412
0.891423
0.891434
0.891445
0.891455
0.891466
0.891477
0.891488
0.891499
0.891510
0.891521
0.891532
0.891542
0.891553
0.891564
0.891575
0.891586
0.891597
0.891607
0.891618
0.891629
0.891640
0.891651
0.891662
0.891673
0.891683
0.891694
0.891705
0.891716
0.891727
0.891738
0.891749
0.891759
0.891770
0.891781
0.891792
0.891803
0.891814
0.891824
0.891835
0.891846
0.891857
0.891868
0.891879
0.891889
0.891900
0.891911
0.891922
0.891933
0.891944
0.891955
0.891965
0.891976
0.891987
0.891998
0.892009
0.892020
0.892030
0.892041
0.892052
0.892063
0.892074
0.892085
0.892095
0.892106
0.892117
0.892128
0.892139
0.892150
0.892160
0.892171
0.892182
0.892193
0.892204
0.892214
0.892225
0.892236
0.892247
0.892258
0.892269
0.892279
0.892290
0.892301
0.892312
0.892323
0.892333
0.892344
0.892355
0.892366
0.892377
0.892388
0.892398
0.892409
0.892420
0.892431
0.892442
0.892452
0.892463
0.892474
0.892485
0.892496
0.892507
0.892517
0.892528
0.892539
0.892550
0.892561
0.892571
0.892582
0.892593
0.892604
0.892615
0.892625
0.892636
0.892647
0.892658
0.892669
0.892679
0.892690
0.892701
0.892712
0.892723
0.892733
0.892744
0.892755
0.892766
0.892777
0.892787
0.892798
0.892809
0.892820
0.892831
0.892841
0.892852
0.892863
0.892874
0.892885
0.892895
0.892906
0.892917
0.892928
0.892939
0.892949
0.892960
0.892971
0.892982
0.892992
0.893003
0.893014
0.893025
0.893036
0.893046
0.893057
0.893068
0.893079
0.893090
0.893100
0.893111
0.893122
0.893133
0.893143
0.893154
0.893165
0.893176
0.893187
0.893197
0.893208
0.893219
0.893230
0.893240
0.893251
0.893262
0.893273
0.893284
0.893294
0.893305
0.893316
0.893327
0.893337
0.893348
0.893359
0.893370
0.893381
0.893391
0.893402
0.893413
0.893424
0.893434
0.893445
0.893456
0.893467
0.893477
0.893488
0.893499
0.893510
0.893520
0.893531
0.893542
0.893553
0.893564
0.893574
0.893585
0.893596
0.893607
0.893617
0.893628
0.893639
0.893650
0.893660
0.893671
0.893682
0.893693
0.893703
0.893714
0.893725
0.893736
0.893746
0.893757
0.893768
0.893779
0.893789
0.893800
0.893811
0.893822
0.893832
0.893843
0.893854
0.893865
0.893875
0.893886
0.893897
0.893908
0.893918
0.893929
0.893940
0.893951
0.893961
0.893972
0.893983
0.893994
0.894004
0.894015
0.894026
0.894036
0.894047
0.894058
0.894069
0.894079
0.894090
0.894101
0.894112
0.894122
0.894133
0.894144
0.894155
0.894165
0.894176
0.894187
0.894197
0.894208
0.894219
0.894230
0.894240
0.894251
0.894262
0.894273
0.894283
0.894294
0.894305
0.894315
0.894326
0.894337
0.894348
0.894358
0.894369
0.894380
0.894391
0.894401
0.894412
0.894423
0.894433
0.894444
0.894455
0.894466
0.894476
0.894487
0.894498
0.894508
0.894519
0.894530
0.894541
0.894551
0.894562
0.894573
0.894583
0.894594
0.894605
0.894616
0.894626
0.894637
0.894648
0.894658
0.894669
0.894680
0.894691
0.894701
0.894712
0.894723
0.894733
0.894744
0.894755
0.894765
0.894776
0.894787
0.894798
0.894808
0.894819
0.894830
0.894840
0.894851
0.894862
0.894872
0.894883
0.894894
0.894905
0.894915
0.894926
0.894937
0.894947
0.894958
0.894969
0.894979
0.894990
0.895001
0.895011
0.895022
0.895033
0.895044
0.895054
0.895065
0.895076
0.895086
0.895097
0.895108
0.895118
0.895129
0.895140
0.895150
0.895161
0.895172
0.895182
0.895193
0.895204
0.895215
0.895225
0.895236
0.895247
0.895257
0.895268
0.895279
0.895289
0.895300
0.895311
0.895321
0.895332
0.895343
0.895353
0.895364
0.895375
0.895385
0.895396
0.895407
0.895417
0.895428
0.895439
0.895449
0.895460
0.895471
0.895481
0.895492
0.895503
0.895513
0.895524
0.895535
0.895545
0.895556
0.895567
0.895577
0.895588
0.895599
0.895609
0.895620
0.895631
0.895641
0.895652
0.895663
0.895673
0.895684
0.895695
0.895705
0.895716
0.895727
0.895737
0.895748
0.895759
0.895769
0.895780
0.895791
0.895801
0.895812
0.895822
0.895833
0.895844
0.895854
0.895865
0.895876
0.895886
0.895897
0.895908
0.895918
0.895929
0.895940
0.895950
0.895961
0.895972
0.895982
0.895993
0.896004
0.896014
0.896025
0.896035
0.896046
0.896057
0.896067
0.896078
0.896089
0.896099
0.896110
0.896121
0.896131
0.896142
0.896152
0.896163
0.896174
0.896184
0.896195
0.896206
0.896216
0.896227
0.896238
0.896248
0.896259
0.896269
0.896280
0.896291
0.896301
0.896312
0.896323
0.896333
0.896344
0.896354
0.896365
0.896376
0.896386
0.896397
0.896408
0.896418
0.896429
0.896439
0.896450
0.896461
0.896471
0.896482
0.896493
0.896503
0.896514
0.896524
0.896535
0.896546
0.896556
0.896567
0.896577
0.896588
0.896599
0.896609
0.896620
0.896631
0.896641
0.896652
0.896662
0.896673
0.896684
0.896694
0.896705
0.896715
0.896726
0.896737
0.896747
0.896758
0.896768
0.896779
0.896790
0.896800
0.896811
0.896821
0.896832
0.896843
0.896853
0.896864
0.896875
0.896885
0.896896
0.896906
0.896917
0.896928
0.896938
0.896949
0.896959
0.896970
0.896980
0.896991
0.897002
0.897012
0.897023
0.897033
0.897044
0.897055
0.897065
0.897076
0.897086
0.897097
0.897108
0.897118
0.897129
0.897139
0.897150
0.897161
0.897171
0.897182
0.897192
0.897203
0.897213
0.897224
0.897235
0.897245
0.897256
0.897266
0.897277
0.897288
0.897298
0.897309
0.897319
0.897330
0.897340
0.897351
0.897362
0.897372
0.897383
0.897393
0.897404
0.897414
0.897425
0.897436
0.897446
0.897457
0.897467
0.897478
0.897488
0.897499
0.897510
0.897520
0.897531
0.897541
0.897552
0.897562
0.897573
0.897584
0.897594
0.897605
0.897615
0.897626
0.897636
0.897647
0.897658
0.897668
0.897679
0.897689
0.897700
0.897710
0.897721
0.897731
0.897742
0.897753
0.897763
0.897774
0.897784
0.897795
0.897805
0.897816
0.897827
0.897837
0.897848
0.897858
0.897869
0.897879
0.897890
0.897900
0.897911
0.897921
0.897932
0.897943
0.897953
0.897964
0.897974
0.897985
0.897995
0.898006
0.898016
0.898027
0.898037
0.898048
0.898059
0.898069
0.898080
0.898090
0.898101
0.898111
0.898122
0.898132
0.898143
0.898153
0.898164
0.898175
0.898185
0.898196
0.898206
0.898217
0.898227
0.898238
0.898248
0.898259
0.898269
0.898280
0.898290
0.898301
0.898311
0.898322
0.898333
0.898343
0.898354
0.898364
0.898375
0.898385
0.898396
0.898406
0.898417
0.898427
0.898438
0.898448
0.898459
0.898469
0.898480
0.898490
0.898501
0.898511
0.898522
0.898532
0.898543
0.898554
0.898564
0.898575
0.898585
0.898596
0.898606
0.898617
0.898627
0.898638
0.898648
0.898659
0.898669
0.898680
0.898690
0.898701
0.898711
0.898722
0.898732
0.898743
0.898753
0.898764
0.898774
0.898785
0.898795
0.898806
0.898816
0.898827
0.898837
0.898848
0.898858
0.898869
0.898879
0.898890
0.898900
0.898911
0.898921
0.898932
0.898942
0.898953
0.898963
0.898974
0.898984
0.898995
0.899005
0.899016
0.899026
0.899037
0.899047
0.899058
0.899068
0.899079
0.899089
0.899100
0.899110
0.899121
0.899131
0.899142
0.899152
0.899163
0.899173
0.899184
0.899194
0.899205
0.899215
0.899226
0.899236
0.899247
0.899257
0.899268
0.899278
0.899289
0.899299
0.899310
0.899320
0.899331
0.899341
0.899351
0.899362
0.899372
0.899383
0.899393
0.899404
0.899414
0.899425
0.899435
0.899446
0.899456
0.899467
0.899477
0.899488
0.899498
0.899509
0.899519
0.899530
0.899540
0.899550
0.899561
0.899571
0.899582
0.899592
0.899603
0.899613
0.899624
0.899634
0.899645
0.899655
0.899666
0.899676
0.899687
0.899697
0.899707
0.899718
0.899728
0.899739
0.899749
0.899760
0.899770
0.899781
0.899791
0.899802
0.899812
0.899823
0.899833
0.899843
0.899854
0.899864
0.899875
0.899885
0.899896
0.899906
0.899917
0.899927
0.899938
0.899948
0.899958
0.899969
0.899979
0.899990
0.900000
0.900011
0.900021
0.900032
0.900042
0.900052
0.900063
0.900073
0.900084
0.900094
0.900105
0.900115
0.900126
0.900136
0.900146
0.900157
0.900167
0.900178
0.900188
0.900199
0.900209
0.900220
0.900230
0.900240
0.900251
0.900261
0.900272
0.900282
0.900293
0.900303
0.900313
0.900324
0.900334
0.900345
0.900355
0.900366
0.900376
0.900386
0.900397
0.900407
0.900418
0.900428
0.900439
0.900449
0.900459
0.900470
0.900480
0.900491
0.900501
0.900512
0.900522
0.900532
0.900543
0.900553
0.900564
0.900574
0.900584
0.900595
0.900605
0.900616
0.900626
0.900637
0.900647
0.900657
0.900668
0.900678
0.900689
0.900699
0.900709
0.900720
0.900730
0.900741
0.900751
0.900762
0.900772
0.900782
0.900793
0.900803
0.900814
0.900824
0.900834
0.900845
0.900855
0.900866
0.900876
0.900886
0.900897
0.900907
0.900918
0.900928
0.900938
0.900949
0.900959
0.900970
0.900980
0.900990
0.901001
0.901011
0.901022
0.901032
0.901042
0.901053
0.901063
0.901074
0.901084
0.901094
0.901105
0.901115
0.901126
0.901136
0.901146
0.901157
0.901167
0.901177
0.901188
0.901198
0.901209
0.901219
0.901229
0.901240
0.901250
0.901261
0.901271
0.901281
0.901292
0.901302
0.901313
0.901323
0.901333
0.901344
0.901354
0.901364
0.901375
0.901385
0.901396
0.901406
0.901416
0.901427
0.901437
0.901447
0.901458
0.901468
0.901479
0.901489
0.901499
0.901510
0.901520
0.901530
0.901541
0.901551
0.901562
0.901572
0.901582
0.901593
0.901603
0.901613
0.901624
0.901634
0.901644
0.901655
0.901665
0.901676
0.901686
0.901696
0.901707
0.901717
0.901727
0.901738
0.901748
0.901758
0.901769
0.901779
0.901790
0.901800
0.901810
0.901821
0.901831
0.901841
0.901852
0.901862
0.901872
0.901883
0.901893
0.901903
0.901914
0.901924
0.901935
0.901945
0.901955
0.901966
0.901976
0.901986
0.901997
0.902007
0.902017
0.902028
0.902038
0.902048
0.902059
0.902069
0.902079
0.902090
0.902100
0.902110
0.902121
0.902131
0.902141
0.902152
0.902162
0.902172
0.902183
0.902193
0.902203
0.902214
0.902224
0.902234
0.902245
0.902255
0.902266
0.902276
0.902286
0.902297
0.902307
0.902317
0.902327
0.902338
0.902348
0.902358
0.902369
0.902379
0.902389
0.902400
0.902410
0.902420
0.902431
0.902441
0.902451
0.902462
0.902472
0.902482
0.902493
0.902503
0.902513
0.902524
0.902534
0.902544
0.902555
0.902565
0.902575
0.902586
0.902596
0.902606
0.902617
0.902627
0.902637
0.902648
0.902658
0.902668
0.902678
0.902689
0.902699
0.902709
0.902720
0.902730
0.902740
0.902751
0.902761
0.902771
0.902782
0.902792
0.902802
0.902813
0.902823
0.902833
0.902843
0.902854
0.902864
0.902874
0.902885
0.902895
0.902905
0.902916
0.902926
0.902936
0.902946
0.902957
0.902967
0.902977
0.902988
0.902998
0.903008
0.903019
0.903029
0.903039
0.903049
0.903060
0.903070
0.903080
0.903091
0.903101
0.903111
0.903121
0.903132
0.903142
0.903152
0.903163
0.903173
0.903183
0.903194
0.903204
0.903214
0.903224
0.903235
0.903245
0.903255
0.903266
0.903276
0.903286
0.903296
0.903307
0.903317
0.903327
0.903338
0.903348
0.903358
0.903368
0.903379
0.903389
0.903399
0.903409
0.903420
0.903430
0.903440
0.903451
0.903461
0.903471
0.903481
0.903492
0.903502
0.903512
0.903522
0.903533
0.903543
0.903553
0.903564
0.903574
0.903584
0.903594
0.903605
0.903615
0.903625
0.903635
0.903646
0.903656
0.903666
0.903676
0.903687
0.903697
0.903707
0.903718
0.903728
0.903738
0.903748
0.903759
0.903769
0.903779
0.903789
0.903800
0.903810
0.903820
0.903830
0.903841
0.903851
0.903861
0.903871
0.903882
0.903892
0.903902
0.903912
0.903923
0.903933
0.903943
0.903953
0.903964
0.903974
0.903984
0.903994
0.904005
0.904015
0.904025
0.904035
0.904046
0.904056
0.904066
0.904076
0.904087
0.904097
0.904107
0.904117
0.904128
0.904138
0.904148
0.904158
0.904169
0.904179
0.904189
0.904199
0.904210
0.904220
0.904230
0.904240
0.904250
0.904261
0.904271
0.904281
0.904291
0.904302
0.904312
0.904322
0.904332
0.904343
0.904353
0.904363
0.904373
0.904383
0.904394
0.904404
0.904414
0.904424
0.904435
0.904445
0.904455
0.904465
0.904475
0.904486
0.904496
0.904506
0.904516
0.904527
0.904537
0.904547
0.904557
0.904567
0.904578
0.904588
0.904598
0.904608
0.904619
0.904629
0.904639
0.904649
0.904659
0.904670
0.904680
0.904690
0.904700
0.904710
0.904721
0.904731
0.904741
0.904751
0.904762
0.904772
0.904782
0.904792
0.904802
0.904813
0.904823
0.904833
0.904843
0.904853
0.904864
0.904874
0.904884
0.904894
0.904904
0.904915
0.904925
0.904935
0.904945
0.904955
0.904966
0.904976
0.904986
0.904996
0.905006
0.905017
0.905027
0.905037
0.905047
0.905057
0.905068
0.905078
0.905088
0.905098
0.905108
0.905119
0.905129
0.905139
0.905149
0.905159
0.905169
0.905180
0.905190
0.905200
0.905210
0.905220
0.905231
0.905241
0.905251
0.905261
0.905271
0.905281
0.905292
0.905302
0.905312
0.905322
0.905332
0.905343
0.905353
0.905363
0.905373
0.905383
0.905393
0.905404
0.905414
0.905424
0.905434
0.905444
0.905455
0.905465
0.905475
0.905485
0.905495
0.905505
0.905516
0.905526
0.905536
0.905546
0.905556
0.905566
0.905577
0.905587
0.905597
0.905607
0.905617
0.905627
0.905638
0.905648
0.905658
0.905668
0.905678
0.905688
0.905699
0.905709
0.905719
0.905729
0.905739
0.905749
0.905759
0.905770
0.905780
0.905790
0.905800
0.905810
0.905820
0.905831
0.905841
0.905851
0.905861
0.905871
0.905881
0.905891
0.905902
0.905912
0.905922
0.905932
0.905942
0.905952
0.905963
0.905973
0.905983
0.905993
0.906003
0.906013
0.906023
0.906034
0.906044
0.906054
0.906064
0.906074
0.906084
0.906094
0.906105
0.906115
0.906125
0.906135
0.906145
0.906155
0.906165
0.906175
0.906186
0.906196
0.906206
0.906216
0.906226
0.906236
0.906246
0.906257
0.906267
0.906277
0.906287
0.906297
0.906307
0.906317
0.906327
0.906338
0.906348
0.906358
0.906368
0.906378
0.906388
0.906398
0.906408
0.906419
0.906429
0.906439
0.906449
0.906459
0.906469
0.906479
0.906489
0.906500
0.906510
0.906520
0.906530
0.906540
0.906550
0.906560
0.906570
0.906581
0.906591
0.906601
0.906611
0.906621
0.906631
0.906641
0.906651
0.906661
0.906672
0.906682
0.906692
0.906702
0.906712
0.906722
0.906732
0.906742
0.906752
0.906763
0.906773
0.906783
0.906793
0.906803
0.906813
0.906823
0.906833
0.906843
0.906853
0.906864
0.906874
0.906884
0.906894
0.906904
0.906914
0.906924
0.906934
0.906944
0.906954
0.906965
0.906975
0.906985
0.906995
0.907005
0.907015
0.907025
0.907035
0.907045
0.907055
0.907065
0.907076
0.907086
0.907096
0.907106
0.907116
0.907126
0.907136
0.907146
0.907156
0.907166
0.907176
0.907187
0.907197
0.907207
0.907217
0.907227
0.907237
0.907247
0.907257
0.907267
0.907277
0.907287
0.907297
0.907307
0.907318
0.907328
0.907338
0.907348
0.907358
0.907368
0.907378
0.907388
0.907398
0.907408
0.907418
0.907428
0.907438
0.907449
0.907459
0.907469
0.907479
0.907489
0.907499
0.907509
0.907519
0.907529
0.907539
0.907549
0.907559
0.907569
0.907579
0.907589
0.907600
0.907610
0.907620
0.907630
0.907640
0.907650
0.907660
0.907670
0.907680
0.907690
0.907700
0.907710
0.907720
0.907730
0.907740
0.907750
0.907760
0.907771
0.907781
0.907791
0.907801
0.907811
0.907821
0.907831
0.907841
0.907851
0.907861
0.907871
0.907881
0.907891
0.907901
0.907911
0.907921
0.907931
0.907941
0.907951
0.907961
0.907972
0.907982
0.907992
0.908002
0.908012
0.908022
0.908032
0.908042
0.908052
0.908062
0.908072
0.908082
0.908092
0.908102
0.908112
0.908122
0.908132
0.908142
0.908152
0.908162
0.908172
0.908182
0.908192
0.908202
0.908212
0.908222
0.908232
0.908242
0.908253
0.908263
0.908273
0.908283
0.908293
0.908303
0.908313
0.908323
0.908333
0.908343
0.908353
0.908363
0.908373
0.908383
0.908393
0.908403
0.908413
0.908423
0.908433
0.908443
0.908453
0.908463
0.908473
0.908483
0.908493
0.908503
0.908513
0.908523
0.908533
0.908543
0.908553
0.908563
0.908573
0.908583
0.908593
0.908603
0.908613
0.908623
0.908633
0.908643
0.908653
0.908663
0.908673
0.908683
0.908693
0.908703
0.908713
0.908723
0.908733
0.908743
0.908753
0.908763
0.908773
0.908783
0.908793
0.908803
0.908813
0.908823
0.908833
0.908843
0.908853
0.908863
0.908873
0.908883
0.908893
0.908903
0.908913
0.908923
0.908933
0.908943
0.908953
0.908963
0.908973
0.908983
0.908993
0.909003
0.909013
0.909023
0.909033
0.909043
0.909053
0.909063
0.909073
0.909083
0.909093
0.909103
0.909113
0.909123
0.909133
0.909143
0.909153
0.909163
0.909173
0.909183
0.909193
0.909203
0.909213
0.909223
0.909233
0.909243
0.909253
0.909263
0.909273
0.909283
0.909293
0.909303
0.909313
0.909323
0.909333
0.909343
0.909353
0.909363
0.909372
0.909382
0.909392
0.909402
0.909412
0.909422
0.909432
0.909442
0.909452
0.909462
0.909472
0.909482
0.909492
0.909502
0.909512
0.909522
0.909532
0.909542
0.909552
0.909562
0.909572
0.909582
0.909592
0.909602
0.909612
0.909622
0.909632
0.909641
0.909651
0.909661
0.909671
0.909681
0.909691
0.909701
0.909711
0.909721
0.909731
0.909741
0.909751
0.909761
0.909771
0.909781
0.909791
0.909801
0.909811
0.909821
0.909831
0.909841
0.909850
0.909860
0.909870
0.909880
0.909890
0.909900
0.909910
0.909920
0.909930
0.909940
0.909950
0.909960
0.909970
0.909980
0.909990
0.910000
0.910010
0.910019
0.910029
0.910039
0.910049
0.910059
0.910069
0.910079
0.910089
0.910099
0.910109
0.910119
0.910129
0.910139
0.910149
0.910159
0.910168
0.910178
0.910188
0.910198
0.910208
0.910218
0.910228
0.910238
0.910248
0.910258
0.910268
0.910278
0.910288
0.910297
0.910307
0.910317
0.910327
0.910337
0.910347
0.910357
0.910367
0.910377
0.910387
0.910397
0.910407
0.910417
0.910426
0.910436
0.910446
0.910456
0.910466
0.910476
0.910486
0.910496
0.910506
0.910516
0.910526
0.910535
0.910545
0.910555
0.910565
0.910575
0.910585
0.910595
0.910605
0.910615
0.910625
0.910635
0.910644
0.910654
0.910664
0.910674
0.910684
0.910694
0.910704
0.910714
0.910724
0.910734
0.910743
0.910753
0.910763
0.910773
0.910783
0.910793
0.910803
0.910813
0.910823
0.910832
0.910842
0.910852
0.910862
0.910872
0.910882
0.910892
0.910902
0.910912
0.910922
0.910931
0.910941
0.910951
0.910961
0.910971
0.910981
0.910991
0.911001
0.911010
0.911020
0.911030
0.911040
0.911050
0.911060
0.911070
0.911080
0.911090
0.911099
0.911109
0.911119
0.911129
0.911139
0.911149
0.911159
0.911169
0.911178
0.911188
0.911198
0.911208
0.911218
0.911228
0.911238
0.911248
0.911257
0.911267
0.911277
0.911287
0.911297
0.911307
0.911317
0.911327
0.911336
0.911346
0.911356
0.911366
0.911376
0.911386
0.911396
0.911405
0.911415
0.911425
0.911435
0.911445
0.911455
0.911465
0.911474
0.911484
0.911494
0.911504
0.911514
0.911524
0.911534
0.911543
0.911553
0.911563
0.911573
0.911583
0.911593
0.911603
0.911612
0.911622
0.911632
0.911642
0.911652
0.911662
0.911672
0.911681
0.911691
0.911701
0.911711
0.911721
0.911731
0.911740
0.911750
0.911760
0.911770
0.911780
0.911790
0.911800
0.911809
0.911819
0.911829
0.911839
0.911849
0.911859
0.911868
0.911878
0.911888
0.911898
0.911908
0.911918
0.911927
0.911937
0.911947
0.911957
0.911967
0.911977
0.911986
0.911996
0.912006
0.912016
0.912026
0.912036
0.912045
0.912055
0.912065
0.912075
0.912085
0.912095
0.912104
0.912114
0.912124
0.912134
0.912144
0.912154
0.912163
0.912173
0.912183
0.912193
0.912203
0.912212
0.912222
0.912232
0.912242
0.912252
0.912262
0.912271
0.912281
0.912291
0.912301
0.912311
0.912320
0.912330
0.912340
0.912350
0.912360
0.912370
0.912379
0.912389
0.912399
0.912409
0.912419
0.912428
0.912438
0.912448
0.912458
0.912468
0.912477
0.912487
0.912497
0.912507
0.912517
0.912526
0.912536
0.912546
0.912556
0.912566
0.912575
0.912585
0.912595
0.912605
0.912615
0.912624
0.912634
0.912644
0.912654
0.912664
0.912673
0.912683
0.912693
0.912703
0.912713
0.912722
0.912732
0.912742
0.912752
0.912762
0.912771
0.912781
0.912791
0.912801
0.912811
0.912820
0.912830
0.912840
0.912850
0.912859
0.912869
0.912879
0.912889
0.912899
0.912908
0.912918
0.912928
0.912938
0.912948
0.912957
0.912967
0.912977
0.912987
0.912996
0.913006
0.913016
0.913026
0.913036
0.913045
0.913055
0.913065
0.913075
0.913084
0.913094
0.913104
0.913114
0.913123
0.913133
0.913143
0.913153
0.913163
0.913172
0.913182
0.913192
0.913202
0.913211
0.913221
0.913231
0.913241
0.913250
0.913260
0.913270
0.913280
0.913290
0.913299
0.913309
0.913319
0.913329
0.913338
0.913348
0.913358
0.913368
0.913377
0.913387
0.913397
0.913407
0.913416
0.913426
0.913436
0.913446
0.913455
0.913465
0.913475
0.913485
0.913494
0.913504
0.913514
0.913524
0.913533
0.913543
0.913553
0.913563
0.913572
0.913582
0.913592
0.913602
0.913611
0.913621
0.913631
0.913641
0.913650
0.913660
0.913670
0.913680
0.913689
0.913699
0.913709
0.913719
0.913728
0.913738
0.913748
0.913758
0.913767
0.913777
0.913787
0.913796
0.913806
0.913816
0.913826
0.913835
0.913845
0.913855
0.913865
0.913874
0.913884
0.913894
0.913904
0.913913
0.913923
0.913933
0.913942
0.913952
0.913962
0.913972
0.913981
0.913991
0.914001
0.914011
0.914020
0.914030
0.914040
0.914049
0.914059
0.914069
0.914079
0.914088
0.914098
0.914108
0.914117
0.914127
0.914137
0.914147
0.914156
0.914166
0.914176
0.914185
0.914195
0.914205
0.914215
0.914224
0.914234
0.914244
0.914253
0.914263
0.914273
0.914283
0.914292
0.914302
0.914312
0.914321
0.914331
0.914341
0.914351
0.914360
0.914370
0.914380
0.914389
0.914399
0.914409
0.914418
0.914428
0.914438
0.914448
0.914457
0.914467
0.914477
0.914486
0.914496
0.914506
0.914515
0.914525
0.914535
0.914545
0.914554
0.914564
0.914574
0.914583
0.914593
0.914603
0.914612
0.914622
0.914632
0.914641
0.914651
0.914661
0.914671
0.914680
0.914690
0.914700
0.914709
0.914719
0.914729
0.914738
0.914748
0.914758
0.914767
0.914777
0.914787
0.914796
0.914806
0.914816
0.914825
0.914835
0.914845
0.914855
0.914864
0.914874
0.914884
0.914893
0.914903
0.914913
0.914922
0.914932
0.914942
0.914951
0.914961
0.914971
0.914980
0.914990
0.915000
0.915009
0.915019
0.915029
0.915038
0.915048
0.915058
0.915067
0.915077
0.915087
0.915096
0.915106
0.915116
0.915125
0.915135
0.915145
0.915154
0.915164
0.915174
0.915183
0.915193
0.915203
0.915212
0.915222
0.915232
0.915241
0.915251
0.915261
0.915270
0.915280
0.915289
0.915299
0.915309
0.915318
0.915328
0.915338
0.915347
0.915357
0.915367
0.915376
0.915386
0.915396
0.915405
0.915415
0.915425
0.915434
0.915444
0.915454
0.915463
0.915473
0.915482
0.915492
0.915502
0.915511
0.915521
0.915531
0.915540
0.915550
0.915560
0.915569
0.915579
0.915589
0.915598
0.915608
0.915617
0.915627
0.915637
0.915646
0.915656
0.915666
0.915675
0.915685
0.915695
0.915704
0.915714
0.915723
0.915733
0.915743
0.915752
0.915762
0.915772
0.915781
0.915791
0.915800
0.915810
0.915820
0.915829
0.915839
0.915849
0.915858
0.915868
0.915877
0.915887
0.915897
0.915906
0.915916
0.915926
0.915935
0.915945
0.915954
0.915964
0.915974
0.915983
0.915993
0.916002
0.916012
0.916022
0.916031
0.916041
0.916051
0.916060
0.916070
0.916079
0.916089
0.916099
0.916108
0.916118
0.916127
0.916137
0.916147
0.916156
0.916166
0.916175
0.916185
0.916195
0.916204
0.916214
0.916223
0.916233
0.916243
0.916252
0.916262
0.916272
0.916281
0.916291
0.916300
0.916310
0.916320
0.916329
0.916339
0.916348
0.916358
0.916367
0.916377
0.916387
0.916396
0.916406
0.916415
0.916425
0.916435
0.916444
0.916454
0.916463
0.916473
0.916483
0.916492
0.916502
0.916511
0.916521
0.916531
0.916540
0.916550
0.916559
0.916569
0.916578
0.916588
0.916598
0.916607
0.916617
0.916626
0.916636
0.916646
0.916655
0.916665
0.916674
0.916684
0.916693
0.916703
0.916713
0.916722
0.916732
0.916741
0.916751
0.916760
0.916770
0.916780
0.916789
0.916799
0.916808
0.916818
0.916827
0.916837
0.916847
0.916856
0.916866
0.916875
0.916885
0.916894
0.916904
0.916914
0.916923
0.916933
0.916942
0.916952
0.916961
0.916971
0.916981
0.916990
0.917000
0.917009
0.917019
0.917028
0.917038
0.917047
0.917057
0.917067
0.917076
0.917086
0.917095
0.917105
0.917114
0.917124
0.917133
0.917143
0.917153
0.917162
0.917172
0.917181
0.917191
0.917200
0.917210
0.917219
0.917229
0.917238
0.917248
0.917258
0.917267
0.917277
0.917286
0.917296
0.917305
0.917315
0.917324
0.917334
0.917343
0.917353
0.917363
0.917372
0.917382
0.917391
0.917401
0.917410
0.917420
0.917429
0.917439
0.917448
0.917458
0.917467
0.917477
0.917487
0.917496
0.917506
0.917515
0.917525
0.917534
0.917544
0.917553
0.917563
0.917572
0.917582
0.917591
0.917601
0.917610
0.917620
0.917630
0.917639
0.917649
0.917658
0.917668
0.917677
0.917687
0.917696
0.917706
0.917715
0.917725
0.917734
0.917744
0.917753
0.917763
0.917772
0.917782
0.917791
0.917801
0.917810
0.917820
0.917829
0.917839
0.917848
0.917858
0.917867
0.917877
0.917887
0.917896
0.917906
0.917915
0.917925
0.917934
0.917944
0.917953
0.917963
0.917972
0.917982
0.917991
0.918001
0.918010
0.918020
0.918029
0.918039
0.918048
0.918058
0.918067
0.918077
0.918086
0.918096
0.918105
0.918115
0.918124
0.918134
0.918143
0.918153
0.918162
0.918172
0.918181
0.918191
0.918200
0.918210
0.918219
0.918229
0.918238
0.918248
0.918257
0.918267
0.918276
0.918286
0.918295
0.918305
0.918314
0.918323
0.918333
0.918342
0.918352
0.918361
0.918371
0.918380
0.918390
0.918399
0.918409
0.918418
0.918428
0.918437
0.918447
0.918456
0.918466
0.918475
0.918485
0.918494
0.918504
0.918513
0.918523
0.918532
0.918542
0.918551
0.918561
0.918570
0.918579
0.918589
0.918598
0.918608
0.918617
0.918627
0.918636
0.918646
0.918655
0.918665
0.918674
0.918684
0.918693
0.918703
0.918712
0.918721
0.918731
0.918740
0.918750
0.918759
0.918769
0.918778
0.918788
0.918797
0.918807
0.918816
0.918826
0.918835
0.918845
0.918854
0.918863
0.918873
0.918882
0.918892
0.918901
0.918911
0.918920
0.918930
0.918939
0.918949
0.918958
0.918967
0.918977
0.918986
0.918996
0.919005
0.919015
0.919024
0.919034
0.919043
0.919052
0.919062
0.919071
0.919081
0.919090
0.919100
0.919109
0.919119
0.919128
0.919137
0.919147
0.919156
0.919166
0.919175
0.919185
0.919194
0.919204
0.919213
0.919222
0.919232
0.919241
0.919251
0.919260
0.919270
0.919279
0.919288
0.919298
0.919307
0.919317
0.919326
0.919336
0.919345
0.919354
0.919364
0.919373
0.919383
0.919392
0.919402
0.919411
0.919420
0.919430
0.919439
0.919449
0.919458
0.919468
0.919477
0.919486
0.919496
0.919505
0.919515
0.919524
0.919534
0.919543
0.919552
0.919562
0.919571
0.919581
0.919590
0.919599
0.919609
0.919618
0.919628
0.919637
0.919647
0.919656
0.919665
0.919675
0.919684
0.919694
0.919703
0.919712
0.919722
0.919731
0.919741
0.919750
0.919759
0.919769
0.919778
0.919788
0.919797
0.919807
0.919816
0.919825
0.919835
0.919844
0.919854
0.919863
0.919872
0.919882
0.919891
0.919901
0.919910
0.919919
0.919929
0.919938
0.919948
0.919957
0.919966
0.919976
0.919985
0.919994
0.920004
0.920013
0.920023
0.920032
0.920041
0.920051
0.920060
0.920070
0.920079
0.920088
0.920098
0.920107
0.920117
0.920126
0.920135
0.920145
0.920154
0.920164
0.920173
0.920182
0.920192
0.920201
0.920210
0.920220
0.920229
0.920239
0.920248
0.920257
0.920267
0.920276
0.920285
0.920295
0.920304
0.920314
0.920323
0.920332
0.920342
0.920351
0.920360
0.920370
0.920379
0.920389
0.920398
0.920407
0.920417
0.920426
0.920435
0.920445
0.920454
0.920464
0.920473
0.920482
0.920492
0.920501
0.920510
0.920520
0.920529
0.920538
0.920548
0.920557
0.920567
0.920576
0.920585
0.920595
0.920604
0.920613
0.920623
0.920632
0.920641
0.920651
0.920660
0.920669
0.920679
0.920688
0.920698
0.920707
0.920716
0.920726
0.920735
0.920744
0.920754
0.920763
0.920772
0.920782
0.920791
0.920800
0.920810
0.920819
0.920828
0.920838
0.920847
0.920857
0.920866
0.920875
0.920885
0.920894
0.920903
0.920913
0.920922
0.920931
0.920941
0.920950
0.920959
0.920969
0.920978
0.920987
0.920997
0.921006
0.921015
0.921025
0.921034
0.921043
0.921053
0.921062
0.921071
0.921081
0.921090
0.921099
0.921109
0.921118
0.921127
0.921137
0.921146
0.921155
0.921165
0.921174
0.921183
0.921193
0.921202
0.921211
0.921221
0.921230
0.921239
0.921249
0.921258
0.921267
0.921277
0.921286
0.921295
0.921304
0.921314
0.921323
0.921332
0.921342
0.921351
0.921360
0.921370
0.921379
0.921388
0.921398
0.921407
0.921416
0.921426
0.921435
0.921444
0.921454
0.921463
0.921472
0.921481
0.921491
0.921500
0.921509
0.921519
0.921528
0.921537
0.921547
0.921556
0.921565
0.921575
0.921584
0.921593
0.921602
0.921612
0.921621
0.921630
0.921640
0.921649
0.921658
0.921668
0.921677
0.921686
0.921695
0.921705
0.921714
0.921723
0.921733
0.921742
0.921751
0.921761
0.921770
0.921779
0.921788
0.921798
0.921807
0.921816
0.921826
0.921835
0.921844
0.921853
0.921863
0.921872
0.921881
0.921891
0.921900
0.921909
0.921918
0.921928
0.921937
0.921946
0.921956
0.921965
0.921974
0.921983
0.921993
0.922002
0.922011
0.922021
0.922030
0.922039
0.922048
0.922058
0.922067
0.922076
0.922085
0.922095
0.922104
0.922113
0.922123
0.922132
0.922141
0.922150
0.922160
0.922169
0.922178
0.922187
0.922197
0.922206
0.922215
0.922225
0.922234
0.922243
0.922252
0.922262
0.922271
0.922280
0.922289
0.922299
0.922308
0.922317
0.922326
0.922336
0.922345
0.922354
0.922364
0.922373
0.922382
0.922391
0.922401
0.922410
0.922419
0.922428
0.922438
0.922447
0.922456
0.922465
0.922475
0.922484
0.922493
0.922502
0.922512
0.922521
0.922530
0.922539
0.922549
0.922558
0.922567
0.922576
0.922586
0.922595
0.922604
0.922613
0.922623
0.922632
0.922641
0.922650
0.922660
0.922669
0.922678
0.922687
0.922697
0.922706
0.922715
0.922724
0.922733
0.922743
0.922752
0.922761
0.922770
0.922780
0.922789
0.922798
0.922807
0.922817
0.922826
0.922835
0.922844
0.922854
0.922863
0.922872
0.922881
0.922890
0.922900
0.922909
0.922918
0.922927
0.922937
0.922946
0.922955
0.922964
0.922973
0.922983
0.922992
0.923001
0.923010
0.923020
0.923029
0.923038
0.923047
0.923056
0.923066
0.923075
0.923084
0.923093
0.923103
0.923112
0.923121
0.923130
0.923139
0.923149
0.923158
0.923167
0.923176
0.923186
0.923195
0.923204
0.923213
0.923222
0.923232
0.923241
0.923250
0.923259
0.923268
0.923278
0.923287
0.923296
0.923305
0.923314
0.923324
0.923333
0.923342
0.923351
0.923360
0.923370
0.923379
0.923388
0.923397
0.923406
0.923416
0.923425
0.923434
0.923443
0.923452
0.923462
0.923471
0.923480
0.923489
0.923498
0.923508
0.923517
0.923526
0.923535
0.923544
0.923554
0.923563
0.923572
0.923581
0.923590
0.923600
0.923609
0.923618
0.923627
0.923636
0.923645
0.923655
0.923664
0.923673
0.923682
0.923691
0.923701
0.923710
0.923719
0.923728
0.923737
0.923746
0.923756
0.923765
0.923774
0.923783
0.923792
0.923802
0.923811
0.923820
0.923829
0.923838
0.923847
0.923857
0.923866
0.923875
0.923884
0.923893
0.923902
0.923912
0.923921
0.923930
0.923939
0.923948
0.923957
0.923967
0.923976
0.923985
0.923994
0.924003
0.924012
0.924022
0.924031
0.924040
0.924049
0.924058
0.924067
0.924077
0.924086
0.924095
0.924104
0.924113
0.924122
0.924132
0.924141
0.924150
0.924159
0.924168
0.924177
0.924187
0.924196
0.924205
0.924214
0.924223
0.924232
0.924241
0.924251
0.924260
0.924269
0.924278
0.924287
0.924296
0.924305
0.924315
0.924324
0.924333
0.924342
0.924351
0.924360
0.924369
0.924379
0.924388
0.924397
0.924406
0.924415
0.924424
0.924433
0.924443
0.924452
0.924461
0.924470
0.924479
0.924488
0.924497
0.924507
0.924516
0.924525
0.924534
0.924543
0.924552
0.924561
0.924571
0.924580
0.924589
0.924598
0.924607
0.924616
0.924625
0.924634
0.924644
0.924653
0.924662
0.924671
0.924680
0.924689
0.924698
0.924707
0.924717
0.924726
0.924735
0.924744
0.924753
0.924762
0.924771
0.924780
0.924790
0.924799
0.924808
0.924817
0.924826
0.924835
0.924844
0.924853
0.924862
0.924872
0.924881
0.924890
0.924899
0.924908
0.924917
0.924926
0.924935
0.924945
0.924954
0.924963
0.924972
0.924981
0.924990
0.924999
0.925008
0.925017
0.925026
0.925036
0.925045
0.925054
0.925063
0.925072
0.925081
0.925090
0.925099
0.925108
0.925118
0.925127
0.925136
0.925145
0.925154
0.925163
0.925172
0.925181
0.925190
0.925199
0.925208
0.925218
0.925227
0.925236
0.925245
0.925254
0.925263
0.925272
0.925281
0.925290
0.925299
0.925308
0.925318
0.925327
0.925336
0.925345
0.925354
0.925363
0.925372
0.925381
0.925390
0.925399
0.925408
0.925418
0.925427
0.925436
0.925445
0.925454
0.925463
0.925472
0.925481
0.925490
0.925499
0.925508
0.925517
0.925526
0.925536
0.925545
0.925554
0.925563
0.925572
0.925581
0.925590
0.925599
0.925608
0.925617
0.925626
0.925635
0.925644
0.925654
0.925663
0.925672
0.925681
0.925690
0.925699
0.925708
0.925717
0.925726
0.925735
0.925744
0.925753
0.925762
0.925771
0.925780
0.925789
0.925799
0.925808
0.925817
0.925826
0.925835
0.925844
0.925853
0.925862
0.925871
0.925880
0.925889
0.925898
0.925907
0.925916
0.925925
0.925934
0.925943
0.925952
0.925962
0.925971
0.925980
0.925989
0.925998
0.926007
0.926016
0.926025
0.926034
0.926043
0.926052
0.926061
0.926070
0.926079
0.926088
0.926097
0.926106
0.926115
0.926124
0.926133
0.926142
0.926151
0.926161
0.926170
0.926179
0.926188
0.926197
0.926206
0.926215
0.926224
0.926233
0.926242
0.926251
0.926260
0.926269
0.926278
0.926287
0.926296
0.926305
0.926314
0.926323
0.926332
0.926341
0.926350
0.926359
0.926368
0.926377
0.926386
0.926395
0.926404
0.926413
0.926422
0.926431
0.926440
0.926450
0.926459
0.926468
0.926477
0.926486
0.926495
0.926504
0.926513
0.926522
0.926531
0.926540
0.926549
0.926558
0.926567
0.926576
0.926585
0.926594
0.926603
0.926612
0.926621
0.926630
0.926639
0.926648
0.926657
0.926666
0.926675
0.926684
0.926693
0.926702
0.926711
0.926720
0.926729
0.926738
0.926747
0.926756
0.926765
0.926774
0.926783
0.926792
0.926801
0.926810
0.926819
0.926828
0.926837
0.926846
0.926855
0.926864
0.926873
0.926882
0.926891
0.926900
0.926909
0.926918
0.926927
0.926936
0.926945
0.926954
0.926963
0.926972
0.926981
0.926990
0.926999
0.927008
0.927017
0.927026
0.927035
0.927044
0.927053
0.927062
0.927071
0.927080
0.927089
0.927098
0.927107
0.927116
0.927125
0.927134
0.927143
0.927152
0.927161
0.927170
0.927179
0.927188
0.927197
0.927206
0.927214
0.927223
0.927232
0.927241
0.927250
0.927259
0.927268
0.927277
0.927286
0.927295
0.927304
0.927313
0.927322
0.927331
0.927340
0.927349
0.927358
0.927367
0.927376
0.927385
0.927394
0.927403
0.927412
0.927421
0.927430
0.927439
0.927448
0.927457
0.927466
0.927475
0.927484
0.927493
0.927501
0.927510
0.927519
0.927528
0.927537
0.927546
0.927555
0.927564
0.927573
0.927582
0.927591
0.927600
0.927609
0.927618
0.927627
0.927636
0.927645
0.927654
0.927663
0.927672
0.927681
0.927690
0.927698
0.927707
0.927716
0.927725
0.927734
0.927743
0.927752
0.927761
0.927770
0.927779
0.927788
0.927797
0.927806
0.927815
0.927824
0.927833
0.927842
0.927850
0.927859
0.927868
0.927877
0.927886
0.927895
0.927904
0.927913
0.927922
0.927931
0.927940
0.927949
0.927958
0.927967
0.927976
0.927985
0.927993
0.928002
0.928011
0.928020
0.928029
0.928038
0.928047
0.928056
0.928065
0.928074
0.928083
0.928092
0.928101
0.928110
0.928118
0.928127
0.928136
0.928145
0.928154
0.928163
0.928172
0.928181
0.928190
0.928199
0.928208
0.928217
0.928225
0.928234
0.928243
0.928252
0.928261
0.928270
0.928279
0.928288
0.928297
0.928306
0.928315
0.928324
0.928332
0.928341
0.928350
0.928359
0.928368
0.928377
0.928386
0.928395
0.928404
0.928413
0.928422
0.928430
0.928439
0.928448
0.928457
0.928466
0.928475
0.928484
0.928493
0.928502
0.928511
0.928519
0.928528
0.928537
0.928546
0.928555
0.928564
0.928573
0.928582
0.928591
0.928599
0.928608
0.928617
0.928626
0.928635
0.928644
0.928653
0.928662
0.928671
0.928680
0.928688
0.928697
0.928706
0.928715
0.928724
0.928733
0.928742
0.928751
0.928760
0.928768
0.928777
0.928786
0.928795
0.928804
0.928813
0.928822
0.928831
0.928839
0.928848
0.928857
0.928866
0.928875
0.928884
0.928893
0.928902
0.928910
0.928919
0.928928
0.928937
0.928946
0.928955
0.928964
0.928973
0.928981
0.928990
0.928999
0.929008
0.929017
0.929026
0.929035
0.929044
0.929052
0.929061
0.929070
0.929079
0.929088
0.929097
0.929106
0.929114
0.929123
0.929132
0.929141
0.929150
0.929159
0.929168
0.929177
0.929185
0.929194
0.929203
0.929212
0.929221
0.929230
0.929239
0.929247
0.929256
0.929265
0.929274
0.929283
0.929292
0.929300
0.929309
0.929318
0.929327
0.929336
0.929345
0.929354
0.929362
0.929371
0.929380
0.929389
0.929398
0.929407
0.929416
0.929424
0.929433
0.929442
0.929451
0.929460
0.929469
0.929477
0.929486
0.929495
0.929504
0.929513
0.929522
0.929530
0.929539
0.929548
0.929557
0.929566
0.929575
0.929583
0.929592
0.929601
0.929610
0.929619
0.929628
0.929636
0.929645
0.929654
0.929663
0.929672
0.929681
0.929689
0.929698
0.929707
0.929716
0.929725
0.929734
0.929742
0.929751
0.929760
0.929769
0.929778
0.929787
0.929795
0.929804
0.929813
0.929822
0.929831
0.929839
0.929848
0.929857
0.929866
0.929875
0.929884
0.929892
0.929901
0.929910
0.929919
0.929928
0.929936
0.929945
0.929954
0.929963
0.929972
0.929981
0.929989
0.929998
0.930007
0.930016
0.930025
0.930033
0.930042
0.930051
0.930060
0.930069
0.930077
0.930086
0.930095
0.930104
0.930113
0.930121
0.930130
0.930139
0.930148
0.930157
0.930165
0.930174
0.930183
0.930192
0.930201
0.930209
0.930218
0.930227
0.930236
0.930245
0.930253
0.930262
0.930271
0.930280
0.930289
0.930297
0.930306
0.930315
0.930324
0.930333
0.930341
0.930350
0.930359
0.930368
0.930376
0.930385
0.930394
0.930403
0.930412
0.930420
0.930429
0.930438
0.930447
0.930456
0.930464
0.930473
0.930482
0.930491
0.930499
0.930508
0.930517
0.930526
0.930535
0.930543
0.930552
0.930561
0.930570
0.930578
0.930587
0.930596
0.930605
0.930614
0.930622
0.930631
0.930640
0.930649
0.930657
0.930666
0.930675
0.930684
0.930692
0.930701
0.930710
0.930719
0.930728
0.930736
0.930745
0.930754
0.930763
0.930771
0.930780
0.930789
0.930798
0.930806
0.930815
0.930824
0.930833
0.930841
0.930850
0.930859
0.930868
0.930876
0.930885
0.930894
0.930903
0.930911
0.930920
0.930929
0.930938
0.930946
0.930955
0.930964
0.930973
0.930981
0.930990
0.930999
0.931008
0.931016
0.931025
0.931034
0.931043
0.931051
0.931060
0.931069
0.931078
0.931086
0.931095
0.931104
0.931113
0.931121
0.931130
0.931139
0.931148
0.931156
0.931165
0.931174
0.931183
0.931191
0.931200
0.931209
0.931218
0.931226
0.931235
0.931244
0.931252
0.931261
0.931270
0.931279
0.931287
0.931296
0.931305
0.931314
0.931322
0.931331
0.931340
0.931349
0.931357
0.931366
0.931375
0.931383
0.931392
0.931401
0.931410
0.931418
0.931427
0.931436
0.931445
0.931453
0.931462
0.931471
0.931479
0.931488
0.931497
0.931506
0.931514
0.931523
0.931532
0.931540
0.931549
0.931558
0.931567
0.931575
0.931584
0.931593
0.931601
0.931610
0.931619
0.931628
0.931636
0.931645
0.931654
0.931662
0.931671
0.931680
0.931688
0.931697
0.931706
0.931715
0.931723
0.931732
0.931741
0.931749
0.931758
0.931767
0.931776
0.931784
0.931793
0.931802
0.931810
0.931819
0.931828
0.931836
0.931845
0.931854
0.931863
0.931871
0.931880
0.931889
0.931897
0.931906
0.931915
0.931923
0.931932
0.931941
0.931949
0.931958
0.931967
0.931976
0.931984
0.931993
0.932002
0.932010
0.932019
0.932028
0.932036
0.932045
0.932054
0.932062
0.932071
0.932080
0.932088
0.932097
0.932106
0.932114
0.932123
0.932132
0.932141
0.932149
0.932158
0.932167
0.932175
0.932184
0.932193
0.932201
0.932210
0.932219
0.932227
0.932236
0.932245
0.932253
0.932262
0.932271
0.932279
0.932288
0.932297
0.932305
0.932314
0.932323
0.932331
0.932340
0.932349
0.932357
0.932366
0.932375
0.932383
0.932392
0.932401
0.932409
0.932418
0.932427
0.932435
0.932444
0.932453
0.932461
0.932470
0.932479
0.932487
0.932496
0.932505
0.932513
0.932522
0.932531
0.932539
0.932548
0.932556
0.932565
0.932574
0.932582
0.932591
0.932600
0.932608
0.932617
0.932626
0.932634
0.932643
0.932652
0.932660
0.932669
0.932678
0.932686
0.932695
0.932704
0.932712
0.932721
0.932729
0.932738
0.932747
0.932755
0.932764
0.932773
0.932781
0.932790
0.932799
0.932807
0.932816
0.932824
0.932833
0.932842
0.932850
0.932859
0.932868
0.932876
0.932885
0.932894
0.932902
0.932911
0.932919
0.932928
0.932937
0.932945
0.932954
0.932963
0.932971
0.932980
0.932988
0.932997
0.933006
0.933014
0.933023
0.933032
0.933040
0.933049
0.933057
0.933066
0.933075
0.933083
0.933092
0.933101
0.933109
0.933118
0.933126
0.933135
0.933144
0.933152
0.933161
0.933170
0.933178
0.933187
0.933195
0.933204
0.933213
0.933221
0.933230
0.933238
0.933247
0.933256
0.933264
0.933273
0.933281
0.933290
0.933299
0.933307
0.933316
0.933325
0.933333
0.933342
0.933350
0.933359
0.933368
0.933376
0.933385
0.933393
0.933402
0.933411
0.933419
0.933428
0.933436
0.933445
0.933454
0.933462
0.933471
0.933479
0.933488
0.933497
0.933505
0.933514
0.933522
0.933531
0.933539
0.933548
0.933557
0.933565
0.933574
0.933582
0.933591
0.933600
0.933608
0.933617
0.933625
0.933634
0.933643
0.933651
0.933660
0.933668
0.933677
0.933685
0.933694
0.933703
0.933711
0.933720
0.933728
0.933737
0.933746
0.933754
0.933763
0.933771
0.933780
0.933788
0.933797
0.933806
0.933814
0.933823
0.933831
0.933840
0.933848
0.933857
0.933866
0.933874
0.933883
0.933891
0.933900
0.933908
0.933917
0.933926
0.933934
0.933943
0.933951
0.933960
0.933968
0.933977
0.933986
0.933994
0.934003
0.934011
0.934020
0.934028
0.934037
0.934045
0.934054
0.934063
0.934071
0.934080
0.934088
0.934097
0.934105
0.934114
0.934122
0.934131
0.934140
0.934148
0.934157
0.934165
0.934174
0.934182
0.934191
0.934199
0.934208
0.934217
0.934225
0.934234
0.934242
0.934251
0.934259
0.934268
0.934276
0.934285
0.934294
0.934302
0.934311
0.934319
0.934328
0.934336
0.934345
0.934353
0.934362
0.934370
0.934379
0.934387
0.934396
0.934405
0.934413
0.934422
0.934430
0.934439
0.934447
0.934456
0.934464
0.934473
0.934481
0.934490
0.934498
0.934507
0.934515
0.934524
0.934533
0.934541
0.934550
0.934558
0.934567
0.934575
0.934584
0.934592
0.934601
0.934609
0.934618
0.934626
0.934635
0.934643
0.934652
0.934660
0.934669
0.934677
0.934686
0.934695
0.934703
0.934712
0.934720
0.934729
0.934737
0.934746
0.934754
0.934763
0.934771
0.934780
0.934788
0.934797
0.934805
0.934814
0.934822
0.934831
0.934839
0.934848
0.934856
0.934865
0.934873
0.934882
0.934890
0.934899
0.934907
0.934916
0.934924
0.934933
0.934941
0.934950
0.934958
0.934967
0.934975
0.934984
0.934992
0.935001
0.935009
0.935018
0.935026
0.935035
0.935043
0.935052
0.935060
0.935069
0.935077
0.935086
0.935094
0.935103
0.935111
0.935120
0.935128
0.935137
0.935145
0.935154
0.935162
0.935171
0.935179
0.935188
0.935196
0.935205
0.935213
0.935222
0.935230
0.935239
0.935247
0.935256
0.935264
0.935273
0.935281
0.935290
0.935298
0.935307
0.935315
0.935324
0.935332
0.935340
0.935349
0.935357
0.935366
0.935374
0.935383
0.935391
0.935400
0.935408
0.935417
0.935425
0.935434
0.935442
0.935451
0.935459
0.935468
0.935476
0.935485
0.935493
0.935501
0.935510
0.935518
0.935527
0.935535
0.935544
0.935552
0.935561
0.935569
0.935578
0.935586
0.935595
0.935603
0.935612
0.935620
0.935628
0.935637
0.935645
0.935654
0.935662
0.935671
0.935679
0.935688
0.935696
0.935705
0.935713
0.935721
0.935730
0.935738
0.935747
0.935755
0.935764
0.935772
0.935781
0.935789
0.935798
0.935806
0.935814
0.935823
0.935831
0.935840
0.935848
0.935857
0.935865
0.935874
0.935882
0.935890
0.935899
0.935907
0.935916
0.935924
0.935933
0.935941
0.935950
0.935958
0.935966
0.935975
0.935983
0.935992
0.936000
0.936009
0.936017
0.936025
0.936034
0.936042
0.936051
0.936059
0.936068
0.936076
0.936085
0.936093
0.936101
0.936110
0.936118
0.936127
0.936135
0.936144
0.936152
0.936160
0.936169
0.936177
0.936186
0.936194
0.936203
0.936211
0.936219
0.936228
0.936236
0.936245
0.936253
0.936261
0.936270
0.936278
0.936287
0.936295
0.936304
0.936312
0.936320
0.936329
0.936337
0.936346
0.936354
0.936362
0.936371
0.936379
0.936388
0.936396
0.936405
0.936413
0.936421
0.936430
0.936438
0.936447
0.936455
0.936463
0.936472
0.936480
0.936489
0.936497
0.936505
0.936514
0.936522
0.936531
0.936539
0.936547
0.936556
0.936564
0.936573
0.936581
0.936589
0.936598
0.936606
0.936615
0.936623
0.936631
0.936640
0.936648
0.936657
0.936665
0.936673
0.936682
0.936690
0.936699
0.936707
0.936715
0.936724
0.936732
0.936741
0.936749
0.936757
0.936766
0.936774
0.936782
0.936791
0.936799
0.936808
0.936816
0.936824
0.936833
0.936841
0.936850
0.936858
0.936866
0.936875
0.936883
0.936891
0.936900
0.936908
0.936917
0.936925
0.936933
0.936942
0.936950
0.936958
0.936967
0.936975
0.936984
0.936992
0.937000
0.937009
0.937017
0.937025
0.937034
0.937042
0.937051
0.937059
0.937067
0.937076
0.937084
0.937092
0.937101
0.937109
0.937118
0.937126
0.937134
0.937143
0.937151
0.937159
0.937168
0.937176
0.937184
0.937193
0.937201
0.937210
0.937218
0.937226
0.937235
0.937243
0.937251
0.937260
0.937268
0.937276
0.937285
0.937293
0.937301
0.937310
0.937318
0.937326
0.937335
0.937343
0.937352
0.937360
0.937368
0.937377
0.937385
0.937393
0.937402
0.937410
0.937418
0.937427
0.937435
0.937443
0.937452
0.937460
0.937468
0.937477
0.937485
0.937493
0.937502
0.937510
0.937518
0.937527
0.937535
0.937543
0.937552
0.937560
0.937568
0.937577
0.937585
0.937593
0.937602
0.937610
0.937618
0.937627
0.937635
0.937643
0.937652
0.937660
0.937668
0.937677
0.937685
0.937693
0.937702
0.937710
0.937718
0.937727
0.937735
0.937743
0.937752
0.937760
0.937768
0.937777
0.937785
0.937793
0.937802
0.937810
0.937818
0.937827
0.937835
0.937843
0.937852
0.937860
0.937868
0.937877
0.937885
0.937893
0.937901
0.937910
0.937918
0.937926
0.937935
0.937943
0.937951
0.937960
0.937968
0.937976
0.937985
0.937993
0.938001
0.938010
0.938018
0.938026
0.938034
0.938043
0.938051
0.938059
0.938068
0.938076
0.938084
0.938093
0.938101
0.938109
0.938117
0.938126
0.938134
0.938142
0.938151
0.938159
0.938167
0.938176
0.938184
0.938192
0.938200
0.938209
0.938217
0.938225
0.938234
0.938242
0.938250
0.938259
0.938267
0.938275
0.938283
0.938292
0.938300
0.938308
0.938317
0.938325
0.938333
0.938341
0.938350
0.938358
0.938366
0.938375
0.938383
0.938391
0.938399
0.938408
0.938416
0.938424
0.938433
0.938441
0.938449
0.938457
0.938466
0.938474
0.938482
0.938490
0.938499
0.938507
0.938515
0.938524
0.938532
0.938540
0.938548
0.938557
0.938565
0.938573
0.938581
0.938590
0.938598
0.938606
0.938615
0.938623
0.938631
0.938639
0.938648
0.938656
0.938664
0.938672
0.938681
0.938689
0.938697
0.938705
0.938714
0.938722
0.938730
0.938739
0.938747
0.938755
0.938763
0.938772
0.938780
0.938788
0.938796
0.938805
0.938813
0.938821
0.938829
0.938838
0.938846
0.938854
0.938862
0.938871
0.938879
0.938887
0.938895
0.938904
0.938912
0.938920
0.938928
0.938937
0.938945
0.938953
0.938961
0.938970
0.938978
0.938986
0.938994
0.939003
0.939011
0.939019
0.939027
0.939036
0.939044
0.939052
0.939060
0.939068
0.939077
0.939085
0.939093
0.939101
0.939110
0.939118
0.939126
0.939134
0.939143
0.939151
0.939159
0.939167
0.939176
0.939184
0.939192
0.939200
0.939208
0.939217
0.939225
0.939233
0.939241
0.939250
0.939258
0.939266
0.939274
0.939283
0.939291
0.939299
0.939307
0.939315
0.939324
0.939332
0.939340
0.939348
0.939357
0.939365
0.939373
0.939381
0.939389
0.939398
0.939406
0.939414
0.939422
0.939430
0.939439
0.939447
0.939455
0.939463
0.939472
0.939480
0.939488
0.939496
0.939504
0.939513
0.939521
0.939529
0.939537
0.939545
0.939554
0.939562
0.939570
0.939578
0.939586
0.939595
0.939603
0.939611
0.939619
0.939627
0.939636
0.939644
0.939652
0.939660
0.939668
0.939677
0.939685
0.939693
0.939701
0.939709
0.939718
0.939726
0.939734
0.939742
0.939750
0.939759
0.939767
0.939775
0.939783
0.939791
0.939800
0.939808
0.939816
0.939824
0.939832
0.939841
0.939849
0.939857
0.939865
0.939873
0.939881
0.939890
0.939898
0.939906
0.939914
0.939922
0.939931
0.939939
0.939947
0.939955
0.939963
0.939971
0.939980
0.939988
0.939996
0.940004
0.940012
0.940021
0.940029
0.940037
0.940045
0.940053
0.940061
0.940070
0.940078
0.940086
0.940094
0.940102
0.940110
0.940119
0.940127
0.940135
0.940143
0.940151
0.940159
0.940168
0.940176
0.940184
0.940192
0.940200
0.940208
0.940217
0.940225
0.940233
0.940241
0.940249
0.940257
0.940266
0.940274
0.940282
0.940290
0.940298
0.940306
0.940315
0.940323
0.940331
0.940339
0.940347
0.940355
0.940363
0.940372
0.940380
0.940388
0.940396
0.940404
0.940412
0.940421
0.940429
0.940437
0.940445
0.940453
0.940461
0.940469
0.940478
0.940486
0.940494
0.940502
0.940510
0.940518
0.940526
0.940535
0.940543
0.940551
0.940559
0.940567
0.940575
0.940583
0.940592
0.940600
0.940608
0.940616
0.940624
0.940632
0.940640
0.940649
0.940657
0.940665
0.940673
0.940681
0.940689
0.940697
0.940705
0.940714
0.940722
0.940730
0.940738
0.940746
0.940754
0.940762
0.940770
0.940779
0.940787
0.940795
0.940803
0.940811
0.940819
0.940827
0.940835
0.940844
0.940852
0.940860
0.940868
0.940876
0.940884
0.940892
0.940900
0.940909
0.940917
0.940925
0.940933
0.940941
0.940949
0.940957
0.940965
0.940973
0.940982
0.940990
0.940998
0.941006
0.941014
0.941022
0.941030
0.941038
0.941046
0.941055
0.941063
0.941071
0.941079
0.941087
0.941095
0.941103
0.941111
0.941119
0.941127
0.941136
0.941144
0.941152
0.941160
0.941168
0.941176
0.941184
0.941192
0.941200
0.941208
0.941217
0.941225
0.941233
0.941241
0.941249
0.941257
0.941265
0.941273
0.941281
0.941289
0.941298
0.941306
0.941314
0.941322
0.941330
0.941338
0.941346
0.941354
0.941362
0.941370
0.941378
0.941387
0.941395
0.941403
0.941411
0.941419
0.941427
0.941435
0.941443
0.941451
0.941459
0.941467
0.941475
0.941483
0.941492
0.941500
0.941508
0.941516
0.941524
0.941532
0.941540
0.941548
0.941556
0.941564
0.941572
0.941580
0.941588
0.941597
0.941605
0.941613
0.941621
0.941629
0.941637
0.941645
0.941653
0.941661
0.941669
0.941677
0.941685
0.941693
0.941701
0.941709
0.941718
0.941726
0.941734
0.941742
0.941750
0.941758
0.941766
0.941774
0.941782
0.941790
0.941798
0.941806
0.941814
0.941822
0.941830
0.941838
0.941846
0.941855
0.941863
0.941871
0.941879
0.941887
0.941895
0.941903
0.941911
0.941919
0.941927
0.941935
0.941943
0.941951
0.941959
0.941967
0.941975
0.941983
0.941991
0.941999
0.942007
0.942016
0.942024
0.942032
0.942040
0.942048
0.942056
0.942064
0.942072
0.942080
0.942088
0.942096
0.942104
0.942112
0.942120
0.942128
0.942136
0.942144
0.942152
0.942160
0.942168
0.942176
0.942184
0.942192
0.942200
0.942208
0.942216
0.942224
0.942232
0.942241
0.942249
0.942257
0.942265
0.942273
0.942281
0.942289
0.942297
0.942305
0.942313
0.942321
0.942329
0.942337
0.942345
0.942353
0.942361
0.942369
0.942377
0.942385
0.942393
0.942401
0.942409
0.942417
0.942425
0.942433
0.942441
0.942449
0.942457
0.942465
0.942473
0.942481
0.942489
0.942497
0.942505
0.942513
0.942521
0.942529
0.942537
0.942545
0.942553
0.942561
0.942569
0.942577
0.942585
0.942593
0.942601
0.942609
0.942617
0.942625
0.942633
0.942641
0.942649
0.942657
0.942665
0.942673
0.942681
0.942689
0.942697
0.942705
0.942713
0.942721
0.942729
0.942737
0.942745
0.942753
0.942761
0.942769
0.942777
0.942785
0.942793
0.942801
0.942809
0.942817
0.942825
0.942833
0.942841
0.942849
0.942857
0.942865
0.942873
0.942881
0.942889
0.942897
0.942905
0.942913
0.942921
0.942929
0.942937
0.942945
0.942953
0.942961
0.942969
0.942977
0.942985
0.942993
0.943001
0.943009
0.943017
0.943025
0.943033
0.943041
0.943049
0.943057
0.943065
0.943072
0.943080
0.943088
0.943096
0.943104
0.943112
0.943120
0.943128
0.943136
0.943144
0.943152
0.943160
0.943168
0.943176
0.943184
0.943192
0.943200
0.943208
0.943216
0.943224
0.943232
0.943240
0.943248
0.943256
0.943264
0.943272
0.943280
0.943288
0.943295
0.943303
0.943311
0.943319
0.943327
0.943335
0.943343
0.943351
0.943359
0.943367
0.943375
0.943383
0.943391
0.943399
0.943407
0.943415
0.943423
0.943431
0.943439
0.943447
0.943454
0.943462
0.943470
0.943478
0.943486
0.943494
0.943502
0.943510
0.943518
0.943526
0.943534
0.943542
0.943550
0.943558
0.943566
0.943574
0.943582
0.943589
0.943597
0.943605
0.943613
0.943621
0.943629
0.943637
0.943645
0.943653
0.943661
0.943669
0.943677
0.943685
0.943693
0.943701
0.943708
0.943716
0.943724
0.943732
0.943740
0.943748
0.943756
0.943764
0.943772
0.943780
0.943788
0.943796
0.943804
0.943811
0.943819
0.943827
0.943835
0.943843
0.943851
0.943859
0.943867
0.943875
0.943883
0.943891
0.943899
0.943907
0.943914
0.943922
0.943930
0.943938
0.943946
0.943954
0.943962
0.943970
0.943978
0.943986
0.943994
0.944001
0.944009
0.944017
0.944025
0.944033
0.944041
0.944049
0.944057
0.944065
0.944073
0.944081
0.944088
0.944096
0.944104
0.944112
0.944120
0.944128
0.944136
0.944144
0.944152
0.944160
0.944167
0.944175
0.944183
0.944191
0.944199
0.944207
0.944215
0.944223
0.944231
0.944238
0.944246
0.944254
0.944262
0.944270
0.944278
0.944286
0.944294
0.944302
0.944309
0.944317
0.944325
0.944333
0.944341
0.944349
0.944357
0.944365
0.944373
0.944380
0.944388
0.944396
0.944404
0.944412
0.944420
0.944428
0.944436
0.944443
0.944451
0.944459
0.944467
0.944475
0.944483
0.944491
0.944499
0.944506
0.944514
0.944522
0.944530
0.944538
0.944546
0.944554
0.944562
0.944569
0.944577
0.944585
0.944593
0.944601
0.944609
0.944617
0.944625
0.944632
0.944640
0.944648
0.944656
0.944664
0.944672
0.944680
0.944687
0.944695
0.944703
0.944711
0.944719
0.944727
0.944735
0.944742
0.944750
0.944758
0.944766
0.944774
0.944782
0.944790
0.944797
0.944805
0.944813
0.944821
0.944829
0.944837
0.944845
0.944852
0.944860
0.944868
0.944876
0.944884
0.944892
0.944899
0.944907
0.944915
0.944923
0.944931
0.944939
0.944947
0.944954
0.944962
0.944970
0.944978
0.944986
0.944994
0.945001
0.945009
0.945017
0.945025
0.945033
0.945041
0.945048
0.945056
0.945064
0.945072
0.945080
0.945088
0.945095
0.945103
0.945111
0.945119
0.945127
0.945135
0.945142
0.945150
0.945158
0.945166
0.945174
0.945182
0.945189
0.945197
0.945205
0.945213
0.945221
0.945229
0.945236
0.945244
0.945252
0.945260
0.945268
0.945275
0.945283
0.945291
0.945299
0.945307
0.945315
0.945322
0.945330
0.945338
0.945346
0.945354
0.945361
0.945369
0.945377
0.945385
0.945393
0.945401
0.945408
0.945416
0.945424
0.945432
0.945440
0.945447
0.945455
0.945463
0.945471
0.945479
0.945486
0.945494
0.945502
0.945510
0.945518
0.945525
0.945533
0.945541
0.945549
0.945557
0.945564
0.945572
0.945580
0.945588
0.945596
0.945603
0.945611
0.945619
0.945627
0.945635
0.945642
0.945650
0.945658
0.945666
0.945674
0.945681
0.945689
0.945697
0.945705
0.945713
0.945720
0.945728
0.945736
0.945744
0.945751
0.945759
0.945767
0.945775
0.945783
0.945790
0.945798
0.945806
0.945814
0.945822
0.945829
0.945837
0.945845
0.945853
0.945860
0.945868
0.945876
0.945884
0.945892
0.945899
0.945907
0.945915
0.945923
0.945930
0.945938
0.945946
0.945954
0.945962
0.945969
0.945977
0.945985
0.945993
0.946000
0.946008
0.946016
0.946024
0.946031
0.946039
0.946047
0.946055
0.946063
0.946070
0.946078
0.946086
0.946094
0.946101
0.946109
0.946117
0.946125
0.946132
0.946140
0.946148
0.946156
0.946163
0.946171
0.946179
0.946187
0.946194
0.946202
0.946210
0.946218
0.946225
0.946233
0.946241
0.946249
0.946256
0.946264
0.946272
0.946280
0.946287
0.946295
0.946303
0.946311
0.946318
0.946326
0.946334
0.946342
0.946349
0.946357
0.946365
0.946373
0.946380
0.946388
0.946396
0.946404
0.946411
0.946419
0.946427
0.946435
0.946442
0.946450
0.946458
0.946466
0.946473
0.946481
0.946489
0.946497
0.946504
0.946512
0.946520
0.946527
0.946535
0.946543
0.946551
0.946558
0.946566
0.946574
0.946582
0.946589
0.946597
0.946605
0.946613
0.946620
0.946628
0.946636
0.946643
0.946651
0.946659
0.946667
0.946674
0.946682
0.946690
0.946697
0.946705
0.946713
0.946721
0.946728
0.946736
0.946744
0.946751
0.946759
0.946767
0.946775
0.946782
0.946790
0.946798
0.946806
0.946813
0.946821
0.946829
0.946836
0.946844
0.946852
0.946859
0.946867
0.946875
0.946883
0.946890
0.946898
0.946906
0.946913
0.946921
0.946929
0.946937
0.946944
0.946952
0.946960
0.946967
0.946975
0.946983
0.946990
0.946998
0.947006
0.947014
0.947021
0.947029
0.947037
0.947044
0.947052
0.947060
0.947067
0.947075
0.947083
0.947091
0.947098
0.947106
0.947114
0.947121
0.947129
0.947137
0.947144
0.947152
0.947160
0.947167
0.947175
0.947183
0.947190
0.947198
0.947206
0.947214
0.947221
0.947229
0.947237
0.947244
0.947252
0.947260
0.947267
0.947275
0.947283
0.947290
0.947298
0.947306
0.947313
0.947321
0.947329
0.947336
0.947344
0.947352
0.947359
0.947367
0.947375
0.947382
0.947390
0.947398
0.947405
0.947413
0.947421
0.947428
0.947436
0.947444
0.947451
0.947459
0.947467
0.947474
0.947482
0.947490
0.947497
0.947505
0.947513
0.947520
0.947528
0.947536
0.947543
0.947551
0.947559
0.947566
0.947574
0.947582
0.947589
0.947597
0.947605
0.947612
0.947620
0.947628
0.947635
0.947643
0.947651
0.947658
0.947666
0.947674
0.947681
0.947689
0.947697
0.947704
0.947712
0.947720
0.947727
0.947735
0.947742
0.947750
0.947758
0.947765
0.947773
0.947781
0.947788
0.947796
0.947804
0.947811
0.947819
0.947827
0.947834
0.947842
0.947849
0.947857
0.947865
0.947872
0.947880
0.947888
0.947895
0.947903
0.947911
0.947918
0.947926
0.947933
0.947941
0.947949
0.947956
0.947964
0.947972
0.947979
0.947987
0.947995
0.948002
0.948010
0.948017
0.948025
0.948033
0.948040
0.948048
0.948056
0.948063
0.948071
0.948078
0.948086
0.948094
0.948101
0.948109
0.948117
0.948124
0.948132
0.948139
0.948147
0.948155
0.948162
0.948170
0.948177
0.948185
0.948193
0.948200
0.948208
0.948216
0.948223
0.948231
0.948238
0.948246
0.948254
0.948261
0.948269
0.948276
0.948284
0.948292
0.948299
0.948307
0.948314
0.948322
0.948330
0.948337
0.948345
0.948352
0.948360
0.948368
0.948375
0.948383
0.948390
0.948398
0.948406
0.948413
0.948421
0.948428
0.948436
0.948444
0.948451
0.948459
0.948466
0.948474
0.948482
0.948489
0.948497
0.948504
0.948512
0.948520
0.948527
0.948535
0.948542
0.948550
0.948558
0.948565
0.948573
0.948580
0.948588
0.948595
0.948603
0.948611
0.948618
0.948626
0.948633
0.948641
0.948649
0.948656
0.948664
0.948671
0.948679
0.948686
0.948694
0.948702
0.948709
0.948717
0.948724
0.948732
0.948740
0.948747
0.948755
0.948762
0.948770
0.948777
0.948785
0.948793
0.948800
0.948808
0.948815
0.948823
0.948830
0.948838
0.948846
0.948853
0.948861
0.948868
0.948876
0.948883
0.948891
0.948898
0.948906
0.948914
0.948921
0.948929
0.948936
0.948944
0.948951
0.948959
0.948967
0.948974
0.948982
0.948989
0.948997
0.949004
0.949012
0.949019
0.949027
0.949035
0.949042
0.949050
0.949057
0.949065
0.949072
0.949080
0.949087
0.949095
0.949103
0.949110
0.949118
0.949125
0.949133
0.949140
0.949148
0.949155
0.949163
0.949170
0.949178
0.949186
0.949193
0.949201
0.949208
0.949216
0.949223
0.949231
0.949238
0.949246
0.949253
0.949261
0.949268
0.949276
0.949284
0.949291
0.949299
0.949306
0.949314
0.949321
0.949329
0.949336
0.949344
0.949351
0.949359
0.949366
0.949374
0.949381
0.949389
0.949397
0.949404
0.949412
0.949419
0.949427
0.949434
0.949442
0.949449
0.949457
0.949464
0.949472
0.949479
0.949487
0.949494
0.949502
0.949509
0.949517
0.949524
0.949532
0.949539
0.949547
0.949554
0.949562
0.949570
0.949577
0.949585
0.949592
0.949600
0.949607
0.949615
0.949622
0.949630
0.949637
0.949645
0.949652
0.949660
0.949667
0.949675
0.949682
0.949690
0.949697
0.949705
0.949712
0.949720
0.949727
0.949735
0.949742
0.949750
0.949757
0.949765
0.949772
0.949780
0.949787
0.949795
0.949802
0.949810
0.949817
0.949825
0.949832
0.949840
0.949847
0.949855
0.949862
0.949870
0.949877
0.949885
0.949892
0.949900
0.949907
0.949915
0.949922
0.949930
0.949937
0.949945
0.949952
0.949960
0.949967
0.949975
0.949982
0.949990
0.949997
0.950005
0.950012
0.950019
0.950027
0.950034
0.950042
0.950049
0.950057
0.950064
0.950072
0.950079
0.950087
0.950094
0.950102
0.950109
0.950117
0.950124
0.950132
0.950139
0.950147
0.950154
0.950162
0.950169
0.950176
0.950184
0.950191
0.950199
0.950206
0.950214
0.950221
0.950229
0.950236
0.950244
0.950251
0.950259
0.950266
0.950274
0.950281
0.950288
0.950296
0.950303
0.950311
0.950318
0.950326
0.950333
0.950341
0.950348
0.950356
0.950363
0.950371
0.950378
0.950385
0.950393
0.950400
0.950408
0.950415
0.950423
0.950430
0.950438
0.950445
0.950453
0.950460
0.950467
0.950475
0.950482
0.950490
0.950497
0.950505
0.950512
0.950520
0.950527
0.950534
0.950542
0.950549
0.950557
0.950564
0.950572
0.950579
0.950587
0.950594
0.950601
0.950609
0.950616
0.950624
0.950631
0.950639
0.950646
0.950654
0.950661
0.950668
0.950676
0.950683
0.950691
0.950698
0.950706
0.950713
0.950720
0.950728
0.950735
0.950743
0.950750
0.950758
0.950765
0.950772
0.950780
0.950787
0.950795
0.950802
0.950810
0.950817
0.950824
0.950832
0.950839
0.950847
0.950854
0.950862
0.950869
0.950876
0.950884
0.950891
0.950899
0.950906
0.950913
0.950921
0.950928
0.950936
0.950943
0.950951
0.950958
0.950965
0.950973
0.950980
0.950988
0.950995
0.951002
0.951010
0.951017
0.951025
0.951032
0.951039
0.951047
0.951054
0.951062
0.951069
0.951077
0.951084
0.951091
0.951099
0.951106
0.951114
0.951121
0.951128
0.951136
0.951143
0.951151
0.951158
0.951165
0.951173
0.951180
0.951188
0.951195
0.951202
0.951210
0.951217
0.951225
0.951232
0.951239
0.951247
0.951254
0.951261
0.951269
0.951276
0.951284
0.951291
0.951298
0.951306
0.951313
0.951321
0.951328
0.951335
0.951343
0.951350
0.951358
0.951365
0.951372
0.951380
0.951387
0.951394
0.951402
0.951409
0.951417
0.951424
0.951431
0.951439
0.951446
0.951453
0.951461
0.951468
0.951476
0.951483
0.951490
0.951498
0.951505
0.951512
0.951520
0.951527
0.951535
0.951542
0.951549
0.951557
0.951564
0.951571
0.951579
0.951586
0.951594
0.951601
0.951608
0.951616
0.951623
0.951630
0.951638
0.951645
0.951652
0.951660
0.951667
0.951675
0.951682
0.951689
0.951697
0.951704
0.951711
0.951719
0.951726
0.951733
0.951741
0.951748
0.951755
0.951763
0.951770
0.951778
0.951785
0.951792
0.951800
0.951807
0.951814
0.951822
0.951829
0.951836
0.951844
0.951851
0.951858
0.951866
0.951873
0.951880
0.951888
0.951895
0.951902
0.951910
0.951917
0.951924
0.951932
0.951939
0.951947
0.951954
0.951961
0.951969
0.951976
0.951983
0.951991
0.951998
0.952005
0.952013
0.952020
0.952027
0.952035
0.952042
0.952049
0.952057
0.952064
0.952071
0.952079
0.952086
0.952093
0.952101
0.952108
0.952115
0.952123
0.952130
0.952137
0.952145
0.952152
0.952159
0.952166
0.952174
0.952181
0.952188
0.952196
0.952203
0.952210
0.952218
0.952225
0.952232
0.952240
0.952247
0.952254
0.952262
0.952269
0.952276
0.952284
0.952291
0.952298
0.952306
0.952313
0.952320
0.952327
0.952335
0.952342
0.952349
0.952357
0.952364
0.952371
0.952379
0.952386
0.952393
0.952401
0.952408
0.952415
0.952423
0.952430
0.952437
0.952444
0.952452
0.952459
0.952466
0.952474
0.952481
0.952488
0.952496
0.952503
0.952510
0.952517
0.952525
0.952532
0.952539
0.952547
0.952554
0.952561
0.952569
0.952576
0.952583
0.952590
0.952598
0.952605
0.952612
0.952620
0.952627
0.952634
0.952641
0.952649
0.952656
0.952663
0.952671
0.952678
0.952685
0.952692
0.952700
0.952707
0.952714
0.952722
0.952729
0.952736
0.952743
0.952751
0.952758
0.952765
0.952773
0.952780
0.952787
0.952794
0.952802
0.952809
0.952816
0.952823
0.952831
0.952838
0.952845
0.952853
0.952860
0.952867
0.952874
0.952882
0.952889
0.952896
0.952903
0.952911
0.952918
0.952925
0.952933
0.952940
0.952947
0.952954
0.952962
0.952969
0.952976
0.952983
0.952991
0.952998
0.953005
0.953012
0.953020
0.953027
0.953034
0.953041
0.953049
0.953056
0.953063
0.953070
0.953078
0.953085
0.953092
0.953100
0.953107
0.953114
0.953121
0.953129
0.953136
0.953143
0.953150
0.953158
0.953165
0.953172
0.953179
0.953187
0.953194
0.953201
0.953208
0.953216
0.953223
0.953230
0.953237
0.953244
0.953252
0.953259
0.953266
0.953273
0.953281
0.953288
0.953295
0.953302
0.953310
0.953317
0.953324
0.953331
0.953339
0.953346
0.953353
0.953360
0.953368
0.953375
0.953382
0.953389
0.953396
0.953404
0.953411
0.953418
0.953425
0.953433
0.953440
0.953447
0.953454
0.953462
0.953469
0.953476
0.953483
0.953490
0.953498
0.953505
0.953512
0.953519
0.953527
0.953534
0.953541
0.953548
0.953555
0.953563
0.953570
0.953577
0.953584
0.953592
0.953599
0.953606
0.953613
0.953620
0.953628
0.953635
0.953642
0.953649
0.953656
0.953664
0.953671
0.953678
0.953685
0.953693
0.953700
0.953707
0.953714
0.953721
0.953729
0.953736
0.953743
0.953750
0.953757
0.953765
0.953772
0.953779
0.953786
0.953793
0.953801
0.953808
0.953815
0.953822
0.953829
0.953837
0.953844
0.953851
0.953858
0.953865
0.953873
0.953880
0.953887
0.953894
0.953901
0.953909
0.953916
0.953923
0.953930
0.953937
0.953945
0.953952
0.953959
0.953966
0.953973
0.953980
0.953988
0.953995
0.954002
0.954009
0.954016
0.954024
0.954031
0.954038
0.954045
0.954052
0.954059
0.954067
0.954074
0.954081
0.954088
0.954095
0.954103
0.954110
0.954117
0.954124
0.954131
0.954138
0.954146
0.954153
0.954160
0.954167
0.954174
0.954181
0.954189
0.954196
0.954203
0.954210
0.954217
0.954225
0.954232
0.954239
0.954246
0.954253
0.954260
0.954268
0.954275
0.954282
0.954289
0.954296
0.954303
0.954310
0.954318
0.954325
0.954332
0.954339
0.954346
0.954353
0.954361
0.954368
0.954375
0.954382
0.954389
0.954396
0.954404
0.954411
0.954418
0.954425
0.954432
0.954439
0.954446
0.954454
0.954461
0.954468
0.954475
0.954482
0.954489
0.954497
0.954504
0.954511
0.954518
0.954525
0.954532
0.954539
0.954547
0.954554
0.954561
0.954568
0.954575
0.954582
0.954589
0.954597
0.954604
0.954611
0.954618
0.954625
0.954632
0.954639
0.954647
0.954654
0.954661
0.954668
0.954675
0.954682
0.954689
0.954696
0.954704
0.954711
0.954718
0.954725
0.954732
0.954739
0.954746
0.954753
0.954761
0.954768
0.954775
0.954782
0.954789
0.954796
0.954803
0.954811
0.954818
0.954825
0.954832
0.954839
0.954846
0.954853
0.954860
0.954867
0.954875
0.954882
0.954889
0.954896
0.954903
0.954910
0.954917
0.954924
0.954932
0.954939
0.954946
0.954953
0.954960
0.954967
0.954974
0.954981
0.954988
0.954996
0.955003
0.955010
0.955017
0.955024
0.955031
0.955038
0.955045
0.955052
0.955060
0.955067
0.955074
0.955081
0.955088
0.955095
0.955102
0.955109
0.955116
0.955123
0.955131
0.955138
0.955145
0.955152
0.955159
0.955166
0.955173
0.955180
0.955187
0.955194
0.955201
0.955209
0.955216
0.955223
0.955230
0.955237
0.955244
0.955251
0.955258
0.955265
0.955272
0.955279
0.955287
0.955294
0.955301
0.955308
0.955315
0.955322
0.955329
0.955336
0.955343
0.955350
0.955357
0.955364
0.955372
0.955379
0.955386
0.955393
0.955400
0.955407
0.955414
0.955421
0.955428
0.955435
0.955442
0.955449
0.955456
0.955464
0.955471
0.955478
0.955485
0.955492
0.955499
0.955506
0.955513
0.955520
0.955527
0.955534
0.955541
0.955548
0.955555
0.955563
0.955570
0.955577
0.955584
0.955591
0.955598
0.955605
0.955612
0.955619
0.955626
0.955633
0.955640
0.955647
0.955654
0.955661
0.955668
0.955676
0.955683
0.955690
0.955697
0.955704
0.955711
0.955718
0.955725
0.955732
0.955739
0.955746
0.955753
0.955760
0.955767
0.955774
0.955781
0.955788
0.955795
0.955802
0.955810
0.955817
0.955824
0.955831
0.955838
0.955845
0.955852
0.955859
0.955866
0.955873
0.955880
0.955887
0.955894
0.955901
0.955908
0.955915
0.955922
0.955929
0.955936
0.955943
0.955950
0.955957
0.955964
0.955971
0.955978
0.955985
0.955993
0.956000
0.956007
0.956014
0.956021
0.956028
0.956035
0.956042
0.956049
0.956056
0.956063
0.956070
0.956077
0.956084
0.956091
0.956098
0.956105
0.956112
0.956119
0.956126
0.956133
0.956140
0.956147
0.956154
0.956161
0.956168
0.956175
0.956182
0.956189
0.956196
0.956203
0.956210
0.956217
0.956224
0.956231
0.956238
0.956245
0.956252
0.956259
0.956266
0.956273
0.956280
0.956287
0.956294
0.956301
0.956308
0.956315
0.956322
0.956329
0.956336
0.956343
0.956350
0.956357
0.956364
0.956371
0.956378
0.956385
0.956392
0.956399
0.956406
0.956413
0.956420
0.956427
0.956434
0.956441
0.956448
0.956455
0.956462
0.956469
0.956476
0.956483
0.956490
0.956497
0.956504
0.956511
0.956518
0.956525
0.956532
0.956539
0.956546
0.956553
0.956560
0.956567
0.956574
0.956581
0.956588
0.956595
0.956602
0.956609
0.956616
0.956623
0.956630
0.956637
0.956644
0.956651
0.956658
0.956665
0.956672
0.956679
0.956686
0.956693
0.956700
0.956707
0.956714
0.956721
0.956728
0.956735
0.956742
0.956749
0.956756
0.956763
0.956770
0.956777
0.956784
0.956791
0.956798
0.956805
0.956812
0.956818
0.956825
0.956832
0.956839
0.956846
0.956853
0.956860
0.956867
0.956874
0.956881
0.956888
0.956895
0.956902
0.956909
0.956916
0.956923
0.956930
0.956937
0.956944
0.956951
0.956958
0.956965
0.956972
0.956979
0.956986
0.956993
0.956999
0.957006
0.957013
0.957020
0.957027
0.957034
0.957041
0.957048
0.957055
0.957062
0.957069
0.957076
0.957083
0.957090
0.957097
0.957104
0.957111
0.957118
0.957125
0.957131
0.957138
0.957145
0.957152
0.957159
0.957166
0.957173
0.957180
0.957187
0.957194
0.957201
0.957208
0.957215
0.957222
0.957229
0.957236
0.957242
0.957249
0.957256
0.957263
0.957270
0.957277
0.957284
0.957291
0.957298
0.957305
0.957312
0.957319
0.957326
0.957333
0.957339
0.957346
0.957353
0.957360
0.957367
0.957374
0.957381
0.957388
0.957395
0.957402
0.957409
0.957416
0.957423
0.957429
0.957436
0.957443
0.957450
0.957457
0.957464
0.957471
0.957478
0.957485
0.957492
0.957499
0.957506
0.957512
0.957519
0.957526
0.957533
0.957540
0.957547
0.957554
0.957561
0.957568
0.957575
0.957582
0.957588
0.957595
0.957602
0.957609
0.957616
0.957623
0.957630
0.957637
0.957644
0.957651
0.957658
0.957664
0.957671
0.957678
0.957685
0.957692
0.957699
0.957706
0.957713
0.957720
0.957726
0.957733
0.957740
0.957747
0.957754
0.957761
0.957768
0.957775
0.957782
0.957789
0.957795
0.957802
0.957809
0.957816
0.957823
0.957830
0.957837
0.957844
0.957851
0.957857
0.957864
0.957871
0.957878
0.957885
0.957892
0.957899
0.957906
0.957912
0.957919
0.957926
0.957933
0.957940
0.957947
0.957954
0.957961
0.957967
0.957974
0.957981
0.957988
0.957995
0.958002
0.958009
0.958016
0.958022
0.958029
0.958036
0.958043
0.958050
0.958057
0.958064
0.958071
0.958077
0.958084
0.958091
0.958098
0.958105
0.958112
0.958119
0.958125
0.958132
0.958139
0.958146
0.958153
0.958160
0.958167
0.958174
0.958180
0.958187
0.958194
0.958201
0.958208
0.958215
0.958222
0.958228
0.958235
0.958242
0.958249
0.958256
0.958263
0.958269
0.958276
0.958283
0.958290
0.958297
0.958304
0.958311
0.958317
0.958324
0.958331
0.958338
0.958345
0.958352
0.958359
0.958365
0.958372
0.958379
0.958386
0.958393
0.958400
0.958406
0.958413
0.958420
0.958427
0.958434
0.958441
0.958447
0.958454
0.958461
0.958468
0.958475
0.958482
0.958488
0.958495
0.958502
0.958509
0.958516
0.958523
0.958529
0.958536
0.958543
0.958550
0.958557
0.958564
0.958570
0.958577
0.958584
0.958591
0.958598
0.958605
0.958611
0.958618
0.958625
0.958632
0.958639
0.958646
0.958652
0.958659
0.958666
0.958673
0.958680
0.958686
0.958693
0.958700
0.958707
0.958714
0.958721
0.958727
0.958734
0.958741
0.958748
0.958755
0.958761
0.958768
0.958775
0.958782
0.958789
0.958795
0.958802
0.958809
0.958816
0.958823
0.958829
0.958836
0.958843
0.958850
0.958857
0.958864
0.958870
0.958877
0.958884
0.958891
0.958898
0.958904
0.958911
0.958918
0.958925
0.958932
0.958938
0.958945
0.958952
0.958959
0.958966
0.958972
0.958979
0.958986
0.958993
0.958999
0.959006
0.959013
0.959020
0.959027
0.959033
0.959040
0.959047
0.959054
0.959061
0.959067
0.959074
0.959081
0.959088
0.959095
0.959101
0.959108
0.959115
0.959122
0.959128
0.959135
0.959142
0.959149
0.959156
0.959162
0.959169
0.959176
0.959183
0.959189
0.959196
0.959203
0.959210
0.959217
0.959223
0.959230
0.959237
0.959244
0.959250
0.959257
0.959264
0.959271
0.959278
0.959284
0.959291
0.959298
0.959305
0.959311
0.959318
0.959325
0.959332
0.959338
0.959345
0.959352
0.959359
0.959365
0.959372
0.959379
0.959386
0.959393
0.959399
0.959406
0.959413
0.959420
0.959426
0.959433
0.959440
0.959447
0.959453
0.959460
0.959467
0.959474
0.959480
0.959487
0.959494
0.959501
0.959507
0.959514
0.959521
0.959528
0.959534
0.959541
0.959548
0.959555
0.959561
0.959568
0.959575
0.959582
0.959588
0.959595
0.959602
0.959609
0.959615
0.959622
0.959629
0.959636
0.959642
0.959649
0.959656
0.959663
0.959669
0.959676
0.959683
0.959689
0.959696
0.959703
0.959710
0.959716
0.959723
0.959730
0.959737
0.959743
0.959750
0.959757
0.959764
0.959770
0.959777
0.959784
0.959790
0.959797
0.959804
0.959811
0.959817
0.959824
0.959831
0.959838
0.959844
0.959851
0.959858
0.959864
0.959871
0.959878
0.959885
0.959891
0.959898
0.959905
0.959911
0.959918
0.959925
0.959932
0.959938
0.959945
0.959952
0.959959
0.959965
0.959972
0.959979
0.959985
0.959992
0.959999
0.960006
0.960012
0.960019
0.960026
0.960032
0.960039
0.960046
0.960052
0.960059
0.960066
0.960073
0.960079
0.960086
0.960093
0.960099
0.960106
0.960113
0.960120
0.960126
0.960133
0.960140
0.960146
0.960153
0.960160
0.960166
0.960173
0.960180
0.960186
0.960193
0.960200
0.960207
0.960213
0.960220
0.960227
0.960233
0.960240
0.960247
0.960253
0.960260
0.960267
0.960273
0.960280
0.960287
0.960294
0.960300
0.960307
0.960314
0.960320
0.960327
0.960334
0.960340
0.960347
0.960354
0.960360
0.960367
0.960374
0.960380
0.960387
0.960394
0.960400
0.960407
0.960414
0.960421
0.960427
0.960434
0.960441
0.960447
0.960454
0.960461
0.960467
0.960474
0.960481
0.960487
0.960494
0.960501
0.960507
0.960514
0.960521
0.960527
0.960534
0.960541
0.960547
0.960554
0.960561
0.960567
0.960574
0.960581
0.960587
0.960594
0.960601
0.960607
0.960614
0.960621
0.960627
0.960634
0.960641
0.960647
0.960654
0.960661
0.960667
0.960674
0.960680
0.960687
0.960694
0.960700
0.960707
0.960714
0.960720
0.960727
0.960734
0.960740
0.960747
0.960754
0.960760
0.960767
0.960774
0.960780
0.960787
0.960794
0.960800
0.960807
0.960813
0.960820
0.960827
0.960833
0.960840
0.960847
0.960853
0.960860
0.960867
0.960873
0.960880
0.960887
0.960893
0.960900
0.960906
0.960913
0.960920
0.960926
0.960933
0.960940
0.960946
0.960953
0.960959
0.960966
0.960973
0.960979
0.960986
0.960993
0.960999
0.961006
0.961013
0.961019
0.961026
0.961032
0.961039
0.961046
0.961052
0.961059
0.961066
0.961072
0.961079
0.961085
0.961092
0.961099
0.961105
0.961112
0.961118
0.961125
0.961132
0.961138
0.961145
0.961152
0.961158
0.961165
0.961171
0.961178
0.961185
0.961191
0.961198
0.961204
0.961211
0.961218
0.961224
0.961231
0.961238
0.961244
0.961251
0.961257
0.961264
0.961271
0.961277
0.961284
0.961290
0.961297
0.961304
0.961310
0.961317
0.961323
0.961330
0.961337
0.961343
0.961350
0.961356
0.961363
0.961370
0.961376
0.961383
0.961389
0.961396
0.961403
0.961409
0.961416
0.961422
0.961429
0.961436
0.961442
0.961449
0.961455
0.961462
0.961469
0.961475
0.961482
0.961488
0.961495
0.961501
0.961508
0.961515
0.961521
0.961528
0.961534
0.961541
0.961548
0.961554
0.961561
0.961567
0.961574
0.961580
0.961587
0.961594
0.961600
0.961607
0.961613
0.961620
0.961626
0.961633
0.961640
0.961646
0.961653
0.961659
0.961666
0.961673
0.961679
0.961686
0.961692
0.961699
0.961705
0.961712
0.961718
0.961725
0.961732
0.961738
0.961745
0.961751
0.961758
0.961764
0.961771
0.961778
0.961784
0.961791
0.961797
0.961804
0.961810
0.961817
0.961824
0.961830
0.961837
0.961843
0.961850
0.961856
0.961863
0.961869
0.961876
0.961883
0.961889
0.961896
0.961902
0.961909
0.961915
0.961922
0.961928
0.961935
0.961942
0.961948
0.961955
0.961961
0.961968
0.961974
0.961981
0.961987
0.961994
0.962000
0.962007
0.962014
0.962020
0.962027
0.962033
0.962040
0.962046
0.962053
0.962059
0.962066
0.962072
0.962079
0.962085
0.962092
0.962099
0.962105
0.962112
0.962118
0.962125
0.962131
0.962138
0.962144
0.962151
0.962157
0.962164
0.962170
0.962177
0.962183
0.962190
0.962197
0.962203
0.962210
0.962216
0.962223
0.962229
0.962236
0.962242
0.962249
0.962255
0.962262
0.962268
0.962275
0.962281
0.962288
0.962294
0.962301
0.962307
0.962314
0.962320
0.962327
0.962333
0.962340
0.962347
0.962353
0.962360
0.962366
0.962373
0.962379
0.962386
0.962392
0.962399
0.962405
0.962412
0.962418
0.962425
0.962431
0.962438
0.962444
0.962451
0.962457
0.962464
0.962470
0.962477
0.962483
0.962490
0.962496
0.962503
0.962509
0.962516
0.962522
0.962529
0.962535
0.962542
0.962548
0.962555
0.962561
0.962568
0.962574
0.962581
0.962587
0.962594
0.962600
0.962607
0.962613
0.962620
0.962626
0.962633
0.962639
0.962646
0.962652
0.962659
0.962665
0.962672
0.962678
0.962685
0.962691
0.962698
0.962704
0.962710
0.962717
0.962723
0.962730
0.962736
0.962743
0.962749
0.962756
0.962762
0.962769
0.962775
0.962782
0.962788
0.962795
0.962801
0.962808
0.962814
0.962821
0.962827
0.962834
0.962840
0.962847
0.962853
0.962859
0.962866
0.962872
0.962879
0.962885
0.962892
0.962898
0.962905
0.962911
0.962918
0.962924
0.962931
0.962937
0.962944
0.962950
0.962956
0.962963
0.962969
0.962976
0.962982
0.962989
0.962995
0.963002
0.963008
0.963015
0.963021
0.963028
0.963034
0.963040
0.963047
0.963053
0.963060
0.963066
0.963073
0.963079
0.963086
0.963092
0.963099
0.963105
0.963111
0.963118
0.963124
0.963131
0.963137
0.963144
0.963150
0.963157
0.963163
0.963169
0.963176
0.963182
0.963189
0.963195
0.963202
0.963208
0.963215
0.963221
0.963227
0.963234
0.963240
0.963247
0.963253
0.963260
0.963266
0.963273
0.963279
0.963285
0.963292
0.963298
0.963305
0.963311
0.963318
0.963324
0.963330
0.963337
0.963343
0.963350
0.963356
0.963363
0.963369
0.963375
0.963382
0.963388
0.963395
0.963401
0.963408
0.963414
0.963420
0.963427
0.963433
0.963440
0.963446
0.963453
0.963459
0.963465
0.963472
0.963478
0.963485
0.963491
0.963497
0.963504
0.963510
0.963517
0.963523
0.963530
0.963536
0.963542
0.963549
0.963555
0.963562
0.963568
0.963574
0.963581
0.963587
0.963594
0.963600
0.963606
0.963613
0.963619
0.963626
0.963632
0.963638
0.963645
0.963651
0.963658
0.963664
0.963671
0.963677
0.963683
0.963690
0.963696
0.963703
0.963709
0.963715
0.963722
0.963728
0.963735
0.963741
0.963747
0.963754
0.963760
0.963766
0.963773
0.963779
0.963786
0.963792
0.963798
0.963805
0.963811
0.963818
0.963824
0.963830
0.963837
0.963843
0.963850
0.963856
0.963862
0.963869
0.963875
0.963881
0.963888
0.963894
0.963901
0.963907
0.963913
0.963920
0.963926
0.963933
0.963939
0.963945
0.963952
0.963958
0.963964
0.963971
0.963977
0.963984
0.963990
0.963996
0.964003
0.964009
0.964015
0.964022
0.964028
0.964035
0.964041
0.964047
0.964054
0.964060
0.964066
0.964073
0.964079
0.964085
0.964092
0.964098
0.964105
0.964111
0.964117
0.964124
0.964130
0.964136
0.964143
0.964149
0.964155
0.964162
0.964168
0.964175
0.964181
0.964187
0.964194
0.964200
0.964206
0.964213
0.964219
0.964225
0.964232
0.964238
0.964244
0.964251
0.964257
0.964263
0.964270
0.964276
0.964283
0.964289
0.964295
0.964302
0.964308
0.964314
0.964321
0.964327
0.964333
0.964340
0.964346
0.964352
0.964359
0.964365
0.964371
0.964378
0.964384
0.964390
0.964397
0.964403
0.964409
0.964416
0.964422
0.964428
0.964435
0.964441
0.964447
0.964454
0.964460
0.964466
0.964473
0.964479
0.964485
0.964492
0.964498
0.964504
0.964511
0.964517
0.964523
0.964530
0.964536
0.964542
0.964549
0.964555
0.964561
0.964568
0.964574
0.964580
0.964587
0.964593
0.964599
0.964606
0.964612
0.964618
0.964625
0.964631
0.964637
0.964644
0.964650
0.964656
0.964662
0.964669
0.964675
0.964681
0.964688
0.964694
0.964700
0.964707
0.964713
0.964719
0.964726
0.964732
0.964738
0.964745
0.964751
0.964757
0.964763
0.964770
0.964776
0.964782
0.964789
0.964795
0.964801
0.964808
0.964814
0.964820
0.964826
0.964833
0.964839
0.964845
0.964852
0.964858
0.964864
0.964871
0.964877
0.964883
0.964889
0.964896
0.964902
0.964908
0.964915
0.964921
0.964927
0.964934
0.964940
0.964946
0.964952
0.964959
0.964965
0.964971
0.964978
0.964984
0.964990
0.964996
0.965003
0.965009
0.965015
0.965022
0.965028
0.965034
0.965040
0.965047
0.965053
0.965059
0.965066
0.965072
0.965078
0.965084
0.965091
0.965097
0.965103
0.965109
0.965116
0.965122
0.965128
0.965135
0.965141
0.965147
0.965153
0.965160
0.965166
0.965172
0.965178
0.965185
0.965191
0.965197
0.965204
0.965210
0.965216
0.965222
0.965229
0.965235
0.965241
0.965247
0.965254
0.965260
0.965266
0.965272
0.965279
0.965285
0.965291
0.965297
0.965304
0.965310
0.965316
0.965323
0.965329
0.965335
0.965341
0.965348
0.965354
0.965360
0.965366
0.965373
0.965379
0.965385
0.965391
0.965398
0.965404
0.965410
0.965416
0.965423
0.965429
0.965435
0.965441
0.965448
0.965454
0.965460
0.965466
0.965473
0.965479
0.965485
0.965491
0.965498
0.965504
0.965510
0.965516
0.965522
0.965529
0.965535
0.965541
0.965547
0.965554
0.965560
0.965566
0.965572
0.965579
0.965585
0.965591
0.965597
0.965604
0.965610
0.965616
0.965622
0.965628
0.965635
0.965641
0.965647
0.965653
0.965660
0.965666
0.965672
0.965678
0.965685
0.965691
0.965697
0.965703
0.965709
0.965716
0.965722
0.965728
0.965734
0.965741
0.965747
0.965753
0.965759
0.965765
0.965772
0.965778
0.965784
0.965790
0.965796
0.965803
0.965809
0.965815
0.965821
0.965828
0.965834
0.965840
0.965846
0.965852
0.965859
0.965865
0.965871
0.965877
0.965883
0.965890
0.965896
0.965902
0.965908
0.965914
0.965921
0.965927
0.965933
0.965939
0.965945
0.965952
0.965958
0.965964
0.965970
0.965976
0.965983
0.965989
0.965995
0.966001
0.966007
0.966014
0.966020
0.966026
0.966032
0.966038
0.966045
0.966051
0.966057
0.966063
0.966069
0.966076
0.966082
0.966088
0.966094
0.966100
0.966107
0.966113
0.966119
0.966125
0.966131
0.966137
0.966144
0.966150
0.966156
0.966162
0.966168
0.966175
0.966181
0.966187
0.966193
0.966199
0.966205
0.966212
0.966218
0.966224
0.966230
0.966236
0.966243
0.966249
0.966255
0.966261
0.966267
0.966273
0.966280
0.966286
0.966292
0.966298
0.966304
0.966310
0.966317
0.966323
0.966329
0.966335
0.966341
0.966347
0.966354
0.966360
0.966366
0.966372
0.966378
0.966384
0.966391
0.966397
0.966403
0.966409
0.966415
0.966421
0.966428
0.966434
0.966440
0.966446
0.966452
0.966458
0.966464
0.966471
0.966477
0.966483
0.966489
0.966495
0.966501
0.966508
0.966514
0.966520
0.966526
0.966532
0.966538
0.966544
0.966551
0.966557
0.966563
0.966569
0.966575
0.966581
0.966587
0.966594
0.966600
0.966606
0.966612
0.966618
0.966624
0.966630
0.966637
0.966643
0.966649
0.966655
0.966661
0.966667
0.966673
0.966680
0.966686
0.966692
0.966698
0.966704
0.966710
0.966716
0.966722
0.966729
0.966735
0.966741
0.966747
0.966753
0.966759
0.966765
0.966772
0.966778
0.966784
0.966790
0.966796
0.966802
0.966808
0.966814
0.966821
0.966827
0.966833
0.966839
0.966845
0.966851
0.966857
0.966863
0.966869
0.966876
0.966882
0.966888
0.966894
0.966900
0.966906
0.966912
0.966918
0.966925
0.966931
0.966937
0.966943
0.966949
0.966955
0.966961
0.966967
0.966973
0.966980
0.966986
0.966992
0.966998
0.967004
0.967010
0.967016
0.967022
0.967028
0.967034
0.967041
0.967047
0.967053
0.967059
0.967065
0.967071
0.967077
0.967083
0.967089
0.967095
0.967102
0.967108
0.967114
0.967120
0.967126
0.967132
0.967138
0.967144
0.967150
0.967156
0.967163
0.967169
0.967175
0.967181
0.967187
0.967193
0.967199
0.967205
0.967211
0.967217
0.967223
0.967230
0.967236
0.967242
0.967248
0.967254
0.967260
0.967266
0.967272
0.967278
0.967284
0.967290
0.967296
0.967302
0.967309
0.967315
0.967321
0.967327
0.967333
0.967339
0.967345
0.967351
0.967357
0.967363
0.967369
0.967375
0.967381
0.967388
0.967394
0.967400
0.967406
0.967412
0.967418
0.967424
0.967430
0.967436
0.967442
0.967448
0.967454
0.967460
0.967466
0.967472
0.967479
0.967485
0.967491
0.967497
0.967503
0.967509
0.967515
0.967521
0.967527
0.967533
0.967539
0.967545
0.967551
0.967557
0.967563
0.967569
0.967575
0.967582
0.967588
0.967594
0.967600
0.967606
0.967612
0.967618
0.967624
0.967630
0.967636
0.967642
0.967648
0.967654
0.967660
0.967666
0.967672
0.967678
0.967684
0.967690
0.967696
0.967702
0.967709
0.967715
0.967721
0.967727
0.967733
0.967739
0.967745
0.967751
0.967757
0.967763
0.967769
0.967775
0.967781
0.967787
0.967793
0.967799
0.967805
0.967811
0.967817
0.967823
0.967829
0.967835
0.967841
0.967847
0.967853
0.967859
0.967865
0.967871
0.967877
0.967884
0.967890
0.967896
0.967902
0.967908
0.967914
0.967920
0.967926
0.967932
0.967938
0.967944
0.967950
0.967956
0.967962
0.967968
0.967974
0.967980
0.967986
0.967992
0.967998
0.968004
0.968010
0.968016
0.968022
0.968028
0.968034
0.968040
0.968046
0.968052
0.968058
0.968064
0.968070
0.968076
0.968082
0.968088
0.968094
0.968100
0.968106
0.968112
0.968118
0.968124
0.968130
0.968136
0.968142
0.968148
0.968154
0.968160
0.968166
0.968172
0.968178
0.968184
0.968190
0.968196
0.968202
0.968208
0.968214
0.968220
0.968226
0.968232
0.968238
0.968244
0.968250
0.968256
0.968262
0.968268
0.968274
0.968280
0.968286
0.968292
0.968298
0.968304
0.968310
0.968316
0.968322
0.968328
0.968334
0.968340
0.968346
0.968352
0.968358
0.968364
0.968370
0.968376
0.968382
0.968388
0.968394
0.968400
0.968406
0.968412
0.968418
0.968424
0.968430
0.968436
0.968441
0.968447
0.968453
0.968459
0.968465
0.968471
0.968477
0.968483
0.968489
0.968495
0.968501
0.968507
0.968513
0.968519
0.968525
0.968531
0.968537
0.968543
0.968549
0.968555
0.968561
0.968567
0.968573
0.968579
0.968585
0.968591
0.968597
0.968603
0.968609
0.968615
0.968620
0.968626
0.968632
0.968638
0.968644
0.968650
0.968656
0.968662
0.968668
0.968674
0.968680
0.968686
0.968692
0.968698
0.968704
0.968710
0.968716
0.968722
0.968728
0.968734
0.968739
0.968745
0.968751
0.968757
0.968763
0.968769
0.968775
0.968781
0.968787
0.968793
0.968799
0.968805
0.968811
0.968817
0.968823
0.968829
0.968835
0.968841
0.968846
0.968852
0.968858
0.968864
0.968870
0.968876
0.968882
0.968888
0.968894
0.968900
0.968906
0.968912
0.968918
0.968924
0.968929
0.968935
0.968941
0.968947
0.968953
0.968959
0.968965
0.968971
0.968977
0.968983
0.968989
0.968995
0.969001
0.969007
0.969012
0.969018
0.969024
0.969030
0.969036
0.969042
0.969048
0.969054
0.969060
0.969066
0.969072
0.969078
0.969083
0.969089
0.969095
0.969101
0.969107
0.969113
0.969119
0.969125
0.969131
0.969137
0.969143
0.969148
0.969154
0.969160
0.969166
0.969172
0.969178
0.969184
0.969190
0.969196
0.969202
0.969208
0.969213
0.969219
0.969225
0.969231
0.969237
0.969243
0.969249
0.969255
0.969261
0.969266
0.969272
0.969278
0.969284
0.969290
0.969296
0.969302
0.969308
0.969314
0.969320
0.969325
0.969331
0.969337
0.969343
0.969349
0.969355
0.969361
0.969367
0.969373
0.969378
0.969384
0.969390
0.969396
0.969402
0.969408
0.969414
0.969420
0.969425
0.969431
0.969437
0.969443
0.969449
0.969455
0.969461
0.969467
0.969473
0.969478
0.969484
0.969490
0.969496
0.969502
0.969508
0.969514
0.969520
0.969525
0.969531
0.969537
0.969543
0.969549
0.969555
0.969561
0.969566
0.969572
0.969578
0.969584
0.969590
0.969596
0.969602
0.969608
0.969613
0.969619
0.969625
0.969631
0.969637
0.969643
0.969649
0.969654
0.969660
0.969666
0.969672
0.969678
0.969684
0.969690
0.969695
0.969701
0.969707
0.969713
0.969719
0.969725
0.969731
0.969736
0.969742
0.969748
0.969754
0.969760
0.969766
0.969772
0.969777
0.969783
0.969789
0.969795
0.969801
0.969807
0.969812
0.969818
0.969824
0.969830
0.969836
0.969842
0.969848
0.969853
0.969859
0.969865
0.969871
0.969877
0.969883
0.969888
0.969894
0.969900
0.969906
0.969912
0.969918
0.969923
0.969929
0.969935
0.969941
0.969947
0.969953
0.969958
0.969964
0.969970
0.969976
0.969982
0.969988
0.969993
0.969999
0.970005
0.970011
0.970017
0.970023
0.970028
0.970034
0.970040
0.970046
0.970052
0.970057
0.970063
0.970069
0.970075
0.970081
0.970087
0.970092
0.970098
0.970104
0.970110
0.970116
0.970121
0.970127
0.970133
0.970139
0.970145
0.970151
0.970156
0.970162
0.970168
0.970174
0.970180
0.970185
0.970191
0.970197
0.970203
0.970209
0.970214
0.970220
0.970226
0.970232
0.970238
0.970243
0.970249
0.970255
0.970261
0.970267
0.970272
0.970278
0.970284
0.970290
0.970296
0.970301
0.970307
0.970313
0.970319
0.970325
0.970330
0.970336
0.970342
0.970348
0.970354
0.970359
0.970365
0.970371
0.970377
0.970383
0.970388
0.970394
0.970400
0.970406
0.970412
0.970417
0.970423
0.970429
0.970435
0.970440
0.970446
0.970452
0.970458
0.970464
0.970469
0.970475
0.970481
0.970487
0.970492
0.970498
0.970504
0.970510
0.970516
0.970521
0.970527
0.970533
0.970539
0.970544
0.970550
0.970556
0.970562
0.970568
0.970573
0.970579
0.970585
0.970591
0.970596
0.970602
0.970608
0.970614
0.970620
0.970625
0.970631
0.970637
0.970643
0.970648
0.970654
0.970660
0.970666
0.970671
0.970677
0.970683
0.970689
0.970694
0.970700
0.970706
0.970712
0.970717
0.970723
0.970729
0.970735
0.970740
0.970746
0.970752
0.970758
0.970764
0.970769
0.970775
0.970781
0.970787
0.970792
0.970798
0.970804
0.970810
0.970815
0.970821
0.970827
0.970833
0.970838
0.970844
0.970850
0.970855
0.970861
0.970867
0.970873
0.970878
0.970884
0.970890
0.970896
0.970901
0.970907
0.970913
0.970919
0.970924
0.970930
0.970936
0.970942
0.970947
0.970953
0.970959
0.970965
0.970970
0.970976
0.970982
0.970987
0.970993
0.970999
0.971005
0.971010
0.971016
0.971022
0.971028
0.971033
0.971039
0.971045
0.971050
0.971056
0.971062
0.971068
0.971073
0.971079
0.971085
0.971091
0.971096
0.971102
0.971108
0.971113
0.971119
0.971125
0.971131
0.971136
0.971142
0.971148
0.971153
0.971159
0.971165
0.971171
0.971176
0.971182
0.971188
0.971193
0.971199
0.971205
0.971211
0.971216
0.971222
0.971228
0.971233
0.971239
0.971245
0.971251
0.971256
0.971262
0.971268
0.971273
0.971279
0.971285
0.971290
0.971296
0.971302
0.971308
0.971313
0.971319
0.971325
0.971330
0.971336
0.971342
0.971347
0.971353
0.971359
0.971365
0.971370
0.971376
0.971382
0.971387
0.971393
0.971399
0.971404
0.971410
0.971416
0.971421
0.971427
0.971433
0.971439
0.971444
0.971450
0.971456
0.971461
0.971467
0.971473
0.971478
0.971484
0.971490
0.971495
0.971501
0.971507
0.971512
0.971518
0.971524
0.971529
0.971535
0.971541
0.971546
0.971552
0.971558
0.971564
0.971569
0.971575
0.971581
0.971586
0.971592
0.971598
0.971603
0.971609
0.971615
0.971620
0.971626
0.971632
0.971637
0.971643
0.971649
0.971654
0.971660
0.971666
0.971671
0.971677
0.971683
0.971688
0.971694
0.971700
0.971705
0.971711
0.971717
0.971722
0.971728
0.971734
0.971739
0.971745
0.971750
0.971756
0.971762
0.971767
0.971773
0.971779
0.971784
0.971790
0.971796
0.971801
0.971807
0.971813
0.971818
0.971824
0.971830
0.971835
0.971841
0.971847
0.971852
0.971858
0.971864
0.971869
0.971875
0.971880
0.971886
0.971892
0.971897
0.971903
0.971909
0.971914
0.971920
0.971926
0.971931
0.971937
0.971942
0.971948
0.971954
0.971959
0.971965
0.971971
0.971976
0.971982
0.971988
0.971993
0.971999
0.972004
0.972010
0.972016
0.972021
0.972027
0.972033
0.972038
0.972044
0.972050
0.972055
0.972061
0.972066
0.972072
0.972078
0.972083
0.972089
0.972095
0.972100
0.972106
0.972111
0.972117
0.972123
0.972128
0.972134
0.972139
0.972145
0.972151
0.972156
0.972162
0.972168
0.972173
0.972179
0.972184
0.972190
0.972196
0.972201
0.972207
0.972212
0.972218
0.972224
0.972229
0.972235
0.972241
0.972246
0.972252
0.972257
0.972263
0.972269
0.972274
0.972280
0.972285
0.972291
0.972297
0.972302
0.972308
0.972313
0.972319
0.972325
0.972330
0.972336
0.972341
0.972347
0.972353
0.972358
0.972364
0.972369
0.972375
0.972381
0.972386
0.972392
0.972397
0.972403
0.972409
0.972414
0.972420
0.972425
0.972431
0.972436
0.972442
0.972448
0.972453
0.972459
0.972464
0.972470
0.972476
0.972481
0.972487
0.972492
0.972498
0.972503
0.972509
0.972515
0.972520
0.972526
0.972531
0.972537
0.972543
0.972548
0.972554
0.972559
0.972565
0.972570
0.972576
0.972582
0.972587
0.972593
0.972598
0.972604
0.972609
0.972615
0.972621
0.972626
0.972632
0.972637
0.972643
0.972648
0.972654
0.972660
0.972665
0.972671
0.972676
0.972682
0.972687
0.972693
0.972699
0.972704
0.972710
0.972715
0.972721
0.972726
0.972732
0.972737
0.972743
0.972749
0.972754
0.972760
0.972765
0.972771
0.972776
0.972782
0.972787
0.972793
0.972799
0.972804
0.972810
0.972815
0.972821
0.972826
0.972832
0.972837
0.972843
0.972848
0.972854
0.972860
0.972865
0.972871
0.972876
0.972882
0.972887
0.972893
0.972898
0.972904
0.972909
0.972915
0.972921
0.972926
0.972932
0.972937
0.972943
0.972948
0.972954
0.972959
0.972965
0.972970
0.972976
0.972981
0.972987
0.972993
0.972998
0.973004
0.973009
0.973015
0.973020
0.973026
0.973031
0.973037
0.973042
0.973048
0.973053
0.973059
0.973064
0.973070
0.973075
0.973081
0.973087
0.973092
0.973098
0.973103
0.973109
0.973114
0.973120
0.973125
0.973131
0.973136
0.973142
0.973147
0.973153
0.973158
0.973164
0.973169
0.973175
0.973180
0.973186
0.973191
0.973197
0.973202
0.973208
0.973213
0.973219
0.973224
0.973230
0.973235
0.973241
0.973246
0.973252
0.973257
0.973263
0.973268
0.973274
0.973279
0.973285
0.973290
0.973296
0.973301
0.973307
0.973313
0.973318
0.973324
0.973329
0.973334
0.973340
0.973345
0.973351
0.973356
0.973362
0.973367
0.973373
0.973378
0.973384
0.973389
0.973395
0.973400
0.973406
0.973411
0.973417
0.973422
0.973428
0.973433
0.973439
0.973444
0.973450
0.973455
0.973461
0.973466
0.973472
0.973477
0.973483
0.973488
0.973494
0.973499
0.973505
0.973510
0.973516
0.973521
0.973527
0.973532
0.973538
0.973543
0.973548
0.973554
0.973559
0.973565
0.973570
0.973576
0.973581
0.973587
0.973592
0.973598
0.973603
0.973609
0.973614
0.973620
0.973625
0.973631
0.973636
0.973642
0.973647
0.973652
0.973658
0.973663
0.973669
0.973674
0.973680
0.973685
0.973691
0.973696
0.973702
0.973707
0.973713
0.973718
0.973723
0.973729
0.973734
0.973740
0.973745
0.973751
0.973756
0.973762
0.973767
0.973773
0.973778
0.973783
0.973789
0.973794
0.973800
0.973805
0.973811
0.973816
0.973822
0.973827
0.973833
0.973838
0.973843
0.973849
0.973854
0.973860
0.973865
0.973871
0.973876
0.973882
0.973887
0.973892
0.973898
0.973903
0.973909
0.973914
0.973920
0.973925
0.973930
0.973936
0.973941
0.973947
0.973952
0.973958
0.973963
0.973969
0.973974
0.973979
0.973985
0.973990
0.973996
0.974001
0.974007
0.974012
0.974017
0.974023
0.974028
0.974034
0.974039
0.974045
0.974050
0.974055
0.974061
0.974066
0.974072
0.974077
0.974082
0.974088
0.974093
0.974099
0.974104
0.974110
0.974115
0.974120
0.974126
0.974131
0.974137
0.974142
0.974148
0.974153
0.974158
0.974164
0.974169
0.974175
0.974180
0.974185
0.974191
0.974196
0.974202
0.974207
0.974212
0.974218
0.974223
0.974229
0.974234
0.974239
0.974245
0.974250
0.974256
0.974261
0.974267
0.974272
0.974277
0.974283
0.974288
0.974294
0.974299
0.974304
0.974310
0.974315
0.974320
0.974326
0.974331
0.974337
0.974342
0.974347
0.974353
0.974358
0.974364
0.974369
0.974374
0.974380
0.974385
0.974391
0.974396
0.974401
0.974407
0.974412
0.974418
0.974423
0.974428
0.974434
0.974439
0.974444
0.974450
0.974455
0.974461
0.974466
0.974471
0.974477
0.974482
0.974488
0.974493
0.974498
0.974504
0.974509
0.974514
0.974520
0.974525
0.974531
0.974536
0.974541
0.974547
0.974552
0.974557
0.974563
0.974568
0.974574
0.974579
0.974584
0.974590
0.974595
0.974600
0.974606
0.974611
0.974616
0.974622
0.974627
0.974633
0.974638
0.974643
0.974649
0.974654
0.974659
0.974665
0.974670
0.974675
0.974681
0.974686
0.974692
0.974697
0.974702
0.974708
0.974713
0.974718
0.974724
0.974729
0.974734
0.974740
0.974745
0.974750
0.974756
0.974761
0.974767
0.974772
0.974777
0.974783
0.974788
0.974793
0.974799
0.974804
0.974809
0.974815
0.974820
0.974825
0.974831
0.974836
0.974841
0.974847
0.974852
0.974857
0.974863
0.974868
0.974873
0.974879
0.974884
0.974889
0.974895
0.974900
0.974905
0.974911
0.974916
0.974921
0.974927
0.974932
0.974937
0.974943
0.974948
0.974953
0.974959
0.974964
0.974969
0.974975
0.974980
0.974985
0.974991
0.974996
0.975001
0.975007
0.975012
0.975017
0.975023
0.975028
0.975033
0.975039
0.975044
0.975049
0.975055
0.975060
0.975065
0.975071
0.975076
0.975081
0.975087
0.975092
0.975097
0.975102
0.975108
0.975113
0.975118
0.975124
0.975129
0.975134
0.975140
0.975145
0.975150
0.975156
0.975161
0.975166
0.975172
0.975177
0.975182
0.975187
0.975193
0.975198
0.975203
0.975209
0.975214
0.975219
0.975225
0.975230
0.975235
0.975240
0.975246
0.975251
0.975256
0.975262
0.975267
0.975272
0.975278
0.975283
0.975288
0.975293
0.975299
0.975304
0.975309
0.975315
0.975320
0.975325
0.975331
0.975336
0.975341
0.975346
0.975352
0.975357
0.975362
0.975368
0.975373
0.975378
0.975383
0.975389
0.975394
0.975399
0.975405
0.975410
0.975415
0.975420
0.975426
0.975431
0.975436
0.975441
0.975447
0.975452
0.975457
0.975463
0.975468
0.975473
0.975478
0.975484
0.975489
0.975494
0.975500
0.975505
0.975510
0.975515
0.975521
0.975526
0.975531
0.975536
0.975542
0.975547
0.975552
0.975558
0.975563
0.975568
0.975573
0.975579
0.975584
0.975589
0.975594
0.975600
0.975605
0.975610
0.975615
0.975621
0.975626
0.975631
0.975636
0.975642
0.975647
0.975652
0.975657
0.975663
0.975668
0.975673
0.975678
0.975684
0.975689
0.975694
0.975700
0.975705
0.975710
0.975715
0.975721
0.975726
0.975731
0.975736
0.975742
0.975747
0.975752
0.975757
0.975762
0.975768
0.975773
0.975778
0.975783
0.975789
0.975794
0.975799
0.975804
0.975810
0.975815
0.975820
0.975825
0.975831
0.975836
0.975841
0.975846
0.975852
0.975857
0.975862
0.975867
0.975873
0.975878
0.975883
0.975888
0.975893
0.975899
0.975904
0.975909
0.975914
0.975920
0.975925
0.975930
0.975935
0.975940
0.975946
0.975951
0.975956
0.975961
0.975967
0.975972
0.975977
0.975982
0.975988
0.975993
0.975998
0.976003
0.976008
0.976014
0.976019
0.976024
0.976029
0.976034
0.976040
0.976045
0.976050
0.976055
0.976061
0.976066
0.976071
0.976076
0.976081
0.976087
0.976092
0.976097
0.976102
0.976107
0.976113
0.976118
0.976123
0.976128
0.976133
0.976139
0.976144
0.976149
0.976154
0.976159
0.976165
0.976170
0.976175
0.976180
0.976185
0.976191
0.976196
0.976201
0.976206
0.976211
0.976217
0.976222
0.976227
0.976232
0.976237
0.976243
0.976248
0.976253
0.976258
0.976263
0.976269
0.976274
0.976279
0.976284
0.976289
0.976295
0.976300
0.976305
0.976310
0.976315
0.976320
0.976326
0.976331
0.976336
0.976341
0.976346
0.976352
0.976357
0.976362
0.976367
0.976372
0.976378
0.976383
0.976388
0.976393
0.976398
0.976403
0.976409
0.976414
0.976419
0.976424
0.976429
0.976434
0.976440
0.976445
0.976450
0.976455
0.976460
0.976465
0.976471
0.976476
0.976481
0.976486
0.976491
0.976496
0.976502
0.976507
0.976512
0.976517
0.976522
0.976527
0.976533
0.976538
0.976543
0.976548
0.976553
0.976558
0.976564
0.976569
0.976574
0.976579
0.976584
0.976589
0.976595
0.976600
0.976605
0.976610
0.976615
0.976620
0.976625
0.976631
0.976636
0.976641
0.976646
0.976651
0.976656
0.976661
0.976667
0.976672
0.976677
0.976682
0.976687
0.976692
0.976698
0.976703
0.976708
0.976713
0.976718
0.976723
0.976728
0.976734
0.976739
0.976744
0.976749
0.976754
0.976759
0.976764
0.976769
0.976775
0.976780
0.976785
0.976790
0.976795
0.976800
0.976805
0.976811
0.976816
0.976821
0.976826
0.976831
0.976836
0.976841
0.976846
0.976852
0.976857
0.976862
0.976867
0.976872
0.976877
0.976882
0.976887
0.976893
0.976898
0.976903
0.976908
0.976913
0.976918
0.976923
0.976928
0.976934
0.976939
0.976944
0.976949
0.976954
0.976959
0.976964
0.976969
0.976974
0.976980
0.976985
0.976990
0.976995
0.977000
0.977005
0.977010
0.977015
0.977020
0.977026
0.977031
0.977036
0.977041
0.977046
0.977051
0.977056
0.977061
0.977066
0.977072
0.977077
0.977082
0.977087
0.977092
0.977097
0.977102
0.977107
0.977112
0.977117
0.977123
0.977128
0.977133
0.977138
0.977143
0.977148
0.977153
0.977158
0.977163
0.977168
0.977173
0.977179
0.977184
0.977189
0.977194
0.977199
0.977204
0.977209
0.977214
0.977219
0.977224
0.977229
0.977235
0.977240
0.977245
0.977250
0.977255
0.977260
0.977265
0.977270
0.977275
0.977280
0.977285
0.977290
0.977296
0.977301
0.977306
0.977311
0.977316
0.977321
0.977326
0.977331
0.977336
0.977341
0.977346
0.977351
0.977356
0.977362
0.977367
0.977372
0.977377
0.977382
0.977387
0.977392
0.977397
0.977402
0.977407
0.977412
0.977417
0.977422
0.977427
0.977432
0.977438
0.977443
0.977448
0.977453
0.977458
0.977463
0.977468
0.977473
0.977478
0.977483
0.977488
0.977493
0.977498
0.977503
0.977508
0.977513
0.977518
0.977523
0.977529
0.977534
0.977539
0.977544
0.977549
0.977554
0.977559
0.977564
0.977569
0.977574
0.977579
0.977584
0.977589
0.977594
0.977599
0.977604
0.977609
0.977614
0.977619
0.977624
0.977629
0.977635
0.977640
0.977645
0.977650
0.977655
0.977660
0.977665
0.977670
0.977675
0.977680
0.977685
0.977690
0.977695
0.977700
0.977705
0.977710
0.977715
0.977720
0.977725
0.977730
0.977735
0.977740
0.977745
0.977750
0.977755
0.977760
0.977765
0.977770
0.977775
0.977780
0.977786
0.977791
0.977796
0.977801
0.977806
0.977811
0.977816
0.977821
0.977826
0.977831
0.977836
0.977841
0.977846
0.977851
0.977856
0.977861
0.977866
0.977871
0.977876
0.977881
0.977886
0.977891
0.977896
0.977901
0.977906
0.977911
0.977916
0.977921
0.977926
0.977931
0.977936
0.977941
0.977946
0.977951
0.977956
0.977961
0.977966
0.977971
0.977976
0.977981
0.977986
0.977991
0.977996
0.978001
0.978006
0.978011
0.978016
0.978021
0.978026
0.978031
0.978036
0.978041
0.978046
0.978051
0.978056
0.978061
0.978066
0.978071
0.978076
0.978081
0.978086
0.978091
0.978096
0.978101
0.978106
0.978111
0.978116
0.978121
0.978126
0.978131
0.978136
0.978141
0.978146
0.978151
0.978156
0.978161
0.978166
0.978171
0.978176
0.978181
0.978186
0.978191
0.978196
0.978201
0.978206
0.978211
0.978215
0.978220
0.978225
0.978230
0.978235
0.978240
0.978245
0.978250
0.978255
0.978260
0.978265
0.978270
0.978275
0.978280
0.978285
0.978290
0.978295
0.978300
0.978305
0.978310
0.978315
0.978320
0.978325
0.978330
0.978335
0.978340
0.978345
0.978350
0.978355
0.978360
0.978365
0.978369
0.978374
0.978379
0.978384
0.978389
0.978394
0.978399
0.978404
0.978409
0.978414
0.978419
0.978424
0.978429
0.978434
0.978439
0.978444
0.978449
0.978454
0.978459
0.978464
0.978469
0.978473
0.978478
0.978483
0.978488
0.978493
0.978498
0.978503
0.978508
0.978513
0.978518
0.978523
0.978528
0.978533
0.978538
0.978543
0.978548
0.978553
0.978557
0.978562
0.978567
0.978572
0.978577
0.978582
0.978587
0.978592
0.978597
0.978602
0.978607
0.978612
0.978617
0.978622
0.978627
0.978631
0.978636
0.978641
0.978646
0.978651
0.978656
0.978661
0.978666
0.978671
0.978676
0.978681
0.978686
0.978691
0.978695
0.978700
0.978705
0.978710
0.978715
0.978720
0.978725
0.978730
0.978735
0.978740
0.978745
0.978750
0.978754
0.978759
0.978764
0.978769
0.978774
0.978779
0.978784
0.978789
0.978794
0.978799
0.978804
0.978809
0.978813
0.978818
0.978823
0.978828
0.978833
0.978838
0.978843
0.978848
0.978853
0.978858
0.978862
0.978867
0.978872
0.978877
0.978882
0.978887
0.978892
0.978897
0.978902
0.978907
0.978911
0.978916
0.978921
0.978926
0.978931
0.978936
0.978941
0.978946
0.978951
0.978956
0.978960
0.978965
0.978970
0.978975
0.978980
0.978985
0.978990
0.978995
0.979000
0.979004
0.979009
0.979014
0.979019
0.979024
0.979029
0.979034
0.979039
0.979043
0.979048
0.979053
0.979058
0.979063
0.979068
0.979073
0.979078
0.979082
0.979087
0.979092
0.979097
0.979102
0.979107
0.979112
0.979117
0.979121
0.979126
0.979131
0.979136
0.979141
0.979146
0.979151
0.979156
0.979160
0.979165
0.979170
0.979175
0.979180
0.979185
0.979190
0.979195
0.979199
0.979204
0.979209
0.979214
0.979219
0.979224
0.979229
0.979233
0.979238
0.979243
0.979248
0.979253
0.979258
0.979263
0.979267
0.979272
0.979277
0.979282
0.979287
0.979292
0.979297
0.979301
0.979306
0.979311
0.979316
0.979321
0.979326
0.979330
0.979335
0.979340
0.979345
0.979350
0.979355
0.979360
0.979364
0.979369
0.979374
0.979379
0.979384
0.979389
0.979393
0.979398
0.979403
0.979408
0.979413
0.979418
0.979422
0.979427
0.979432
0.979437
0.979442
0.979447
0.979452
0.979456
0.979461
0.979466
0.979471
0.979476
0.979480
0.979485
0.979490
0.979495
0.979500
0.979505
0.979509
0.979514
0.979519
0.979524
0.979529
0.979534
0.979538
0.979543
0.979548
0.979553
0.979558
0.979563
0.979567
0.979572
0.979577
0.979582
0.979587
0.979591
0.979596
0.979601
0.979606
0.979611
0.979616
0.979620
0.979625
0.979630
0.979635
0.979640
0.979644
0.979649
0.979654
0.979659
0.979664
0.979668
0.979673
0.979678
0.979683
0.979688
0.979692
0.979697
0.979702
0.979707
0.979712
0.979717
0.979721
0.979726
0.979731
0.979736
0.979741
0.979745
0.979750
0.979755
0.979760
0.979765
0.979769
0.979774
0.979779
0.979784
0.979789
0.979793
0.979798
0.979803
0.979808
0.979812
0.979817
0.979822
0.979827
0.979832
0.979836
0.979841
0.979846
0.979851
0.979856
0.979860
0.979865
0.979870
0.979875
0.979879
0.979884
0.979889
0.979894
0.979899
0.979903
0.979908
0.979913
0.979918
0.979923
0.979927
0.979932
0.979937
0.979942
0.979946
0.979951
0.979956
0.979961
0.979966
0.979970
0.979975
0.979980
0.979985
0.979989
0.979994
0.979999
0.980004
0.980008
0.980013
0.980018
0.980023
0.980028
0.980032
0.980037
0.980042
0.980047
0.980051
0.980056
0.980061
0.980066
0.980070
0.980075
0.980080
0.980085
0.980089
0.980094
0.980099
0.980104
0.980108
0.980113
0.980118
0.980123
0.980127
0.980132
0.980137
0.980142
0.980147
0.980151
0.980156
0.980161
0.980166
0.980170
0.980175
0.980180
0.980185
0.980189
0.980194
0.980199
0.980203
0.980208
0.980213
0.980218
0.980222
0.980227
0.980232
0.980237
0.980241
0.980246
0.980251
0.980256
0.980260
0.980265
0.980270
0.980275
0.980279
0.980284
0.980289
0.980294
0.980298
0.980303
0.980308
0.980312
0.980317
0.980322
0.980327
0.980331
0.980336
0.980341
0.980346
0.980350
0.980355
0.980360
0.980365
0.980369
0.980374
0.980379
0.980383
0.980388
0.980393
0.980398
0.980402
0.980407
0.980412
0.980416
0.980421
0.980426
0.980431
0.980435
0.980440
0.980445
0.980450
0.980454
0.980459
0.980464
0.980468
0.980473
0.980478
0.980483
0.980487
0.980492
0.980497
0.980501
0.980506
0.980511
0.980515
0.980520
0.980525
0.980530
0.980534
0.980539
0.980544
0.980548
0.980553
0.980558
0.980563
0.980567
0.980572
0.980577
0.980581
0.980586
0.980591
0.980595
0.980600
0.980605
0.980610
0.980614
0.980619
0.980624
0.980628
0.980633
0.980638
0.980642
0.980647
0.980652
0.980656
0.980661
0.980666
0.980671
0.980675
0.980680
0.980685
0.980689
0.980694
0.980699
0.980703
0.980708
0.980713
0.980717
0.980722
0.980727
0.980731
0.980736
0.980741
0.980746
0.980750
0.980755
0.980760
0.980764
0.980769
0.980774
0.980778
0.980783
0.980788
0.980792
0.980797
0.980802
0.980806
0.980811
0.980816
0.980820
0.980825
0.980830
0.980834
0.980839
0.980844
0.980848
0.980853
0.980858
0.980862
0.980867
0.980872
0.980876
0.980881
0.980886
0.980890
0.980895
0.980900
0.980904
0.980909
0.980914
0.980918
0.980923
0.980928
0.980932
0.980937
0.980942
0.980946
0.980951
0.980956
0.980960
0.980965
0.980970
0.980974
0.980979
0.980984
0.980988
0.980993
0.980997
0.981002
0.981007
0.981011
0.981016
0.981021
0.981025
0.981030
0.981035
0.981039
0.981044
0.981049
0.981053
0.981058
0.981063
0.981067
0.981072
0.981076
0.981081
0.981086
0.981090
0.981095
0.981100
0.981104
0.981109
0.981114
0.981118
0.981123
0.981127
0.981132
0.981137
0.981141
0.981146
0.981151
0.981155
0.981160
0.981165
0.981169
0.981174
0.981178
0.981183
0.981188
0.981192
0.981197
0.981202
0.981206
0.981211
0.981215
0.981220
0.981225
0.981229
0.981234
0.981239
0.981243
0.981248
0.981252
0.981257
0.981262
0.981266
0.981271
0.981275
0.981280
0.981285
0.981289
0.981294
0.981299
0.981303
0.981308
0.981312
0.981317
0.981322
0.981326
0.981331
0.981335
0.981340
0.981345
0.981349
0.981354
0.981358
0.981363
0.981368
0.981372
0.981377
0.981381
0.981386
0.981391
0.981395
0.981400
0.981405
0.981409
0.981414
0.981418
0.981423
0.981428
0.981432
0.981437
0.981441
0.981446
0.981450
0.981455
0.981460
0.981464
0.981469
0.981473
0.981478
0.981483
0.981487
0.981492
0.981496
0.981501
0.981506
0.981510
0.981515
0.981519
0.981524
0.981529
0.981533
0.981538
0.981542
0.981547
0.981551
0.981556
0.981561
0.981565
0.981570
0.981574
0.981579
0.981584
0.981588
0.981593
0.981597
0.981602
0.981606
0.981611
0.981616
0.981620
0.981625
0.981629
0.981634
0.981638
0.981643
0.981648
0.981652
0.981657
0.981661
0.981666
0.981670
0.981675
0.981680
0.981684
0.981689
0.981693
0.981698
0.981702
0.981707
0.981711
0.981716
0.981721
0.981725
0.981730
0.981734
0.981739
0.981743
0.981748
0.981753
0.981757
0.981762
0.981766
0.981771
0.981775
0.981780
0.981784
0.981789
0.981794
0.981798
0.981803
0.981807
0.981812
0.981816
0.981821
0.981825
0.981830
0.981834
0.981839
0.981844
0.981848
0.981853
0.981857
0.981862
0.981866
0.981871
0.981875
0.981880
0.981884
0.981889
0.981894
0.981898
0.981903
0.981907
0.981912
0.981916
0.981921
0.981925
0.981930
0.981934
0.981939
0.981943
0.981948
0.981953
0.981957
0.981962
0.981966
0.981971
0.981975
0.981980
0.981984
0.981989
0.981993
0.981998
0.982002
0.982007
0.982011
0.982016
0.982020
0.982025
0.982030
0.982034
0.982039
0.982043
0.982048
0.982052
0.982057
0.982061
0.982066
0.982070
0.982075
0.982079
0.982084
0.982088
0.982093
0.982097
0.982102
0.982106
0.982111
0.982115
0.982120
0.982124
0.982129
0.982133
0.982138
0.982142
0.982147
0.982151
0.982156
0.982160
0.982165
0.982169
0.982174
0.982178
0.982183
0.982187
0.982192
0.982197
0.982201
0.982206
0.982210
0.982215
0.982219
0.982224
0.982228
0.982233
0.982237
0.982242
0.982246
0.982250
0.982255
0.982259
0.982264
0.982268
0.982273
0.982277
0.982282
0.982286
0.982291
0.982295
0.982300
0.982304
0.982309
0.982313
0.982318
0.982322
0.982327
0.982331
0.982336
0.982340
0.982345
0.982349
0.982354
0.982358
0.982363
0.982367
0.982372
0.982376
0.982381
0.982385
0.982390
0.982394
0.982399
0.982403
0.982408
0.982412
0.982416
0.982421
0.982425
0.982430
0.982434
0.982439
0.982443
0.982448
0.982452
0.982457
0.982461
0.982466
0.982470
0.982475
0.982479
0.982484
0.982488
0.982492
0.982497
0.982501
0.982506
0.982510
0.982515
0.982519
0.982524
0.982528
0.982533
0.982537
0.982542
0.982546
0.982550
0.982555
0.982559
0.982564
0.982568
0.982573
0.982577
0.982582
0.982586
0.982591
0.982595
0.982599
0.982604
0.982608
0.982613
0.982617
0.982622
0.982626
0.982631
0.982635
0.982639
0.982644
0.982648
0.982653
0.982657
0.982662
0.982666
0.982671
0.982675
0.982679
0.982684
0.982688
0.982693
0.982697
0.982702
0.982706
0.982711
0.982715
0.982719
0.982724
0.982728
0.982733
0.982737
0.982742
0.982746
0.982750
0.982755
0.982759
0.982764
0.982768
0.982773
0.982777
0.982782
0.982786
0.982790
0.982795
0.982799
0.982804
0.982808
0.982812
0.982817
0.982821
0.982826
0.982830
0.982835
0.982839
0.982843
0.982848
0.982852
0.982857
0.982861
0.982866
0.982870
0.982874
0.982879
0.982883
0.982888
0.982892
0.982896
0.982901
0.982905
0.982910
0.982914
0.982919
0.982923
0.982927
0.982932
0.982936
0.982941
0.982945
0.982949
0.982954
0.982958
0.982963
0.982967
0.982971
0.982976
0.982980
0.982985
0.982989
0.982993
0.982998
0.983002
0.983007
0.983011
0.983015
0.983020
0.983024
0.983029
0.983033
0.983037
0.983042
0.983046
0.983051
0.983055
0.983059
0.983064
0.983068
0.983073
0.983077
0.983081
0.983086
0.983090
0.983095
0.983099
0.983103
0.983108
0.983112
0.983116
0.983121
0.983125
0.983130
0.983134
0.983138
0.983143
0.983147
0.983152
0.983156
0.983160
0.983165
0.983169
0.983173
0.983178
0.983182
0.983187
0.983191
0.983195
0.983200
0.983204
0.983208
0.983213
0.983217
0.983222
0.983226
0.983230
0.983235
0.983239
0.983243
0.983248
0.983252
0.983257
0.983261
0.983265
0.983270
0.983274
0.983278
0.983283
0.983287
0.983291
0.983296
0.983300
0.983305
0.983309
0.983313
0.983318
0.983322
0.983326
0.983331
0.983335
0.983339
0.983344
0.983348
0.983352
0.983357
0.983361
0.983366
0.983370
0.983374
0.983379
0.983383
0.983387
0.983392
0.983396
0.983400
0.983405
0.983409
0.983413
0.983418
0.983422
0.983426
0.983431
0.983435
0.983439
0.983444
0.983448
0.983452
0.983457
0.983461
0.983466
0.983470
0.983474
0.983479
0.983483
0.983487
0.983492
0.983496
0.983500
0.983505
0.983509
0.983513
0.983518
0.983522
0.983526
0.983531
0.983535
0.983539
0.983544
0.983548
0.983552
0.983557
0.983561
0.983565
0.983570
0.983574
0.983578
0.983582
0.983587
0.983591
0.983595
0.983600
0.983604
0.983608
0.983613
0.983617
0.983621
0.983626
0.983630
0.983634
0.983639
0.983643
0.983647
0.983652
0.983656
0.983660
0.983665
0.983669
0.983673
0.983678
0.983682
0.983686
0.983690
0.983695
0.983699
0.983703
0.983708
0.983712
0.983716
0.983721
0.983725
0.983729
0.983734
0.983738
0.983742
0.983746
0.983751
0.983755
0.983759
0.983764
0.983768
0.983772
0.983777
0.983781
0.983785
0.983789
0.983794
0.983798
0.983802
0.983807
0.983811
0.983815
0.983820
0.983824
0.983828
0.983832
0.983837
0.983841
0.983845
0.983850
0.983854
0.983858
0.983862
0.983867
0.983871
0.983875
0.983880
0.983884
0.983888
0.983892
0.983897
0.983901
0.983905
0.983910
0.983914
0.983918
0.983922
0.983927
0.983931
0.983935
0.983940
0.983944
0.983948
0.983952
0.983957
0.983961
0.983965
0.983969
0.983974
0.983978
0.983982
0.983987
0.983991
0.983995
0.983999
0.984004
0.984008
0.984012
0.984016
0.984021
0.984025
0.984029
0.984034
0.984038
0.984042
0.984046
0.984051
0.984055
0.984059
0.984063
0.984068
0.984072
0.984076
0.984080
0.984085
0.984089
0.984093
0.984097
0.984102
0.984106
0.984110
0.984114
0.984119
0.984123
0.984127
0.984132
0.984136
0.984140
0.984144
0.984149
0.984153
0.984157
0.984161
0.984166
0.984170
0.984174
0.984178
0.984183
0.984187
0.984191
0.984195
0.984199
0.984204
0.984208
0.984212
0.984216
0.984221
0.984225
0.984229
0.984233
0.984238
0.984242
0.984246
0.984250
0.984255
0.984259
0.984263
0.984267
0.984272
0.984276
0.984280
0.984284
0.984288
0.984293
0.984297
0.984301
0.984305
0.984310
0.984314
0.984318
0.984322
0.984327
0.984331
0.984335
0.984339
0.984343
0.984348
0.984352
0.984356
0.984360
0.984365
0.984369
0.984373
0.984377
0.984381
0.984386
0.984390
0.984394
0.984398
0.984403
0.984407
0.984411
0.984415
0.984419
0.984424
0.984428
0.984432
0.984436
0.984440
0.984445
0.984449
0.984453
0.984457
0.984462
0.984466
0.984470
0.984474
0.984478
0.984483
0.984487
0.984491
0.984495
0.984499
0.984504
0.984508
0.984512
0.984516
0.984520
0.984525
0.984529
0.984533
0.984537
0.984541
0.984546
0.984550
0.984554
0.984558
0.984562
0.984567
0.984571
0.984575
0.984579
0.984583
0.984588
0.984592
0.984596
0.984600
0.984604
0.984608
0.984613
0.984617
0.984621
0.984625
0.984629
0.984634
0.984638
0.984642
0.984646
0.984650
0.984655
0.984659
0.984663
0.984667
0.984671
0.984675
0.984680
0.984684
0.984688
0.984692
0.984696
0.984701
0.984705
0.984709
0.984713
0.984717
0.984721
0.984726
0.984730
0.984734
0.984738
0.984742
0.984746
0.984751
0.984755
0.984759
0.984763
0.984767
0.984771
0.984776
0.984780
0.984784
0.984788
0.984792
0.984796
0.984801
0.984805
0.984809
0.984813
0.984817
0.984821
0.984826
0.984830
0.984834
0.984838
0.984842
0.984846
0.984851
0.984855
0.984859
0.984863
0.984867
0.984871
0.984875
0.984880
0.984884
0.984888
0.984892
0.984896
0.984900
0.984904
0.984909
0.984913
0.984917
0.984921
0.984925
0.984929
0.984934
0.984938
0.984942
0.984946
0.984950
0.984954
0.984958
0.984963
0.984967
0.984971
0.984975
0.984979
0.984983
0.984987
0.984991
0.984996
0.985000
0.985004
0.985008
0.985012
0.985016
0.985020
0.985025
0.985029
0.985033
0.985037
0.985041
0.985045
0.985049
0.985053
0.985058
0.985062
0.985066
0.985070
0.985074
0.985078
0.985082
0.985086
0.985091
0.985095
0.985099
0.985103
0.985107
0.985111
0.985115
0.985119
0.985124
0.985128
0.985132
0.985136
0.985140
0.985144
0.985148
0.985152
0.985157
0.985161
0.985165
0.985169
0.985173
0.985177
0.985181
0.985185
0.985189
0.985194
0.985198
0.985202
0.985206
0.985210
0.985214
0.985218
0.985222
0.985226
0.985230
0.985235
0.985239
0.985243
0.985247
0.985251
0.985255
0.985259
0.985263
0.985267
0.985271
0.985276
0.985280
0.985284
0.985288
0.985292
0.985296
0.985300
0.985304
0.985308
0.985312
0.985317
0.985321
0.985325
0.985329
0.985333
0.985337
0.985341
0.985345
0.985349
0.985353
0.985357
0.985362
0.985366
0.985370
0.985374
0.985378
0.985382
0.985386
0.985390
0.985394
0.985398
0.985402
0.985406
0.985411
0.985415
0.985419
0.985423
0.985427
0.985431
0.985435
0.985439
0.985443
0.985447
0.985451
0.985455
0.985459
0.985464
0.985468
0.985472
0.985476
0.985480
0.985484
0.985488
0.985492
0.985496
0.985500
0.985504
0.985508
0.985512
0.985516
0.985520
0.985525
0.985529
0.985533
0.985537
0.985541
0.985545
0.985549
0.985553
0.985557
0.985561
0.985565
0.985569
0.985573
0.985577
0.985581
0.985585
0.985589
0.985594
0.985598
0.985602
0.985606
0.985610
0.985614
0.985618
0.985622
0.985626
0.985630
0.985634
0.985638
0.985642
0.985646
0.985650
0.985654
0.985658
0.985662
0.985666
0.985670
0.985674
0.985679
0.985683
0.985687
0.985691
0.985695
0.985699
0.985703
0.985707
0.985711
0.985715
0.985719
0.985723
0.985727
0.985731
0.985735
0.985739
0.985743
0.985747
0.985751
0.985755
0.985759
0.985763
0.985767
0.985771
0.985775
0.985779
0.985783
0.985787
0.985791
0.985795
0.985800
0.985804
0.985808
0.985812
0.985816
0.985820
0.985824
0.985828
0.985832
0.985836
0.985840
0.985844
0.985848
0.985852
0.985856
0.985860
0.985864
0.985868
0.985872
0.985876
0.985880
0.985884
0.985888
0.985892
0.985896
0.985900
0.985904
0.985908
0.985912
0.985916
0.985920
0.985924
0.985928
0.985932
0.985936
0.985940
0.985944
0.985948
0.985952
0.985956
0.985960
0.985964
0.985968
0.985972
0.985976
0.985980
0.985984
0.985988
0.985992
0.985996
0.986000
0.986004
0.986008
0.986012
0.986016
0.986020
0.986024
0.986028
0.986032
0.986036
0.986040
0.986044
0.986048
0.986052
0.986056
0.986060
0.986064
0.986068
0.986072
0.986076
0.986080
0.986084
0.986088
0.986092
0.986096
0.986100
0.986104
0.986108
0.986112
0.986116
0.986120
0.986124
0.986128
0.986132
0.986136
0.986140
0.986144
0.986148
0.986152
0.986155
0.986159
0.986163
0.986167
0.986171
0.986175
0.986179
0.986183
0.986187
0.986191
0.986195
0.986199
0.986203
0.986207
0.986211
0.986215
0.986219
0.986223
0.986227
0.986231
0.986235
0.986239
0.986243
0.986247
0.986251
0.986255
0.986259
0.986263
0.986267
0.986271
0.986274
0.986278
0.986282
0.986286
0.986290
0.986294
0.986298
0.986302
0.986306
0.986310
0.986314
0.986318
0.986322
0.986326
0.986330
0.986334
0.986338
0.986342
0.986346
0.986350
0.986354
0.986357
0.986361
0.986365
0.986369
0.986373
0.986377
0.986381
0.986385
0.986389
0.986393
0.986397
0.986401
0.986405
0.986409
0.986413
0.986417
0.986421
0.986424
0.986428
0.986432
0.986436
0.986440
0.986444
0.986448
0.986452
0.986456
0.986460
0.986464
0.986468
0.986472
0.986476
0.986480
0.986483
0.986487
0.986491
0.986495
0.986499
0.986503
0.986507
0.986511
0.986515
0.986519
0.986523
0.986527
0.986531
0.986534
0.986538
0.986542
0.986546
0.986550
0.986554
0.986558
0.986562
0.986566
0.986570
0.986574
0.986578
0.986581
0.986585
0.986589
0.986593
0.986597
0.986601
0.986605
0.986609
0.986613
0.986617
0.986621
0.986624
0.986628
0.986632
0.986636
0.986640
0.986644
0.986648
0.986652
0.986656
0.986660
0.986663
0.986667
0.986671
0.986675
0.986679
0.986683
0.986687
0.986691
0.986695
0.986699
0.986702
0.986706
0.986710
0.986714
0.986718
0.986722
0.986726
0.986730
0.986734
0.986738
0.986741
0.986745
0.986749
0.986753
0.986757
0.986761
0.986765
0.986769
0.986773
0.986776
0.986780
0.986784
0.986788
0.986792
0.986796
0.986800
0.986804
0.986807
0.986811
0.986815
0.986819
0.986823
0.986827
0.986831
0.986835
0.986838
0.986842
0.986846
0.986850
0.986854
0.986858
0.986862
0.986866
0.986869
0.986873
0.986877
0.986881
0.986885
0.986889
0.986893
0.986897
0.986900
0.986904
0.986908
0.986912
0.986916
0.986920
0.986924
0.986927
0.986931
0.986935
0.986939
0.986943
0.986947
0.986951
0.986955
0.986958
0.986962
0.986966
0.986970
0.986974
0.986978
0.986982
0.986985
0.986989
0.986993
0.986997
0.987001
0.987005
0.987008
0.987012
0.987016
0.987020
0.987024
0.987028
0.987032
0.987035
0.987039
0.987043
0.987047
0.987051
0.987055
0.987058
0.987062
0.987066
0.987070
0.987074
0.987078
0.987082
0.987085
0.987089
0.987093
0.987097
0.987101
0.987105
0.987108
0.987112
0.987116
0.987120
0.987124
0.987128
0.987131
0.987135
0.987139
0.987143
0.987147
0.987151
0.987154
0.987158
0.987162
0.987166
0.987170
0.987174
0.987177
0.987181
0.987185
0.987189
0.987193
0.987196
0.987200
0.987204
0.987208
0.987212
0.987216
0.987219
0.987223
0.987227
0.987231
0.987235
0.987239
0.987242
0.987246
0.987250
0.987254
0.987258
0.987261
0.987265
0.987269
0.987273
0.987277
0.987280
0.987284
0.987288
0.987292
0.987296
0.987300
0.987303
0.987307
0.987311
0.987315
0.987319
0.987322
0.987326
0.987330
0.987334
0.987338
0.987341
0.987345
0.987349
0.987353
0.987357
0.987360
0.987364
0.987368
0.987372
0.987376
0.987379
0.987383
0.987387
0.987391
0.987395
0.987398
0.987402
0.987406
0.987410
0.987413
0.987417
0.987421
0.987425
0.987429
0.987432
0.987436
0.987440
0.987444
0.987448
0.987451
0.987455
0.987459
0.987463
0.987467
0.987470
0.987474
0.987478
0.987482
0.987485
0.987489
0.987493
0.987497
0.987501
0.987504
0.987508
0.987512
0.987516
0.987519
0.987523
0.987527
0.987531
0.987535
0.987538
0.987542
0.987546
0.987550
0.987553
0.987557
0.987561
0.987565
0.987568
0.987572
0.987576
0.987580
0.987584
0.987587
0.987591
0.987595
0.987599
0.987602
0.987606
0.987610
0.987614
0.987617
0.987621
0.987625
0.987629
0.987632
0.987636
0.987640
0.987644
0.987647
0.987651
0.987655
0.987659
0.987662
0.987666
0.987670
0.987674
0.987677
0.987681
0.987685
0.987689
0.987692
0.987696
0.987700
0.987704
0.987707
0.987711
0.987715
0.987719
0.987722
0.987726
0.987730
0.987734
0.987737
0.987741
0.987745
0.987749
0.987752
0.987756
0.987760
0.987764
0.987767
0.987771
0.987775
0.987779
0.987782
0.987786
0.987790
0.987793
0.987797
0.987801
0.987805
0.987808
0.987812
0.987816
0.987820
0.987823
0.987827
0.987831
0.987835
0.987838
0.987842
0.987846
0.987849
0.987853
0.987857
0.987861
0.987864
0.987868
0.987872
0.987875
0.987879
0.987883
0.987887
0.987890
0.987894
0.987898
0.987902
0.987905
0.987909
0.987913
0.987916
0.987920
0.987924
0.987928
0.987931
0.987935
0.987939
0.987942
0.987946
0.987950
0.987953
0.987957
0.987961
0.987965
0.987968
0.987972
0.987976
0.987979
0.987983
0.987987
0.987991
0.987994
0.987998
0.988002
0.988005
0.988009
0.988013
0.988016
0.988020
0.988024
0.988028
0.988031
0.988035
0.988039
0.988042
0.988046
0.988050
0.988053
0.988057
0.988061
0.988065
0.988068
0.988072
0.988076
0.988079
0.988083
0.988087
0.988090
0.988094
0.988098
0.988101
0.988105
0.988109
0.988112
0.988116
0.988120
0.988124
0.988127
0.988131
0.988135
0.988138
0.988142
0.988146
0.988149
0.988153
0.988157
0.988160
0.988164
0.988168
0.988171
0.988175
0.988179
0.988182
0.988186
0.988190
0.988193
0.988197
0.988201
0.988204
0.988208
0.988212
0.988215
0.988219
0.988223
0.988226
0.988230
0.988234
0.988237
0.988241
0.988245
0.988248
0.988252
0.988256
0.988259
0.988263
0.988267
0.988270
0.988274
0.988278
0.988281
0.988285
0.988289
0.988292
0.988296
0.988300
0.988303
0.988307
0.988311
0.988314
0.988318
0.988322
0.988325
0.988329
0.988333
0.988336
0.988340
0.988343
0.988347
0.988351
0.988354
0.988358
0.988362
0.988365
0.988369
0.988373
0.988376
0.988380
0.988384
0.988387
0.988391
0.988395
0.988398
0.988402
0.988405
0.988409
0.988413
0.988416
0.988420
0.988424
0.988427
0.988431
0.988435
0.988438
0.988442
0.988445
0.988449
0.988453
0.988456
0.988460
0.988464
0.988467
0.988471
0.988474
0.988478
0.988482
0.988485
0.988489
0.988493
0.988496
0.988500
0.988503
0.988507
0.988511
0.988514
0.988518
0.988522
0.988525
0.988529
0.988532
0.988536
0.988540
0.988543
0.988547
0.988551
0.988554
0.988558
0.988561
0.988565
0.988569
0.988572
0.988576
0.988579
0.988583
0.988587
0.988590
0.988594
0.988598
0.988601
0.988605
0.988608
0.988612
0.988616
0.988619
0.988623
0.988626
0.988630
0.988634
0.988637
0.988641
0.988644
0.988648
0.988652
0.988655
0.988659
0.988662
0.988666
0.988670
0.988673
0.988677
0.988680
0.988684
0.988688
0.988691
0.988695
0.988698
0.988702
0.988706
0.988709
0.988713
0.988716
0.988720
0.988723
0.988727
0.988731
0.988734
0.988738
0.988741
0.988745
0.988749
0.988752
0.988756
0.988759
0.988763
0.988767
0.988770
0.988774
0.988777
0.988781
0.988784
0.988788
0.988792
0.988795
0.988799
0.988802
0.988806
0.988809
0.988813
0.988817
0.988820
0.988824
0.988827
0.988831
0.988834
0.988838
0.988842
0.988845
0.988849
0.988852
0.988856
0.988859
0.988863
0.988867
0.988870
0.988874
0.988877
0.988881
0.988884
0.988888
0.988892
0.988895
0.988899
0.988902
0.988906
0.988909
0.988913
0.988916
0.988920
0.988924
0.988927
0.988931
0.988934
0.988938
0.988941
0.988945
0.988948
0.988952
0.988956
0.988959
0.988963
0.988966
0.988970
0.988973
0.988977
0.988980
0.988984
0.988988
0.988991
0.988995
0.988998
0.989002
0.989005
0.989009
0.989012
0.989016
0.989019
0.989023
0.989027
0.989030
0.989034
0.989037
0.989041
0.989044
0.989048
0.989051
0.989055
0.989058
0.989062
0.989065
0.989069
0.989073
0.989076
0.989080
0.989083
0.989087
0.989090
0.989094
0.989097
0.989101
0.989104
0.989108
0.989111
0.989115
0.989118
0.989122
0.989125
0.989129
0.989133
0.989136
0.989140
0.989143
0.989147
0.989150
0.989154
0.989157
0.989161
0.989164
0.989168
0.989171
0.989175
0.989178
0.989182
0.989185
0.989189
0.989192
0.989196
0.989199
0.989203
0.989206
0.989210
0.989213
0.989217
0.989220
0.989224
0.989227
0.989231
0.989234
0.989238
0.989241
0.989245
0.989248
0.989252
0.989255
0.989259
0.989263
0.989266
0.989270
0.989273
0.989277
0.989280
0.989284
0.989287
0.989291
0.989294
0.989298
0.989301
0.989304
0.989308
0.989311
0.989315
0.989318
0.989322
0.989325
0.989329
0.989332
0.989336
0.989339
0.989343
0.989346
0.989350
0.989353
0.989357
0.989360
0.989364
0.989367
0.989371
0.989374
0.989378
0.989381
0.989385
0.989388
0.989392
0.989395
0.989399
0.989402
0.989406
0.989409
0.989413
0.989416
0.989420
0.989423
0.989427
0.989430
0.989433
0.989437
0.989440
0.989444
0.989447
0.989451
0.989454
0.989458
0.989461
0.989465
0.989468
0.989472
0.989475
0.989479
0.989482
0.989486
0.989489
0.989492
0.989496
0.989499
0.989503
0.989506
0.989510
0.989513
0.989517
0.989520
0.989524
0.989527
0.989531
0.989534
0.989537
0.989541
0.989544
0.989548
0.989551
0.989555
0.989558
0.989562
0.989565
0.989569
0.989572
0.989575
0.989579
0.989582
0.989586
0.989589
0.989593
0.989596
0.989600
0.989603
0.989607
0.989610
0.989613
0.989617
0.989620
0.989624
0.989627
0.989631
0.989634
0.989638
0.989641
0.989644
0.989648
0.989651
0.989655
0.989658
0.989662
0.989665
0.989668
0.989672
0.989675
0.989679
0.989682
0.989686
0.989689
0.989693
0.989696
0.989699
0.989703
0.989706
0.989710
0.989713
0.989717
0.989720
0.989723
0.989727
0.989730
0.989734
0.989737
0.989741
0.989744
0.989747
0.989751
0.989754
0.989758
0.989761
0.989764
0.989768
0.989771
0.989775
0.989778
0.989782
0.989785
0.989788
0.989792
0.989795
0.989799
0.989802
0.989805
0.989809
0.989812
0.989816
0.989819
0.989823
0.989826
0.989829
0.989833
0.989836
0.989840
0.989843
0.989846
0.989850
0.989853
0.989857
0.989860
0.989863
0.989867
0.989870
0.989874
0.989877
0.989880
0.989884
0.989887
0.989891
0.989894
0.989897
0.989901
0.989904
0.989908
0.989911
0.989914
0.989918
0.989921
0.989925
0.989928
0.989931
0.989935
0.989938
0.989942
0.989945
0.989948
0.989952
0.989955
0.989959
0.989962
0.989965
0.989969
0.989972
0.989975
0.989979
0.989982
0.989986
0.989989
0.989992
0.989996
0.989999
0.990003
0.990006
0.990009
0.990013
0.990016
0.990019
0.990023
0.990026
0.990030
0.990033
0.990036
0.990040
0.990043
0.990046
0.990050
0.990053
0.990057
0.990060
0.990063
0.990067
0.990070
0.990073
0.990077
0.990080
0.990083
0.990087
0.990090
0.990094
0.990097
0.990100
0.990104
0.990107
0.990110
0.990114
0.990117
0.990120
0.990124
0.990127
0.990131
0.990134
0.990137
0.990141
0.990144
0.990147
0.990151
0.990154
0.990157
0.990161
0.990164
0.990167
0.990171
0.990174
0.990178
0.990181
0.990184
0.990188
0.990191
0.990194
0.990198
0.990201
0.990204
0.990208
0.990211
0.990214
0.990218
0.990221
0.990224
0.990228
0.990231
0.990234
0.990238
0.990241
0.990244
0.990248
0.990251
0.990254
0.990258
0.990261
0.990264
0.990268
0.990271
0.990274
0.990278
0.990281
0.990284
0.990288
0.990291
0.990294
0.990298
0.990301
0.990304
0.990308
0.990311
0.990314
0.990318
0.990321
0.990324
0.990328
0.990331
0.990334
0.990338
0.990341
0.990344
0.990348
0.990351
0.990354
0.990358
0.990361
0.990364
0.990368
0.990371
0.990374
0.990378
0.990381
0.990384
0.990388
0.990391
0.990394
0.990397
0.990401
0.990404
0.990407
0.990411
0.990414
0.990417
0.990421
0.990424
0.990427
0.990431
0.990434
0.990437
0.990441
0.990444
0.990447
0.990450
0.990454
0.990457
0.990460
0.990464
0.990467
0.990470
0.990474
0.990477
0.990480
0.990483
0.990487
0.990490
0.990493
0.990497
0.990500
0.990503
0.990507
0.990510
0.990513
0.990516
0.990520
0.990523
0.990526
0.990530
0.990533
0.990536
0.990539
0.990543
0.990546
0.990549
0.990553
0.990556
0.990559
0.990562
0.990566
0.990569
0.990572
0.990576
0.990579
0.990582
0.990585
0.990589
0.990592
0.990595
0.990599
0.990602
0.990605
0.990608
0.990612
0.990615
0.990618
0.990621
0.990625
0.990628
0.990631
0.990635
0.990638
0.990641
0.990644
0.990648
0.990651
0.990654
0.990657
0.990661
0.990664
0.990667
0.990671
0.990674
0.990677
0.990680
0.990684
0.990687
0.990690
0.990693
0.990697
0.990700
0.990703
0.990706
0.990710
0.990713
0.990716
0.990719
0.990723
0.990726
0.990729
0.990733
0.990736
0.990739
0.990742
0.990746
0.990749
0.990752
0.990755
0.990759
0.990762
0.990765
0.990768
0.990772
0.990775
0.990778
0.990781
0.990785
0.990788
0.990791
0.990794
0.990797
0.990801
0.990804
0.990807
0.990810
0.990814
0.990817
0.990820
0.990823
0.990827
0.990830
0.990833
0.990836
0.990840
0.990843
0.990846
0.990849
0.990853
0.990856
0.990859
0.990862
0.990866
0.990869
0.990872
0.990875
0.990878
0.990882
0.990885
0.990888
0.990891
0.990895
0.990898
0.990901
0.990904
0.990907
0.990911
0.990914
0.990917
0.990920
0.990924
0.990927
0.990930
0.990933
0.990936
0.990940
0.990943
0.990946
0.990949
0.990953
0.990956
0.990959
0.990962
0.990965
0.990969
0.990972
0.990975
0.990978
0.990981
0.990985
0.990988
0.990991
0.990994
0.990998
0.991001
0.991004
0.991007
0.991010
0.991014
0.991017
0.991020
0.991023
0.991026
0.991030
0.991033
0.991036
0.991039
0.991042
0.991046
0.991049
0.991052
0.991055
0.991058
0.991062
0.991065
0.991068
0.991071
0.991074
0.991078
0.991081
0.991084
0.991087
0.991090
0.991094
0.991097
0.991100
0.991103
0.991106
0.991110
0.991113
0.991116
0.991119
0.991122
0.991125
0.991129
0.991132
0.991135
0.991138
0.991141
0.991145
0.991148
0.991151
0.991154
0.991157
0.991160
0.991164
0.991167
0.991170
0.991173
0.991176
0.991180
0.991183
0.991186
0.991189
0.991192
0.991195
0.991199
0.991202
0.991205
0.991208
0.991211
0.991214
0.991218
0.991221
0.991224
0.991227
0.991230
0.991233
0.991237
0.991240
0.991243
0.991246
0.991249
0.991252
0.991256
0.991259
0.991262
0.991265
0.991268
0.991271
0.991275
0.991278
0.991281
0.991284
0.991287
0.991290
0.991294
0.991297
0.991300
0.991303
0.991306
0.991309
0.991312
0.991316
0.991319
0.991322
0.991325
0.991328
0.991331
0.991334
0.991338
0.991341
0.991344
0.991347
0.991350
0.991353
0.991357
0.991360
0.991363
0.991366
0.991369
0.991372
0.991375
0.991379
0.991382
0.991385
0.991388
0.991391
0.991394
0.991397
0.991400
0.991404
0.991407
0.991410
0.991413
0.991416
0.991419
0.991422
0.991426
0.991429
0.991432
0.991435
0.991438
0.991441
0.991444
0.991447
0.991451
0.991454
0.991457
0.991460
0.991463
0.991466
0.991469
0.991472
0.991476
0.991479
0.991482
0.991485
0.991488
0.991491
0.991494
0.991497
0.991501
0.991504
0.991507
0.991510
0.991513
0.991516
0.991519
0.991522
0.991525
0.991529
0.991532
0.991535
0.991538
0.991541
0.991544
0.991547
0.991550
0.991553
0.991557
0.991560
0.991563
0.991566
0.991569
0.991572
0.991575
0.991578
0.991581
0.991585
0.991588
0.991591
0.991594
0.991597
0.991600
0.991603
0.991606
0.991609
0.991612
0.991616
0.991619
0.991622
0.991625
0.991628
0.991631
0.991634
0.991637
0.991640
0.991643
0.991646
0.991650
0.991653
0.991656
0.991659
0.991662
0.991665
0.991668
0.991671
0.991674
0.991677
0.991680
0.991684
0.991687
0.991690
0.991693
0.991696
0.991699
0.991702
0.991705
0.991708
0.991711
0.991714
0.991717
0.991721
0.991724
0.991727
0.991730
0.991733
0.991736
0.991739
0.991742
0.991745
0.991748
0.991751
0.991754
0.991757
0.991760
0.991764
0.991767
0.991770
0.991773
0.991776
0.991779
0.991782
0.991785
0.991788
0.991791
0.991794
0.991797
0.991800
0.991803
0.991806
0.991810
0.991813
0.991816
0.991819
0.991822
0.991825
0.991828
0.991831
0.991834
0.991837
0.991840
0.991843
0.991846
0.991849
0.991852
0.991855
0.991858
0.991862
0.991865
0.991868
0.991871
0.991874
0.991877
0.991880
0.991883
0.991886
0.991889
0.991892
0.991895
0.991898
0.991901
0.991904
0.991907
0.991910
0.991913
0.991916
0.991919
0.991922
0.991925
0.991929
0.991932
0.991935
0.991938
0.991941
0.991944
0.991947
0.991950
0.991953
0.991956
0.991959
0.991962
0.991965
0.991968
0.991971
0.991974
0.991977
0.991980
0.991983
0.991986
0.991989
0.991992
0.991995
0.991998
0.992001
0.992004
0.992007
0.992010
0.992013
0.992016
0.992019
0.992022
0.992025
0.992028
0.992032
0.992035
0.992038
0.992041
0.992044
0.992047
0.992050
0.992053
0.992056
0.992059
0.992062
0.992065
0.992068
0.992071
0.992074
0.992077
0.992080
0.992083
0.992086
0.992089
0.992092
0.992095
0.992098
0.992101
0.992104
0.992107
0.992110
0.992113
0.992116
0.992119
0.992122
0.992125
0.992128
0.992131
0.992134
0.992137
0.992140
0.992143
0.992146
0.992149
0.992152
0.992155
0.992158
0.992161
0.992164
0.992167
0.992170
0.992173
0.992176
0.992179
0.992182
0.992185
0.992188
0.992191
0.992194
0.992197
0.992200
0.992203
0.992206
0.992209
0.992212
0.992215
0.992218
0.992221
0.992224
0.992227
0.992230
0.992233
0.992236
0.992239
0.992242
0.992244
0.992247
0.992250
0.992253
0.992256
0.992259
0.992262
0.992265
0.992268
0.992271
0.992274
0.992277
0.992280
0.992283
0.992286
0.992289
0.992292
0.992295
0.992298
0.992301
0.992304
0.992307
0.992310
0.992313
0.992316
0.992319
0.992322
0.992325
0.992328
0.992331
0.992334
0.992337
0.992340
0.992342
0.992345
0.992348
0.992351
0.992354
0.992357
0.992360
0.992363
0.992366
0.992369
0.992372
0.992375
0.992378
0.992381
0.992384
0.992387
0.992390
0.992393
0.992396
0.992399
0.992402
0.992405
0.992407
0.992410
0.992413
0.992416
0.992419
0.992422
0.992425
0.992428
0.992431
0.992434
0.992437
0.992440
0.992443
0.992446
0.992449
0.992452
0.992455
0.992458
0.992460
0.992463
0.992466
0.992469
0.992472
0.992475
0.992478
0.992481
0.992484
0.992487
0.992490
0.992493
0.992496
0.992499
0.992502
0.992504
0.992507
0.992510
0.992513
0.992516
0.992519
0.992522
0.992525
0.992528
0.992531
0.992534
0.992537
0.992540
0.992542
0.992545
0.992548
0.992551
0.992554
0.992557
0.992560
0.992563
0.992566
0.992569
0.992572
0.992575
0.992578
0.992580
0.992583
0.992586
0.992589
0.992592
0.992595
0.992598
0.992601
0.992604
0.992607
0.992610
0.992612
0.992615
0.992618
0.992621
0.992624
0.992627
0.992630
0.992633
0.992636
0.992639
0.992641
0.992644
0.992647
0.992650
0.992653
0.992656
0.992659
0.992662
0.992665
0.992668
0.992670
0.992673
0.992676
0.992679
0.992682
0.992685
0.992688
0.992691
0.992694
0.992697
0.992699
0.992702
0.992705
0.992708
0.992711
0.992714
0.992717
0.992720
0.992723
0.992725
0.992728
0.992731
0.992734
0.992737
0.992740
0.992743
0.992746
0.992748
0.992751
0.992754
0.992757
0.992760
0.992763
0.992766
0.992769
0.992772
0.992774
0.992777
0.992780
0.992783
0.992786
0.992789
0.992792
0.992795
0.992797
0.992800
0.992803
0.992806
0.992809
0.992812
0.992815
0.992817
0.992820
0.992823
0.992826
0.992829
0.992832
0.992835
0.992838
0.992840
0.992843
0.992846
0.992849
0.992852
0.992855
0.992858
0.992860
0.992863
0.992866
0.992869
0.992872
0.992875
0.992878
0.992880
0.992883
0.992886
0.992889
0.992892
0.992895
0.992898
0.992900
0.992903
0.992906
0.992909
0.992912
0.992915
0.992917
0.992920
0.992923
0.992926
0.992929
0.992932
0.992935
0.992937
0.992940
0.992943
0.992946
0.992949
0.992952
0.992954
0.992957
0.992960
0.992963
0.992966
0.992969
0.992971
0.992974
0.992977
0.992980
0.992983
0.992986
0.992989
0.992991
0.992994
0.992997
0.993000
0.993003
0.993005
0.993008
0.993011
0.993014
0.993017
0.993020
0.993022
0.993025
0.993028
0.993031
0.993034
0.993037
0.993039
0.993042
0.993045
0.993048
0.993051
0.993054
0.993056
0.993059
0.993062
0.993065
0.993068
0.993070
0.993073
0.993076
0.993079
0.993082
0.993085
0.993087
0.993090
0.993093
0.993096
0.993099
0.993101
0.993104
0.993107
0.993110
0.993113
0.993115
0.993118
0.993121
0.993124
0.993127
0.993129
0.993132
0.993135
0.993138
0.993141
0.993143
0.993146
0.993149
0.993152
0.993155
0.993157
0.993160
0.993163
0.993166
0.993169
0.993171
0.993174
0.993177
0.993180
0.993183
0.993185
0.993188
0.993191
0.993194
0.993197
0.993199
0.993202
0.993205
0.993208
0.993211
0.993213
0.993216
0.993219
0.993222
0.993224
0.993227
0.993230
0.993233
0.993236
0.993238
0.993241
0.993244
0.993247
0.993250
0.993252
0.993255
0.993258
0.993261
0.993263
0.993266
0.993269
0.993272
0.993275
0.993277
0.993280
0.993283
0.993286
0.993288
0.993291
0.993294
0.993297
0.993299
0.993302
0.993305
0.993308
0.993311
0.993313
0.993316
0.993319
0.993322
0.993324
0.993327
0.993330
0.993333
0.993335
0.993338
0.993341
0.993344
0.993346
0.993349
0.993352
0.993355
0.993358
0.993360
0.993363
0.993366
0.993369
0.993371
0.993374
0.993377
0.993380
0.993382
0.993385
0.993388
0.993391
0.993393
0.993396
0.993399
0.993402
0.993404
0.993407
0.993410
0.993413
0.993415
0.993418
0.993421
0.993424
0.993426
0.993429
0.993432
0.993435
0.993437
0.993440
0.993443
0.993445
0.993448
0.993451
0.993454
0.993456
0.993459
0.993462
0.993465
0.993467
0.993470
0.993473
0.993476
0.993478
0.993481
0.993484
0.993487
0.993489
0.993492
0.993495
0.993497
0.993500
0.993503
0.993506
0.993508
0.993511
0.993514
0.993517
0.993519
0.993522
0.993525
0.993527
0.993530
0.993533
0.993536
0.993538
0.993541
0.993544
0.993546
0.993549
0.993552
0.993555
0.993557
0.993560
0.993563
0.993565
0.993568
0.993571
0.993574
0.993576
0.993579
0.993582
0.993584
0.993587
0.993590
0.993593
0.993595
0.993598
0.993601
0.993603
0.993606
0.993609
0.993612
0.993614
0.993617
0.993620
0.993622
0.993625
0.993628
0.993630
0.993633
0.993636
0.993639
0.993641
0.993644
0.993647
0.993649
0.993652
0.993655
0.993657
0.993660
0.993663
0.993666
0.993668
0.993671
0.993674
0.993676
0.993679
0.993682
0.993684
0.993687
0.993690
0.993692
0.993695
0.993698
0.993701
0.993703
0.993706
0.993709
0.993711
0.993714
0.993717
0.993719
0.993722
0.993725
0.993727
0.993730
0.993733
0.993735
0.993738
0.993741
0.993743
0.993746
0.993749
0.993751
0.993754
0.993757
0.993759
0.993762
0.993765
0.993767
0.993770
0.993773
0.993775
0.993778
0.993781
0.993784
0.993786
0.993789
0.993792
0.993794
0.993797
0.993800
0.993802
0.993805
0.993807
0.993810
0.993813
0.993815
0.993818
0.993821
0.993823
0.993826
0.993829
0.993831
0.993834
0.993837
0.993839
0.993842
0.993845
0.993847
0.993850
0.993853
0.993855
0.993858
0.993861
0.993863
0.993866
0.993869
0.993871
0.993874
0.993877
0.993879
0.993882
0.993884
0.993887
0.993890
0.993892
0.993895
0.993898
0.993900
0.993903
0.993906
0.993908
0.993911
0.993914
0.993916
0.993919
0.993921
0.993924
0.993927
0.993929
0.993932
0.993935
0.993937
0.993940
0.993943
0.993945
0.993948
0.993950
0.993953
0.993956
0.993958
0.993961
0.993964
0.993966
0.993969
0.993972
0.993974
0.993977
0.993979
0.993982
0.993985
0.993987
0.993990
0.993993
0.993995
0.993998
0.994000
0.994003
0.994006
0.994008
0.994011
0.994013
0.994016
0.994019
0.994021
0.994024
0.994027
0.994029
0.994032
0.994034
0.994037
0.994040
0.994042
0.994045
0.994047
0.994050
0.994053
0.994055
0.994058
0.994061
0.994063
0.994066
0.994068
0.994071
0.994074
0.994076
0.994079
0.994081
0.994084
0.994087
0.994089
0.994092
0.994094
0.994097
0.994100
0.994102
0.994105
0.994107
0.994110
0.994113
0.994115
0.994118
0.994120
0.994123
0.994126
0.994128
0.994131
0.994133
0.994136
0.994139
0.994141
0.994144
0.994146
0.994149
0.994151
0.994154
0.994157
0.994159
0.994162
0.994164
0.994167
0.994170
0.994172
0.994175
0.994177
0.994180
0.994183
0.994185
0.994188
0.994190
0.994193
0.994195
0.994198
0.994201
0.994203
0.994206
0.994208
0.994211
0.994213
0.994216
0.994219
0.994221
0.994224
0.994226
0.994229
0.994231
0.994234
0.994237
0.994239
0.994242
0.994244
0.994247
0.994249
0.994252
0.994255
0.994257
0.994260
0.994262
0.994265
0.994267
0.994270
0.994273
0.994275
0.994278
0.994280
0.994283
0.994285
0.994288
0.994290
0.994293
0.994296
0.994298
0.994301
0.994303
0.994306
0.994308
0.994311
0.994313
0.994316
0.994319
0.994321
0.994324
0.994326
0.994329
0.994331
0.994334
0.994336
0.994339
0.994341
0.994344
0.994347
0.994349
0.994352
0.994354
0.994357
0.994359
0.994362
0.994364
0.994367
0.994369
0.994372
0.994375
0.994377
0.994380
0.994382
0.994385
0.994387
0.994390
0.994392
0.994395
0.994397
0.994400
0.994402
0.994405
0.994407
0.994410
0.994413
0.994415
0.994418
0.994420
0.994423
0.994425
0.994428
0.994430
0.994433
0.994435
0.994438
0.994440
0.994443
0.994445
0.994448
0.994450
0.994453
0.994455
0.994458
0.994461
0.994463
0.994466
0.994468
0.994471
0.994473
0.994476
0.994478
0.994481
0.994483
0.994486
0.994488
0.994491
0.994493
0.994496
0.994498
0.994501
0.994503
0.994506
0.994508
0.994511
0.994513
0.994516
0.994518
0.994521
0.994523
0.994526
0.994528
0.994531
0.994533
0.994536
0.994538
0.994541
0.994543
0.994546
0.994548
0.994551
0.994553
0.994556
0.994558
0.994561
0.994563
0.994566
0.994568
0.994571
0.994573
0.994576
0.994578
0.994581
0.994583
0.994586
0.994588
0.994591
0.994593
0.994596
0.994598
0.994601
0.994603
0.994606
0.994608
0.994611
0.994613
0.994616
0.994618
0.994621
0.994623
0.994626
0.994628
0.994631
0.994633
0.994635
0.994638
0.994640
0.994643
0.994645
0.994648
0.994650
0.994653
0.994655
0.994658
0.994660
0.994663
0.994665
0.994668
0.994670
0.994673
0.994675
0.994678
0.994680
0.994682
0.994685
0.994687
0.994690
0.994692
0.994695
0.994697
0.994700
0.994702
0.994705
0.994707
0.994710
0.994712
0.994715
0.994717
0.994719
0.994722
0.994724
0.994727
0.994729
0.994732
0.994734
0.994737
0.994739
0.994742
0.994744
0.994746
0.994749
0.994751
0.994754
0.994756
0.994759
0.994761
0.994764
0.994766
0.994769
0.994771
0.994773
0.994776
0.994778
0.994781
0.994783
0.994786
0.994788
0.994791
0.994793
0.994795
0.994798
0.994800
0.994803
0.994805
0.994808
0.994810
0.994812
0.994815
0.994817
0.994820
0.994822
0.994825
0.994827
0.994830
0.994832
0.994834
0.994837
0.994839
0.994842
0.994844
0.994847
0.994849
0.994851
0.994854
0.994856
0.994859
0.994861
0.994864
0.994866
0.994868
0.994871
0.994873
0.994876
0.994878
0.994881
0.994883
0.994885
0.994888
0.994890
0.994893
0.994895
0.994897
0.994900
0.994902
0.994905
0.994907
0.994910
0.994912
0.994914
0.994917
0.994919
0.994922
0.994924
0.994926
0.994929
0.994931
0.994934
0.994936
0.994939
0.994941
0.994943
0.994946
0.994948
0.994951
0.994953
0.994955
0.994958
0.994960
0.994963
0.994965
0.994967
0.994970
0.994972
0.994975
0.994977
0.994979
0.994982
0.994984
0.994987
0.994989
0.994991
0.994994
0.994996
0.994999
0.995001
0.995003
0.995006
0.995008
0.995011
0.995013
0.995015
0.995018
0.995020
0.995022
0.995025
0.995027
0.995030
0.995032
0.995034
0.995037
0.995039
0.995042
0.995044
0.995046
0.995049
0.995051
0.995053
0.995056
0.995058
0.995061
0.995063
0.995065
0.995068
0.995070
0.995072
0.995075
0.995077
0.995080
0.995082
0.995084
0.995087
0.995089
0.995091
0.995094
0.995096
0.995099
0.995101
0.995103
0.995106
0.995108
0.995110
0.995113
0.995115
0.995118
0.995120
0.995122
0.995125
0.995127
0.995129
0.995132
0.995134
0.995136
0.995139
0.995141
0.995144
0.995146
0.995148
0.995151
0.995153
0.995155
0.995158
0.995160
0.995162
0.995165
0.995167
0.995169
0.995172
0.995174
0.995177
0.995179
0.995181
0.995184
0.995186
0.995188
0.995191
0.995193
0.995195
0.995198
0.995200
0.995202
0.995205
0.995207
0.995209
0.995212
0.995214
0.995216
0.995219
0.995221
0.995223
0.995226
0.995228
0.995230
0.995233
0.995235
0.995237
0.995240
0.995242
0.995244
0.995247
0.995249
0.995251
0.995254
0.995256
0.995258
0.995261
0.995263
0.995265
0.995268
0.995270
0.995272
0.995275
0.995277
0.995279
0.995282
0.995284
0.995286
0.995289
0.995291
0.995293
0.995296
0.995298
0.995300
0.995303
0.995305
0.995307
0.995310
0.995312
0.995314
0.995317
0.995319
0.995321
0.995323
0.995326
0.995328
0.995330
0.995333
0.995335
0.995337
0.995340
0.995342
0.995344
0.995347
0.995349
0.995351
0.995354
0.995356
0.995358
0.995360
0.995363
0.995365
0.995367
0.995370
0.995372
0.995374
0.995377
0.995379
0.995381
0.995384
0.995386
0.995388
0.995390
0.995393
0.995395
0.995397
0.995400
0.995402
0.995404
0.995406
0.995409
0.995411
0.995413
0.995416
0.995418
0.995420
0.995423
0.995425
0.995427
0.995429
0.995432
0.995434
0.995436
0.995439
0.995441
0.995443
0.995445
0.995448
0.995450
0.995452
0.995455
0.995457
0.995459
0.995461
0.995464
0.995466
0.995468
0.995471
0.995473
0.995475
0.995477
0.995480
0.995482
0.995484
0.995486
0.995489
0.995491
0.995493
0.995496
0.995498
0.995500
0.995502
0.995505
0.995507
0.995509
0.995511
0.995514
0.995516
0.995518
0.995521
0.995523
0.995525
0.995527
0.995530
0.995532
0.995534
0.995536
0.995539
0.995541
0.995543
0.995545
0.995548
0.995550
0.995552
0.995554
0.995557
0.995559
0.995561
0.995563
0.995566
0.995568
0.995570
0.995572
0.995575
0.995577
0.995579
0.995581
0.995584
0.995586
0.995588
0.995590
0.995593
0.995595
0.995597
0.995599
0.995602
0.995604
0.995606
0.995608
0.995611
0.995613
0.995615
0.995617
0.995620
0.995622
0.995624
0.995626
0.995629
0.995631
0.995633
0.995635
0.995638
0.995640
0.995642
0.995644
0.995647
0.995649
0.995651
0.995653
0.995655
0.995658
0.995660
0.995662
0.995664
0.995667
0.995669
0.995671
0.995673
0.995676
0.995678
0.995680
0.995682
0.995684
0.995687
0.995689
0.995691
0.995693
0.995696
0.995698
0.995700
0.995702
0.995704
0.995707
0.995709
0.995711
0.995713
0.995715
0.995718
0.995720
0.995722
0.995724
0.995727
0.995729
0.995731
0.995733
0.995735
0.995738
0.995740
0.995742
0.995744
0.995746
0.995749
0.995751
0.995753
0.995755
0.995757
0.995760
0.995762
0.995764
0.995766
0.995769
0.995771
0.995773
0.995775
0.995777
0.995780
0.995782
0.995784
0.995786
0.995788
0.995791
0.995793
0.995795
0.995797
0.995799
0.995801
0.995804
0.995806
0.995808
0.995810
0.995812
0.995815
0.995817
0.995819
0.995821
0.995823
0.995826
0.995828
0.995830
0.995832
0.995834
0.995837
0.995839
0.995841
0.995843
0.995845
0.995847
0.995850
0.995852
0.995854
0.995856
0.995858
0.995861
0.995863
0.995865
0.995867
0.995869
0.995871
0.995874
0.995876
0.995878
0.995880
0.995882
0.995884
0.995887
0.995889
0.995891
0.995893
0.995895
0.995897
0.995900
0.995902
0.995904
0.995906
0.995908
0.995910
0.995913
0.995915
0.995917
0.995919
0.995921
0.995923
0.995926
0.995928
0.995930
0.995932
0.995934
0.995936
0.995939
0.995941
0.995943
0.995945
0.995947
0.995949
0.995952
0.995954
0.995956
0.995958
0.995960
0.995962
0.995964
0.995967
0.995969
0.995971
0.995973
0.995975
0.995977
0.995979
0.995982
0.995984
0.995986
0.995988
0.995990
0.995992
0.995994
0.995997
0.995999
0.996001
0.996003
0.996005
0.996007
0.996009
0.996012
0.996014
0.996016
0.996018
0.996020
0.996022
0.996024
0.996027
0.996029
0.996031
0.996033
0.996035
0.996037
0.996039
0.996042
0.996044
0.996046
0.996048
0.996050
0.996052
0.996054
0.996056
0.996059
0.996061
0.996063
0.996065
0.996067
0.996069
0.996071
0.996073
0.996076
0.996078
0.996080
0.996082
0.996084
0.996086
0.996088
0.996090
0.996092
0.996095
0.996097
0.996099
0.996101
0.996103
0.996105
0.996107
0.996109
0.996112
0.996114
0.996116
0.996118
0.996120
0.996122
0.996124
0.996126
0.996128
0.996130
0.996133
0.996135
0.996137
0.996139
0.996141
0.996143
0.996145
0.996147
0.996149
0.996152
0.996154
0.996156
0.996158
0.996160
0.996162
0.996164
0.996166
0.996168
0.996170
0.996172
0.996175
0.996177
0.996179
0.996181
0.996183
0.996185
0.996187
0.996189
0.996191
0.996193
0.996196
0.996198
0.996200
0.996202
0.996204
0.996206
0.996208
0.996210
0.996212
0.996214
0.996216
0.996218
0.996221
0.996223
0.996225
0.996227
0.996229
0.996231
0.996233
0.996235
0.996237
0.996239
0.996241
0.996243
0.996245
0.996248
0.996250
0.996252
0.996254
0.996256
0.996258
0.996260
0.996262
0.996264
0.996266
0.996268
0.996270
0.996272
0.996274
0.996277
0.996279
0.996281
0.996283
0.996285
0.996287
0.996289
0.996291
0.996293
0.996295
0.996297
0.996299
0.996301
0.996303
0.996305
0.996307
0.996310
0.996312
0.996314
0.996316
0.996318
0.996320
0.996322
0.996324
0.996326
0.996328
0.996330
0.996332
0.996334
0.996336
0.996338
0.996340
0.996342
0.996344
0.996346
0.996349
0.996351
0.996353
0.996355
0.996357
0.996359
0.996361
0.996363
0.996365
0.996367
0.996369
0.996371
0.996373
0.996375
0.996377
0.996379
0.996381
0.996383
0.996385
0.996387
0.996389
0.996391
0.996393
0.996395
0.996397
0.996399
0.996402
0.996404
0.996406
0.996408
0.996410
0.996412
0.996414
0.996416
0.996418
0.996420
0.996422
0.996424
0.996426
0.996428
0.996430
0.996432
0.996434
0.996436
0.996438
0.996440
0.996442
0.996444
0.996446
0.996448
0.996450
0.996452
0.996454
0.996456
0.996458
0.996460
0.996462
0.996464
0.996466
0.996468
0.996470
0.996472
0.996474
0.996476
0.996478
0.996480
0.996482
0.996484
0.996486
0.996488
0.996490
0.996492
0.996494
0.996496
0.996498
0.996500
0.996502
0.996504
0.996506
0.996508
0.996510
0.996512
0.996514
0.996516
0.996518
0.996520
0.996522
0.996524
0.996526
0.996528
0.996530
0.996532
0.996534
0.996536
0.996538
0.996540
0.996542
0.996544
0.996546
0.996548
0.996550
0.996552
0.996554
0.996556
0.996558
0.996560
0.996562
0.996564
0.996566
0.996568
0.996570
0.996572
0.996574
0.996576
0.996578
0.996580
0.996582
0.996584
0.996586
0.996588
0.996590
0.996592
0.996594
0.996596
0.996598
0.996600
0.996602
0.996604
0.996606
0.996608
0.996610
0.996612
0.996614
0.996616
0.996618
0.996620
0.996622
0.996623
0.996625
0.996627
0.996629
0.996631
0.996633
0.996635
0.996637
0.996639
0.996641
0.996643
0.996645
0.996647
0.996649
0.996651
0.996653
0.996655
0.996657
0.996659
0.996661
0.996663
0.996665
0.996667
0.996669
0.996671
0.996673
0.996674
0.996676
0.996678
0.996680
0.996682
0.996684
0.996686
0.996688
0.996690
0.996692
0.996694
0.996696
0.996698
0.996700
0.996702
0.996704
0.996706
0.996708
0.996710
0.996711
0.996713
0.996715
0.996717
0.996719
0.996721
0.996723
0.996725
0.996727
0.996729
0.996731
0.996733
0.996735
0.996737
0.996739
0.996741
0.996742
0.996744
0.996746
0.996748
0.996750
0.996752
0.996754
0.996756
0.996758
0.996760
0.996762
0.996764
0.996766
0.996768
0.996769
0.996771
0.996773
0.996775
0.996777
0.996779
0.996781
0.996783
0.996785
0.996787
0.996789
0.996791
0.996793
0.996794
0.996796
0.996798
0.996800
0.996802
0.996804
0.996806
0.996808
0.996810
0.996812
0.996814
0.996816
0.996817
0.996819
0.996821
0.996823
0.996825
0.996827
0.996829
0.996831
0.996833
0.996835
0.996837
0.996838
0.996840
0.996842
0.996844
0.996846
0.996848
0.996850
0.996852
0.996854
0.996856
0.996857
0.996859
0.996861
0.996863
0.996865
0.996867
0.996869
0.996871
0.996873
0.996874
0.996876
0.996878
0.996880
0.996882
0.996884
0.996886
0.996888
0.996890
0.996892
0.996893
0.996895
0.996897
0.996899
0.996901
0.996903
0.996905
0.996907
0.996908
0.996910
0.996912
0.996914
0.996916
0.996918
0.996920
0.996922
0.996924
0.996925
0.996927
0.996929
0.996931
0.996933
0.996935
0.996937
0.996939
0.996940
0.996942
0.996944
0.996946
0.996948
0.996950
0.996952
0.996954
0.996955
0.996957
0.996959
0.996961
0.996963
0.996965
0.996967
0.996968
0.996970
0.996972
0.996974
0.996976
0.996978
0.996980
0.996981
0.996983
0.996985
0.996987
0.996989
0.996991
0.996993
0.996995
0.996996
0.996998
0.997000
0.997002
0.997004
0.997006
0.997007
0.997009
0.997011
0.997013
0.997015
0.997017
0.997019
0.997020
0.997022
0.997024
0.997026
0.997028
0.997030
0.997032
0.997033
0.997035
0.997037
0.997039
0.997041
0.997043
0.997044
0.997046
0.997048
0.997050
0.997052
0.997054
0.997055
0.997057
0.997059
0.997061
0.997063
0.997065
0.997066
0.997068
0.997070
0.997072
0.997074
0.997076
0.997077
0.997079
0.997081
0.997083
0.997085
0.997087
0.997088
0.997090
0.997092
0.997094
0.997096
0.997098
0.997099
0.997101
0.997103
0.997105
0.997107
0.997109
0.997110
0.997112
0.997114
0.997116
0.997118
0.997119
0.997121
0.997123
0.997125
0.997127
0.997129
0.997130
0.997132
0.997134
0.997136
0.997138
0.997139
0.997141
0.997143
0.997145
0.997147
0.997148
0.997150
0.997152
0.997154
0.997156
0.997158
0.997159
0.997161
0.997163
0.997165
0.997167
0.997168
0.997170
0.997172
0.997174
0.997176
0.997177
0.997179
0.997181
0.997183
0.997185
0.997186
0.997188
0.997190
0.997192
0.997194
0.997195
0.997197
0.997199
0.997201
0.997202
0.997204
0.997206
0.997208
0.997210
0.997211
0.997213
0.997215
0.997217
0.997219
0.997220
0.997222
0.997224
0.997226
0.997228
0.997229
0.997231
0.997233
0.997235
0.997236
0.997238
0.997240
0.997242
0.997244
0.997245
0.997247
0.997249
0.997251
0.997252
0.997254
0.997256
0.997258
0.997260
0.997261
0.997263
0.997265
0.997267
0.997268
0.997270
0.997272
0.997274
0.997275
0.997277
0.997279
0.997281
0.997283
0.997284
0.997286
0.997288
0.997290
0.997291
0.997293
0.997295
0.997297
0.997298
0.997300
0.997302
0.997304
0.997305
0.997307
0.997309
0.997311
0.997312
0.997314
0.997316
0.997318
0.997319
0.997321
0.997323
0.997325
0.997326
0.997328
0.997330
0.997332
0.997333
0.997335
0.997337
0.997339
0.997340
0.997342
0.997344
0.997346
0.997347
0.997349
0.997351
0.997353
0.997354
0.997356
0.997358
0.997360
0.997361
0.997363
0.997365
0.997367
0.997368
0.997370
0.997372
0.997374
0.997375
0.997377
0.997379
0.997381
0.997382
0.997384
0.997386
0.997387
0.997389
0.997391
0.997393
0.997394
0.997396
0.997398
0.997400
0.997401
0.997403
0.997405
0.997406
0.997408
0.997410
0.997412
0.997413
0.997415
0.997417
0.997419
0.997420
0.997422
0.997424
0.997425
0.997427
0.997429
0.997431
0.997432
0.997434
0.997436
0.997437
0.997439
0.997441
0.997443
0.997444
0.997446
0.997448
0.997449
0.997451
0.997453
0.997455
0.997456
0.997458
0.997460
0.997461
0.997463
0.997465
0.997466
0.997468
0.997470
0.997472
0.997473
0.997475
0.997477
0.997478
0.997480
0.997482
0.997483
0.997485
0.997487
0.997489
0.997490
0.997492
0.997494
0.997495
0.997497
0.997499
0.997500
0.997502
0.997504
0.997506
0.997507
0.997509
0.997511
0.997512
0.997514
0.997516
0.997517
0.997519
0.997521
0.997522
0.997524
0.997526
0.997527
0.997529
0.997531
0.997533
0.997534
0.997536
0.997538
0.997539
0.997541
0.997543
0.997544
0.997546
0.997548
0.997549
0.997551
0.997553
0.997554
0.997556
0.997558
0.997559
0.997561
0.997563
0.997564
0.997566
0.997568
0.997569
0.997571
0.997573
0.997574
0.997576
0.997578
0.997579
0.997581
0.997583
0.997584
0.997586
0.997588
0.997589
0.997591
0.997593
0.997594
0.997596
0.997598
0.997599
0.997601
0.997603
0.997604
0.997606
0.997608
0.997609
0.997611
0.997613
0.997614
0.997616
0.997618
0.997619
0.997621
0.997623
0.997624
0.997626
0.997628
0.997629
0.997631
0.997632
0.997634
0.997636
0.997637
0.997639
0.997641
0.997642
0.997644
0.997646
0.997647
0.997649
0.997651
0.997652
0.997654
0.997655
0.997657
0.997659
0.997660
0.997662
0.997664
0.997665
0.997667
0.997669
0.997670
0.997672
0.997673
0.997675
0.997677
0.997678
0.997680
0.997682
0.997683
0.997685
0.997687
0.997688
0.997690
0.997691
0.997693
0.997695
0.997696
0.997698
0.997700
0.997701
0.997703
0.997704
0.997706
0.997708
0.997709
0.997711
0.997713
0.997714
0.997716
0.997717
0.997719
0.997721
0.997722
0.997724
0.997725
0.997727
0.997729
0.997730
0.997732
0.997734
0.997735
0.997737
0.997738
0.997740
0.997742
0.997743
0.997745
0.997746
0.997748
0.997750
0.997751
0.997753
0.997754
0.997756
0.997758
0.997759
0.997761
0.997762
0.997764
0.997766
0.997767
0.997769
0.997771
0.997772
0.997774
0.997775
0.997777
0.997778
0.997780
0.997782
0.997783
0.997785
0.997786
0.997788
0.997790
0.997791
0.997793
0.997794
0.997796
0.997798
0.997799
0.997801
0.997802
0.997804
0.997806
0.997807
0.997809
0.997810
0.997812
0.997813
0.997815
0.997817
0.997818
0.997820
0.997821
0.997823
0.997825
0.997826
0.997828
0.997829
0.997831
0.997832
0.997834
0.997836
0.997837
0.997839
0.997840
0.997842
0.997843
0.997845
0.997847
0.997848
0.997850
0.997851
0.997853
0.997854
0.997856
0.997858
0.997859
0.997861
0.997862
0.997864
0.997865
0.997867
0.997869
0.997870
0.997872
0.997873
0.997875
0.997876
0.997878
0.997880
0.997881
0.997883
0.997884
0.997886
0.997887
0.997889
0.997890
0.997892
0.997894
0.997895
0.997897
0.997898
0.997900
0.997901
0.997903
0.997904
0.997906
0.997908
0.997909
0.997911
0.997912
0.997914
0.997915
0.997917
0.997918
0.997920
0.997921
0.997923
0.997925
0.997926
0.997928
0.997929
0.997931
0.997932
0.997934
0.997935
0.997937
0.997938
0.997940
0.997941
0.997943
0.997945
0.997946
0.997948
0.997949
0.997951
0.997952
0.997954
0.997955
0.997957
0.997958
0.997960
0.997961
0.997963
0.997964
0.997966
0.997968
0.997969
0.997971
0.997972
0.997974
0.997975
0.997977
0.997978
0.997980
0.997981
0.997983
0.997984
0.997986
0.997987
0.997989
0.997990
0.997992
0.997993
0.997995
0.997996
0.997998
0.997999
0.998001
0.998002
0.998004
0.998006
0.998007
0.998009
0.998010
0.998012
0.998013
0.998015
0.998016
0.998018
0.998019
0.998021
0.998022
0.998024
0.998025
0.998027
0.998028
0.998030
0.998031
0.998033
0.998034
0.998036
0.998037
0.998039
0.998040
0.998042
0.998043
0.998045
0.998046
0.998048
0.998049
0.998051
0.998052
0.998054
0.998055
0.998057
0.998058
0.998060
0.998061
0.998063
0.998064
0.998066
0.998067
0.998069
0.998070
0.998072
0.998073
0.998075
0.998076
0.998077
0.998079
0.998080
0.998082
0.998083
0.998085
0.998086
0.998088
0.998089
0.998091
0.998092
0.998094
0.998095
0.998097
0.998098
0.998100
0.998101
0.998103
0.998104
0.998106
0.998107
0.998109
0.998110
0.998111
0.998113
0.998114
0.998116
0.998117
0.998119
0.998120
0.998122
0.998123
0.998125
0.998126
0.998128
0.998129
0.998131
0.998132
0.998134
0.998135
0.998136
0.998138
0.998139
0.998141
0.998142
0.998144
0.998145
0.998147
0.998148
0.998150
0.998151
0.998152
0.998154
0.998155
0.998157
0.998158
0.998160
0.998161
0.998163
0.998164
0.998166
0.998167
0.998168
0.998170
0.998171
0.998173
0.998174
0.998176
0.998177
0.998179
0.998180
0.998182
0.998183
0.998184
0.998186
0.998187
0.998189
0.998190
0.998192
0.998193
0.998194
0.998196
0.998197
0.998199
0.998200
0.998202
0.998203
0.998205
0.998206
0.998207
0.998209
0.998210
0.998212
0.998213
0.998215
0.998216
0.998217
0.998219
0.998220
0.998222
0.998223
0.998225
0.998226
0.998227
0.998229
0.998230
0.998232
0.998233
0.998235
0.998236
0.998237
0.998239
0.998240
0.998242
0.998243
0.998245
0.998246
0.998247
0.998249
0.998250
0.998252
0.998253
0.998254
0.998256
0.998257
0.998259
0.998260
0.998262
0.998263
0.998264
0.998266
0.998267
0.998269
0.998270
0.998271
0.998273
0.998274
0.998276
0.998277
0.998278
0.998280
0.998281
0.998283
0.998284
0.998285
0.998287
0.998288
0.998290
0.998291
0.998292
0.998294
0.998295
0.998297
0.998298
0.998299
0.998301
0.998302
0.998304
0.998305
0.998306
0.998308
0.998309
0.998311
0.998312
0.998313
0.998315
0.998316
0.998318
0.998319
0.998320
0.998322
0.998323
0.998325
0.998326
0.998327
0.998329
0.998330
0.998331
0.998333
0.998334
0.998336
0.998337
0.998338
0.998340
0.998341
0.998342
0.998344
0.998345
0.998347
0.998348
0.998349
0.998351
0.998352
0.998354
0.998355
0.998356
0.998358
0.998359
0.998360
0.998362
0.998363
0.998364
0.998366
0.998367
0.998369
0.998370
0.998371
0.998373
0.998374
0.998375
0.998377
0.998378
0.998380
0.998381
0.998382
0.998384
0.998385
0.998386
0.998388
0.998389
0.998390
0.998392
0.998393
0.998394
0.998396
0.998397
0.998399
0.998400
0.998401
0.998403
0.998404
0.998405
0.998407
0.998408
0.998409
0.998411
0.998412
0.998413
0.998415
0.998416
0.998417
0.998419
0.998420
0.998422
0.998423
0.998424
0.998426
0.998427
0.998428
0.998430
0.998431
0.998432
0.998434
0.998435
0.998436
0.998438
0.998439
0.998440
0.998442
0.998443
0.998444
0.998446
0.998447
0.998448
0.998450
0.998451
0.998452
0.998454
0.998455
0.998456
0.998458
0.998459
0.998460
0.998462
0.998463
0.998464
0.998466
0.998467
0.998468
0.998470
0.998471
0.998472
0.998474
0.998475
0.998476
0.998478
0.998479
0.998480
0.998482
0.998483
0.998484
0.998485
0.998487
0.998488
0.998489
0.998491
0.998492
0.998493
0.998495
0.998496
0.998497
0.998499
0.998500
0.998501
0.998503
0.998504
0.998505
0.998507
0.998508
0.998509
0.998510
0.998512
0.998513
0.998514
0.998516
0.998517
0.998518
0.998520
0.998521
0.998522
0.998523
0.998525
0.998526
0.998527
0.998529
0.998530
0.998531
0.998533
0.998534
0.998535
0.998536
0.998538
0.998539
0.998540
0.998542
0.998543
0.998544
0.998546
0.998547
0.998548
0.998549
0.998551
0.998552
0.998553
0.998555
0.998556
0.998557
0.998558
0.998560
0.998561
0.998562
0.998564
0.998565
0.998566
0.998567
0.998569
0.998570
0.998571
0.998573
0.998574
0.998575
0.998576
0.998578
0.998579
0.998580
0.998581
0.998583
0.998584
0.998585
0.998587
0.998588
0.998589
0.998590
0.998592
0.998593
0.998594
0.998595
0.998597
0.998598
0.998599
0.998601
0.998602
0.998603
0.998604
0.998606
0.998607
0.998608
0.998609
0.998611
0.998612
0.998613
0.998614
0.998616
0.998617
0.998618
0.998620
0.998621
0.998622
0.998623
0.998625
0.998626
0.998627
0.998628
0.998630
0.998631
0.998632
0.998633
0.998635
0.998636
0.998637
0.998638
0.998640
0.998641
0.998642
0.998643
0.998645
0.998646
0.998647
0.998648
0.998650
0.998651
0.998652
0.998653
0.998655
0.998656
0.998657
0.998658
0.998660
0.998661
0.998662
0.998663
0.998664
0.998666
0.998667
0.998668
0.998669
0.998671
0.998672
0.998673
0.998674
0.998676
0.998677
0.998678
0.998679
0.998681
0.998682
0.998683
0.998684
0.998685
0.998687
0.998688
0.998689
0.998690
0.998692
0.998693
0.998694
0.998695
0.998696
0.998698
0.998699
0.998700
0.998701
0.998703
0.998704
0.998705
0.998706
0.998707
0.998709
0.998710
0.998711
0.998712
0.998714
0.998715
0.998716
0.998717
0.998718
0.998720
0.998721
0.998722
0.998723
0.998724
0.998726
0.998727
0.998728
0.998729
0.998731
0.998732
0.998733
0.998734
0.998735
0.998737
0.998738
0.998739
0.998740
0.998741
0.998743
0.998744
0.998745
0.998746
0.998747
0.998749
0.998750
0.998751
0.998752
0.998753
0.998755
0.998756
0.998757
0.998758
0.998759
0.998761
0.998762
0.998763
0.998764
0.998765
0.998766
0.998768
0.998769
0.998770
0.998771
0.998772
0.998774
0.998775
0.998776
0.998777
0.998778
0.998780
0.998781
0.998782
0.998783
0.998784
0.998785
0.998787
0.998788
0.998789
0.998790
0.998791
0.998793
0.998794
0.998795
0.998796
0.998797
0.998798
0.998800
0.998801
0.998802
0.998803
0.998804
0.998805
0.998807
0.998808
0.998809
0.998810
0.998811
0.998812
0.998814
0.998815
0.998816
0.998817
0.998818
0.998819
0.998821
0.998822
0.998823
0.998824
0.998825
0.998826
0.998828
0.998829
0.998830
0.998831
0.998832
0.998833
0.998835
0.998836
0.998837
0.998838
0.998839
0.998840
0.998841
0.998843
0.998844
0.998845
0.998846
0.998847
0.998848
0.998850
0.998851
0.998852
0.998853
0.998854
0.998855
0.998856
0.998858
0.998859
0.998860
0.998861
0.998862
0.998863
0.998864
0.998866
0.998867
0.998868
0.998869
0.998870
0.998871
0.998872
0.998874
0.998875
0.998876
0.998877
0.998878
0.998879
0.998880
0.998881
0.998883
0.998884
0.998885
0.998886
0.998887
0.998888
0.998889
0.998891
0.998892
0.998893
0.998894
0.998895
0.998896
0.998897
0.998898
0.998900
0.998901
0.998902
0.998903
0.998904
0.998905
0.998906
0.998907
0.998909
0.998910
0.998911
0.998912
0.998913
0.998914
0.998915
0.998916
0.998917
0.998919
0.998920
0.998921
0.998922
0.998923
0.998924
0.998925
0.998926
0.998927
0.998929
0.998930
0.998931
0.998932
0.998933
0.998934
0.998935
0.998936
0.998937
0.998939
0.998940
0.998941
0.998942
0.998943
0.998944
0.998945
0.998946
0.998947
0.998948
0.998950
0.998951
0.998952
0.998953
0.998954
0.998955
0.998956
0.998957
0.998958
0.998959
0.998961
0.998962
0.998963
0.998964
0.998965
0.998966
0.998967
0.998968
0.998969
0.998970
0.998971
0.998972
0.998974
0.998975
0.998976
0.998977
0.998978
0.998979
0.998980
0.998981
0.998982
0.998983
0.998984
0.998985
0.998987
0.998988
0.998989
0.998990
0.998991
0.998992
0.998993
0.998994
0.998995
0.998996
0.998997
0.998998
0.998999
0.999001
0.999002
0.999003
0.999004
0.999005
0.999006
0.999007
0.999008
0.999009
0.999010
0.999011
0.999012
0.999013
0.999014
0.999015
0.999017
0.999018
0.999019
0.999020
0.999021
0.999022
0.999023
0.999024
0.999025
0.999026
0.999027
0.999028
0.999029
0.999030
0.999031
0.999032
0.999033
0.999035
0.999036
0.999037
0.999038
0.999039
0.999040
0.999041
0.999042
0.999043
0.999044
0.999045
0.999046
0.999047
0.999048
0.999049
0.999050
0.999051
0.999052
0.999053
0.999054
0.999055
0.999057
0.999058
0.999059
0.999060
0.999061
0.999062
0.999063
0.999064
0.999065
0.999066
0.999067
0.999068
0.999069
0.999070
0.999071
0.999072
0.999073
0.999074
0.999075
0.999076
0.999077
0.999078
0.999079
0.999080
0.999081
0.999082
0.999083
0.999084
0.999085
0.999086
0.999087
0.999089
0.999090
0.999091
0.999092
0.999093
0.999094
0.999095
0.999096
0.999097
0.999098
0.999099
0.999100
0.999101
0.999102
0.999103
0.999104
0.999105
0.999106
0.999107
0.999108
0.999109
0.999110
0.999111
0.999112
0.999113
0.999114
0.999115
0.999116
0.999117
0.999118
0.999119
0.999120
0.999121
0.999122
0.999123
0.999124
0.999125
0.999126
0.999127
0.999128
0.999129
0.999130
0.999131
0.999132
0.999133
0.999134
0.999135
0.999136
0.999137
0.999138
0.999139
0.999140
0.999141
0.999142
0.999143
0.999144
0.999145
0.999146
0.999147
0.999148
0.999149
0.999150
0.999151
0.999152
0.999153
0.999154
0.999155
0.999156
0.999157
0.999158
0.999159
0.999160
0.999161
0.999162
0.999163
0.999164
0.999165
0.999166
0.999167
0.999168
0.999169
0.999169
0.999170
0.999171
0.999172
0.999173
0.999174
0.999175
0.999176
0.999177
0.999178
0.999179
0.999180
0.999181
0.999182
0.999183
0.999184
0.999185
0.999186
0.999187
0.999188
0.999189
0.999190
0.999191
0.999192
0.999193
0.999194
0.999195
0.999196
0.999197
0.999198
0.999199
0.999199
0.999200
0.999201
0.999202
0.999203
0.999204
0.999205
0.999206
0.999207
0.999208
0.999209
0.999210
0.999211
0.999212
0.999213
0.999214
0.999215
0.999216
0.999217
0.999218
0.999219
0.999220
0.999220
0.999221
0.999222
0.999223
0.999224
0.999225
0.999226
0.999227
0.999228
0.999229
0.999230
0.999231
0.999232
0.999233
0.999234
0.999235
0.999236
0.999236
0.999237
0.999238
0.999239
0.999240
0.999241
0.999242
0.999243
0.999244
0.999245
0.999246
0.999247
0.999248
0.999249
0.999250
0.999250
0.999251
0.999252
0.999253
0.999254
0.999255
0.999256
0.999257
0.999258
0.999259
0.999260
0.999261
0.999262
0.999262
0.999263
0.999264
0.999265
0.999266
0.999267
0.999268
0.999269
0.999270
0.999271
0.999272
0.999273
0.999273
0.999274
0.999275
0.999276
0.999277
0.999278
0.999279
0.999280
0.999281
0.999282
0.999283
0.999283
0.999284
0.999285
0.999286
0.999287
0.999288
0.999289
0.999290
0.999291
0.999292
0.999293
0.999293
0.999294
0.999295
0.999296
0.999297
0.999298
0.999299
0.999300
0.999301
0.999301
0.999302
0.999303
0.999304
0.999305
0.999306
0.999307
0.999308
0.999309
0.999310
0.999310
0.999311
0.999312
0.999313
0.999314
0.999315
0.999316
0.999317
0.999318
0.999318
0.999319
0.999320
0.999321
0.999322
0.999323
0.999324
0.999325
0.999325
0.999326
0.999327
0.999328
0.999329
0.999330
0.999331
0.999332
0.999332
0.999333
0.999334
0.999335
0.999336
0.999337
0.999338
0.999339
0.999339
0.999340
0.999341
0.999342
0.999343
0.999344
0.999345
0.999346
0.999346
0.999347
0.999348
0.999349
0.999350
0.999351
0.999352
0.999352
0.999353
0.999354
0.999355
0.999356
0.999357
0.999358
0.999359
0.999359
0.999360
0.999361
0.999362
0.999363
0.999364
0.999364
0.999365
0.999366
0.999367
0.999368
0.999369
0.999370
0.999370
0.999371
0.999372
0.999373
0.999374
0.999375
0.999376
0.999376
0.999377
0.999378
0.999379
0.999380
0.999381
0.999381
0.999382
0.999383
0.999384
0.999385
0.999386
0.999387
0.999387
0.999388
0.999389
0.999390
0.999391
0.999392
0.999392
0.999393
0.999394
0.999395
0.999396
0.999397
0.999397
0.999398
0.999399
0.999400
0.999401
0.999402
0.999402
0.999403
0.999404
0.999405
0.999406
0.999406
0.999407
0.999408
0.999409
0.999410
0.999411
0.999411
0.999412
0.999413
0.999414
0.999415
0.999416
0.999416
0.999417
0.999418
0.999419
0.999420
0.999420
0.999421
0.999422
0.999423
0.999424
0.999425
0.999425
0.999426
0.999427
0.999428
0.999429
0.999429
0.999430
0.999431
0.999432
0.999433
0.999433
0.999434
0.999435
0.999436
0.999437
0.999437
0.999438
0.999439
0.999440
0.999441
0.999441
0.999442
0.999443
0.999444
0.999445
0.999445
0.999446
0.999447
0.999448
0.999449
0.999449
0.999450
0.999451
0.999452
0.999453
0.999453
0.999454
0.999455
0.999456
0.999457
0.999457
0.999458
0.999459
0.999460
0.999461
0.999461
0.999462
0.999463
0.999464
0.999464
0.999465
0.999466
0.999467
0.999468
0.999468
0.999469
0.999470
0.999471
0.999471
0.999472
0.999473
0.999474
0.999475
0.999475
0.999476
0.999477
0.999478
0.999478
0.999479
0.999480
0.999481
0.999482
0.999482
0.999483
0.999484
0.999485
0.999485
0.999486
0.999487
0.999488
0.999488
0.999489
0.999490
0.999491
0.999492
0.999492
0.999493
0.999494
0.999495
0.999495
0.999496
0.999497
0.999498
0.999498
0.999499
0.999500
0.999501
0.999501
0.999502
0.999503
0.999504
0.999504
0.999505
0.999506
0.999507
0.999507
0.999508
0.999509
0.999510
0.999510
0.999511
0.999512
0.999513
0.999513
0.999514
0.999515
0.999516
0.999516
0.999517
0.999518
0.999519
0.999519
0.999520
0.999521
0.999522
0.999522
0.999523
0.999524
0.999525
0.999525
0.999526
0.999527
0.999528
0.999528
0.999529
0.999530
0.999531
0.999531
0.999532
0.999533
0.999533
0.999534
0.999535
0.999536
0.999536
0.999537
0.999538
0.999539
0.999539
0.999540
0.999541
0.999541
0.999542
0.999543
0.999544
0.999544
0.999545
0.999546
0.999547
0.999547
0.999548
0.999549
0.999549
0.999550
0.999551
0.999552
0.999552
0.999553
0.999554
0.999554
0.999555
0.999556
0.999557
0.999557
0.999558
0.999559
0.999559
0.999560
0.999561
0.999562
0.999562
0.999563
0.999564
0.999564
0.999565
0.999566
0.999567
0.999567
0.999568
0.999569
0.999569
0.999570
0.999571
0.999571
0.999572
0.999573
0.999574
0.999574
0.999575
0.999576
0.999576
0.999577
0.999578
0.999578
0.999579
0.999580
0.999581
0.999581
0.999582
0.999583
0.999583
0.999584
0.999585
0.999585
0.999586
0.999587
0.999587
0.999588
0.999589
0.999589
0.999590
0.999591
0.999592
0.999592
0.999593
0.999594
0.999594
0.999595
0.999596
0.999596
0.999597
0.999598
0.999598
0.999599
0.999600
0.999600
0.999601
0.999602
0.999602
0.999603
0.999604
0.999604
0.999605
0.999606
0.999606
0.999607
0.999608
0.999608
0.999609
0.999610
0.999611
0.999611
0.999612
0.999613
0.999613
0.999614
0.999615
0.999615
0.999616
0.999617
0.999617
0.999618
0.999618
0.999619
0.999620
0.999620
0.999621
0.999622
0.999622
0.999623
0.999624
0.999624
0.999625
0.999626
0.999626
0.999627
0.999628
0.999628
0.999629
0.999630
0.999630
0.999631
0.999632
0.999632
0.999633
0.999634
0.999634
0.999635
0.999636
0.999636
0.999637
0.999637
0.999638
0.999639
0.999639
0.999640
0.999641
0.999641
0.999642
0.999643
0.999643
0.999644
0.999645
0.999645
0.999646
0.999646
0.999647
0.999648
0.999648
0.999649
0.999650
0.999650
0.999651
0.999652
0.999652
0.999653
0.999653
0.999654
0.999655
0.999655
0.999656
0.999657
0.999657
0.999658
0.999658
0.999659
0.999660
0.999660
0.999661
0.999662
0.999662
0.999663
0.999663
0.999664
0.999665
0.999665
0.999666
0.999667
0.999667
0.999668
0.999668
0.999669
0.999670
0.999670
0.999671
0.999671
0.999672
0.999673
0.999673
0.999674
0.999675
0.999675
0.999676
0.999676
0.999677
0.999678
0.999678
0.999679
0.999679
0.999680
0.999681
0.999681
0.999682
0.999682
0.999683
0.999684
0.999684
0.999685
0.999685
0.999686
0.999687
0.999687
0.999688
0.999688
0.999689
0.999690
0.999690
0.999691
0.999691
0.999692
0.999693
0.999693
0.999694
0.999694
0.999695
0.999696
0.999696
0.999697
0.999697
0.999698
0.999699
0.999699
0.999700
0.999700
0.999701
0.999701
0.999702
0.999703
0.999703
0.999704
0.999704
0.999705
0.999706
0.999706
0.999707
0.999707
0.999708
0.999708
0.999709
0.999710
0.999710
0.999711
0.999711
0.999712
0.999712
0.999713
0.999714
0.999714
0.999715
0.999715
0.999716
0.999716
0.999717
0.999718
0.999718
0.999719
0.999719
0.999720
0.999720
0.999721
0.999722
0.999722
0.999723
0.999723
0.999724
0.999724
0.999725
0.999726
0.999726
0.999727
0.999727
0.999728
0.999728
0.999729
0.999729
0.999730
0.999731
0.999731
0.999732
0.999732
0.999733
0.999733
0.999734
0.999734
0.999735
0.999736
0.999736
0.999737
0.999737
0.999738
0.999738
0.999739
0.999739
0.999740
0.999741
0.999741
0.999742
0.999742
0.999743
0.999743
0.999744
0.999744
0.999745
0.999745
0.999746
0.999746
0.999747
0.999748
0.999748
0.999749
0.999749
0.999750
0.999750
0.999751
0.999751
0.999752
0.999752
0.999753
0.999753
0.999754
0.999755
0.999755
0.999756
0.999756
0.999757
0.999757
0.999758
0.999758
0.999759
0.999759
0.999760
0.999760
0.999761
0.999761
0.999762
0.999762
0.999763
0.999763
0.999764
0.999764
0.999765
0.999766
0.999766
0.999767
0.999767
0.999768
0.999768
0.999769
0.999769
0.999770
0.999770
0.999771
0.999771
0.999772
0.999772
0.999773
0.999773
0.999774
0.999774
0.999775
0.999775
0.999776
0.999776
0.999777
0.999777
0.999778
0.999778
0.999779
0.999779
0.999780
0.999780
0.999781
0.999781
0.999782
0.999782
0.999783
0.999783
0.999784
0.999784
0.999785
0.999785
0.999786
0.999786
0.999787
0.999787
0.999788
0.999788
0.999789
0.999789
0.999790
0.999790
0.999791
0.999791
0.999792
0.999792
0.999793
0.999793
0.999794
0.999794
0.999795
0.999795
0.999796
0.999796
0.999797
0.999797
0.999798
0.999798
0.999799
0.999799
0.999799
0.999800
0.999800
0.999801
0.999801
0.999802
0.999802
0.999803
0.999803
0.999804
0.999804
0.999805
0.999805
0.999806
0.999806
0.999807
0.999807
0.999808
0.999808
0.999809
0.999809
0.999809
0.999810
0.999810
0.999811
0.999811
0.999812
0.999812
0.999813
0.999813
0.999814
0.999814
0.999815
0.999815
0.999815
0.999816
0.999816
0.999817
0.999817
0.999818
0.999818
0.999819
0.999819
0.999820
0.999820
0.999821
0.999821
0.999821
0.999822
0.999822
0.999823
0.999823
0.999824
0.999824
0.999825
0.999825
0.999825
0.999826
0.999826
0.999827
0.999827
0.999828
0.999828
0.999829
0.999829
0.999829
0.999830
0.999830
0.999831
0.999831
0.999832
0.999832
0.999833
0.999833
0.999833
0.999834
0.999834
0.999835
0.999835
0.999836
0.999836
0.999836
0.999837
0.999837
0.999838
0.999838
0.999839
0.999839
0.999840
0.999840
0.999840
0.999841
0.999841
0.999842
0.999842
0.999842
0.999843
0.999843
0.999844
0.999844
0.999845
0.999845
0.999845
0.999846
0.999846
0.999847
0.999847
0.999848
0.999848
0.999848
0.999849
0.999849
0.999850
0.999850
0.999850
0.999851
0.999851
0.999852
0.999852
0.999853
0.999853
0.999853
0.999854
0.999854
0.999855
0.999855
0.999855
0.999856
0.999856
0.999857
0.999857
0.999857
0.999858
0.999858
0.999859
0.999859
0.999859
0.999860
0.999860
0.999861
0.999861
0.999861
0.999862
0.999862
0.999863
0.999863
0.999863
0.999864
0.999864
0.999865
0.999865
0.999865
0.999866
0.999866
0.999867
0.999867
0.999867
0.999868
0.999868
0.999869
0.999869
0.999869
0.999870
0.999870
0.999870
0.999871
0.999871
0.999872
0.999872
0.999872
0.999873
0.999873
0.999874
0.999874
0.999874
0.999875
0.999875
0.999875
0.999876
0.999876
0.999877
0.999877
0.999877
0.999878
0.999878
0.999878
0.999879
0.999879
0.999880
0.999880
0.999880
0.999881
0.999881
0.999881
0.999882
0.999882
0.999883
0.999883
0.999883
0.999884
0.999884
0.999884
0.999885
0.999885
0.999885
0.999886
0.999886
0.999887
0.999887
0.999887
0.999888
0.999888
0.999888
0.999889
0.999889
0.999889
0.999890
0.999890
0.999890
0.999891
0.999891
0.999892
0.999892
0.999892
0.999893
0.999893
0.999893
0.999894
0.999894
0.999894
0.999895
0.999895
0.999895
0.999896
0.999896
0.999896
0.999897
0.999897
0.999897
0.999898
0.999898
0.999898
0.999899
0.999899
0.999900
0.999900
0.999900
0.999901
0.999901
0.999901
0.999902
0.999902
0.999902
0.999903
0.999903
0.999903
0.999904
0.999904
0.999904
0.999905
0.999905
0.999905
0.999906
0.999906
0.999906
0.999907
0.999907
0.999907
0.999907
0.999908
0.999908
0.999908
0.999909
0.999909
0.999909
0.999910
0.999910
0.999910
0.999911
0.999911
0.999911
0.999912
0.999912
0.999912
0.999913
0.999913
0.999913
0.999914
0.999914
0.999914
0.999915
0.999915
0.999915
0.999915
0.999916
0.999916
0.999916
0.999917
0.999917
0.999917
0.999918
0.999918
0.999918
0.999919
0.999919
0.999919
0.999919
0.999920
0.999920
0.999920
0.999921
0.999921
0.999921
0.999922
0.999922
0.999922
0.999922
0.999923
0.999923
0.999923
0.999924
0.999924
0.999924
0.999925
0.999925
0.999925
0.999925
0.999926
0.999926
0.999926
0.999927
0.999927
0.999927
0.999927
0.999928
0.999928
0.999928
0.999929
0.999929
0.999929
0.999929
0.999930
0.999930
0.999930
0.999931
0.999931
0.999931
0.999931
0.999932
0.999932
0.999932
0.999933
0.999933
0.999933
0.999933
0.999934
0.999934
0.999934
0.999935
0.999935
0.999935
0.999935
0.999936
0.999936
0.999936
0.999936
0.999937
0.999937
0.999937
0.999937
0.999938
0.999938
0.999938
0.999939
0.999939
0.999939
0.999939
0.999940
0.999940
0.999940
0.999940
0.999941
0.999941
0.999941
0.999941
0.999942
0.999942
0.999942
0.999942
0.999943
0.999943
0.999943
0.999944
0.999944
0.999944
0.999944
0.999945
0.999945
0.999945
0.999945
0.999946
0.999946
0.999946
0.999946
0.999947
0.999947
0.999947
0.999947
0.999948
0.999948
0.999948
0.999948
0.999948
0.999949
0.999949
0.999949
0.999949
0.999950
0.999950
0.999950
0.999950
0.999951
0.999951
0.999951
0.999951
0.999952
0.999952
0.999952
0.999952
0.999953
0.999953
0.999953
0.999953
0.999953
0.999954
0.999954
0.999954
0.999954
0.999955
0.999955
0.999955
0.999955
0.999956
0.999956
0.999956
0.999956
0.999956
0.999957
0.999957
0.999957
0.999957
0.999958
0.999958
0.999958
0.999958
0.999958
0.999959
0.999959
0.999959
0.999959
0.999959
0.999960
0.999960
0.999960
0.999960
0.999961
0.999961
0.999961
0.999961
0.999961
0.999962
0.999962
0.999962
0.999962
0.999962
0.999963
0.999963
0.999963
0.999963
0.999963
0.999964
0.999964
0.999964
0.999964
0.999965
0.999965
0.999965
0.999965
0.999965
0.999966
0.999966
0.999966
0.999966
0.999966
0.999967
0.999967
0.999967
0.999967
0.999967
0.999967
0.999968
0.999968
0.999968
0.999968
0.999968
0.999969
0.999969
0.999969
0.999969
0.999969
0.999970
0.999970
0.999970
0.999970
0.999970
0.999970
0.999971
0.999971
0.999971
0.999971
0.999971
0.999972
0.999972
0.999972
0.999972
0.999972
0.999972
0.999973
0.999973
0.999973
0.999973
0.999973
0.999974
0.999974
0.999974
0.999974
0.999974
0.999974
0.999975
0.999975
0.999975
0.999975
0.999975
0.999975
0.999976
0.999976
0.999976
0.999976
0.999976
0.999976
0.999977
0.999977
0.999977
0.999977
0.999977
0.999977
0.999978
0.999978
0.999978
0.999978
0.999978
0.999978
0.999979
0.999979
0.999979
0.999979
0.999979
0.999979
0.999979
0.999980
0.999980
0.999980
0.999980
0.999980
0.999980
0.999981
0.999981
0.999981
0.999981
0.999981
0.999981
0.999981
0.999982
0.999982
0.999982
0.999982
0.999982
0.999982
0.999982
0.999983
0.999983
0.999983
0.999983
0.999983
0.999983
0.999983
0.999984
0.999984
0.999984
0.999984
0.999984
0.999984
0.999984
0.999984
0.999985
0.999985
0.999985
0.999985
0.999985
0.999985
0.999985
0.999986
0.999986
0.999986
0.999986
0.999986
0.999986
0.999986
0.999986
0.999987
0.999987
0.999987
0.999987
0.999987
0.999987
0.999987
0.999987
0.999988
0.999988
0.999988
0.999988
0.999988
0.999988
0.999988
0.999988
0.999988
0.999989
0.999989
0.999989
0.999989
0.999989
0.999989
0.999989
0.999989
0.999989
0.999990
0.999990
0.999990
0.999990
0.999990
0.999990
0.999990
0.999990
0.999990
0.999991
0.999991
0.999991
0.999991
0.999991
0.999991
0.999991
0.999991
0.999991
0.999991
0.999992
0.999992
0.999992
0.999992
0.999992
0.999992
0.999992
0.999992
0.999992
0.999992
0.999993
0.999993
0.999993
0.999993
0.999993
0.999993
0.999993
0.999993
0.999993
0.999993
0.999993
0.999993
0.999994
0.999994
0.999994
0.999994
0.999994
0.999994
0.999994
0.999994
0.999994
0.999994
0.999994
0.999994
0.999995
0.999995
0.999995
0.999995
0.999995
0.999995
0.999995
0.999995
0.999995
0.999995
0.999995
0.999995
0.999995
0.999996
0.999996
0.999996
0.999996
0.999996
0.999996
0.999996
0.999996
0.999996
0.999996
0.999996
0.999996
0.999996
0.999996
0.999996
0.999997
0.999997
0.999997
0.999997
0.999997
0.999997
0.999997
0.999997
0.999997
0.999997
0.999997
0.999997
0.999997
0.999997
0.999997
0.999997
0.999997
0.999998
0.999998
0.999998
0.999998
0.999998
0.999998
0.999998
0.999998
0.999998
0.999998
0.999998
0.999998
0.999998
0.999998
0.999998
0.999998
0.999998
0.999998
0.999998
0.999998
0.999998
0.999999
0.999999
0.999999
0.999999
0.999999
0.999999
0.999999
0.999999
0.999999
0.999999
0.999999
0.999999
0.999999
0.999999
0.999999
0.999999
0.999999
0.999999
0.999999
0.999999
0.999999
0.999999
0.999999
0.999999
0.999999
0.999999
0.999999
0.999999
0.999999
0.999999
1.000000
1.000000
1.000000
1.000000
1.000000
1.000000
1.000000
1.000000
1.000000
1.000000
1.000000
1.000000
1.000000
1.000000
1.000000
1.000000
1.000000
1.000000
1.000000
1.000000
1.000000
1.000000
1.000000
1.000000
1.000000
1.000000
1.000000
1.000000
1.000000
1.000000
1.000000
1.000000
1.000000
1.000000
1.000000
1.000000
1.000000
1.000000
1.000000
1.000000
1.000000
1.000000
