          0
        201
        402
        603
        804
       1005
       1206
       1407
       1608
       1809
       2009
       2260
       2461
       2661
       2861
       3062
       3262
       3462
       3662
       3861
       4061
       4310
       4510
       4709
       4907
       5106
       5305
       5503
       5701
       5899
       6097
       6294
       6541
       6737
       6934
       7130
       7327
       7522
       7718
       7913
       8108
       8303
       8546
       8740
       8933
       9127
       9319
       9512
       9704
       9896
      10088
      10279
      10469
      10707
      10897
      11087
      11276
      11464
      11652
      11840
      12027
      12214
      12400
      12633
      12818
      13003
      13187
      13371
      13554
      13737
      13919
      14101
      14282
      14508
      14688
      14867
      15046
      15225
      15402
      15580
      15756
      15932
      16108
      16282
      16500
      16673
      16846
      17018
      17190
      17361
      17531
      17700
      17869
      18037
      18247
      18413
      18579
      18745
      18909
      19073
      19236
      19399
      19560
      19721
      19881
      20081
      20239
      20397
      20554
      20710
      20865
      21020
      21174
      21327
      21479
      21668
      21819
      21968
      22117
      22265
      22412
      22558
      22704
      22848
      22992
      23170
      23312
      23453
      23593
      23732
      23870
      24008
      24144
      24279
      24414
      24548
      24713
      24845
      24976
      25105
      25234
      25362
      25489
      25615
      25739
      25863
      26017
      26139
      26259
      26379
      26498
      26616
      26733
      26848
      26963
      27077
      27190
      27329
      27440
      27549
      27657
      27765
      27871
      27976
      28080
      28183
      28285
      28411
      28511
      28610
      28707
      28803
      28899
      28993
      29086
      29178
      29269
      29359
      29470
      29557
      29643
      29729
      29813
      29895
      29977
      30058
      30137
      30216
      30312
      30388
      30462
      30536
      30608
      30680
      30750
      30819
      30886
      30953
      31034
      31098
      31161
      31223
      31283
      31342
      31400
      31457
      31513
      31568
      31621
      31686
      31737
      31786
      31834
      31881
      31927
      31972
      32015
      32058
      32099
      32148
      32186
      32224
      32259
      32294
      32328
      32360
      32391
      32421
      32449
      32477
      32509
      32534
      32557
      32579
      32600
      32620
      32638
      32656
      32672
      32686
      32703
      32715
      32726
      32736
      32744
      32751
      32757
      32761
      32765
      32767
          0
        201
        402
        603
        804
       1005
       1206
       1407
       1608
       1809
       2009
       2260
       2461
       2661
       2861
       3062
       3262
       3462
       3662
       3861
       4061
       4310
       4510
       4709
       4907
       5106
       5305
       5503
       5701
       5899
       6097
       6294
       6541
       6737
       6934
       7130
       7327
       7522
       7718
       7913
       8108
       8303
       8546
       8740
       8933
       9127
       9319
       9512
       9704
       9896
      10088
      10279
      10469
      10707
      10897
      11087
      11276
      11464
      11652
      11840
      12027
      12214
      12400
      12633
      12818
      13003
      13187
      13371
      13554
      13737
      13919
      14101
      14282
      14508
      14688
      14867
      15046
      15225
      15402
      15580
      15756
      15932
      16108
      16282
      16500
      16673
      16846
      17018
      17190
      17361
      17531
      17700
      17869
      18037
      18247
      18413
      18579
      18745
      18909
      19073
      19236
      19399
      19560
      19721
      19881
      20081
      20239
      20397
      20554
      20710
      20865
      21020
      21174
      21327
      21479
      21668
      21819
      21968
      22117
      22265
      22412
      22558
      22704
      22848
      22992
      23170
      23312
      23453
      23593
      23732
      23870
      24008
      24144
      24279
      24414
      24548
      24713
      24845
      24976
      25105
      25234
      25362
      25489
      25615
      25739
      25863
      26017
      26139
      26259
      26379
      26498
      26616
      26733
      26848
      26963
      27077
      27190
      27329
      27440
      27549
      27657
      27765
      27871
      27976
      28080
      28183
      28285
      28411
      28511
      28610
      28707
      28803
      28899
      28993
      29086
      29178
      29269
      29359
      29470
      29557
      29643
      29729
      29813
      29895
      29977
      30058
      30137
      30216
      30312
      30388
      30462
      30536
      30608
      30680
      30750
      30819
      30886
      30953
      31034
      31098
      31161
      31223
      31283
      31342
      31400
      31457
      31513
      31568
      31621
      31686
      31737
      31786
      31834
      31881
      31927
      31972
      32015
      32058
      32099
      32148
      32186
      32224
      32259
      32294
      32328
      32360
      32391
      32421
      32449
      32477
      32509
      32534
      32557
      32579
      32600
      32620
      32638
      32656
      32672
      32686
      32703
      32715
      32726
      32736
      32744
      32751
      32757
      32761
      32765
      32767
     -32767
     -32767
     -32766
     -32762
     -32758
     -32753
     -32746
     -32738
     -32729
     -32718
     -32706
     -32690
     -32675
     -32660
     -32643
     -32625
     -32605
     -32585
     -32563
     -32540
     -32515
     -32483
     -32456
     -32428
     -32398
     -32368
     -32336
     -32303
     -32268
     -32233
     -32196
     -32158
     -32109
     -32068
     -32026
     -31983
     -31938
     -31893
     -31846
     -31798
     -31749
     -31699
     -31634
     -31581
     -31527
     -31471
     -31415
     -31357
     -31298
     -31238
     -31177
     -31114
     -31050
     -30969
     -30903
     -30836
     -30767
     -30697
     -30626
     -30554
     -30481
     -30407
     -30331
     -30235
     -30157
     -30078
     -29997
     -29916
     -29833
     -29750
     -29665
     -29579
     -29492
     -29381
     -29292
     -29201
     -29109
     -29016
     -28922
     -28827
     -28731
     -28634
     -28536
     -28436
     -28311
     -28209
     -28106
     -28002
     -27897
     -27791
     -27684
     -27576
     -27467
     -27357
     -27218
     -27105
     -26992
     -26877
     -26762
     -26645
     -26528
     -26409
     -26290
     -26169
     -26048
     -25894
     -25771
     -25646
     -25520
     -25394
     -25266
     -25138
     -25008
     -24878
     -24746
     -24581
     -24448
     -24313
     -24178
     -24042
     -23905
     -23767
     -23628
     -23488
     -23348
     -23170
     -23028
     -22884
     -22740
     -22595
     -22449
     -22302
     -22154
     -22006
     -21856
     -21706
     -21517
     -21365
     -21212
     -21059
     -20904
     -20749
     -20593
     -20436
     -20279
     -20120
     -19921
     -19761
     -19601
     -19439
     -19277
     -19114
     -18950
     -18786
     -18621
     -18455
     -18288
     -18079
     -17911
     -17743
     -17573
     -17403
     -17233
     -17061
     -16889
     -16717
     -16543
     -16326
     -16151
     -15976
     -15800
     -15624
     -15447
     -15269
     -15091
     -14912
     -14733
     -14553
     -14327
     -14146
     -13965
     -13783
     -13600
     -13417
     -13233
     -13049
     -12864
     -12679
     -12447
     -12261
     -12074
     -11887
     -11699
     -11511
     -11323
     -11134
     -10945
     -10755
     -10517
     -10326
     -10135
      -9944
      -9752
      -9560
      -9368
      -9175
      -8982
      -8788
      -8594
      -8351
      -8157
      -7962
      -7767
      -7571
      -7376
      -7180
      -6983
      -6787
      -6590
      -6343
      -6146
      -5948
      -5751
      -5553
      -5354
      -5156
      -4957
      -4758
      -4559
      -4360
      -4111
      -3911
      -3712
      -3512
      -3312
      -3112
      -2912
      -2711
      -2511
      -2310
      -2060
      -1859
      -1658
      -1457
      -1256
      -1055
       -854
       -653
       -452
       -251
     -32767
     -32767
     -32766
     -32762
     -32758
     -32753
     -32746
     -32738
     -32729
     -32718
     -32706
     -32690
     -32675
     -32660
     -32643
     -32625
     -32605
     -32585
     -32563
     -32540
     -32515
     -32483
     -32456
     -32428
     -32398
     -32368
     -32336
     -32303
     -32268
     -32233
     -32196
     -32158
     -32109
     -32068
     -32026
     -31983
     -31938
     -31893
     -31846
     -31798
     -31749
     -31699
     -31634
     -31581
     -31527
     -31471
     -31415
     -31357
     -31298
     -31238
     -31177
     -31114
     -31050
     -30969
     -30903
     -30836
     -30767
     -30697
     -30626
     -30554
     -30481
     -30407
     -30331
     -30235
     -30157
     -30078
     -29997
     -29916
     -29833
     -29750
     -29665
     -29579
     -29492
     -29381
     -29292
     -29201
     -29109
     -29016
     -28922
     -28827
     -28731
     -28634
     -28536
     -28436
     -28311
     -28209
     -28106
     -28002
     -27897
     -27791
     -27684
     -27576
     -27467
     -27357
     -27218
     -27105
     -26992
     -26877
     -26762
     -26645
     -26528
     -26409
     -26290
     -26169
     -26048
     -25894
     -25771
     -25646
     -25520
     -25394
     -25266
     -25138
     -25008
     -24878
     -24746
     -24581
     -24448
     -24313
     -24178
     -24042
     -23905
     -23767
     -23628
     -23488
     -23348
     -23170
     -23028
     -22884
     -22740
     -22595
     -22449
     -22302
     -22154
     -22006
     -21856
     -21706
     -21517
     -21365
     -21212
     -21059
     -20904
     -20749
     -20593
     -20436
     -20279
     -20120
     -19921
     -19761
     -19601
     -19439
     -19277
     -19114
     -18950
     -18786
     -18621
     -18455
     -18288
     -18079
     -17911
     -17743
     -17573
     -17403
     -17233
     -17061
     -16889
     -16717
     -16543
     -16326
     -16151
     -15976
     -15800
     -15624
     -15447
     -15269
     -15091
     -14912
     -14733
     -14553
     -14327
     -14146
     -13965
     -13783
     -13600
     -13417
     -13233
     -13049
     -12864
     -12679
     -12447
     -12261
     -12074
     -11887
     -11699
     -11511
     -11323
     -11134
     -10945
     -10755
     -10517
     -10326
     -10135
      -9944
      -9752
      -9560
      -9368
      -9175
      -8982
      -8788
      -8594
      -8351
      -8157
      -7962
      -7767
      -7571
      -7376
      -7180
      -6983
      -6787
      -6590
      -6343
      -6146
      -5948
      -5751
      -5553
      -5354
      -5156
      -4957
      -4758
      -4559
      -4360
      -4111
      -3911
      -3712
      -3512
      -3312
      -3112
      -2912
      -2711
      -2511
      -2310
      -2060
      -1859
      -1658
      -1457
      -1256
      -1055
       -854
       -653
       -452
       -251
          0
        201
        402
        603
        804
       1005
       1206
       1407
       1608
       1809
       2009
       2260
       2461
       2661
       2861
       3062
       3262
       3462
       3662
       3861
       4061
       4310
       4510
       4709
       4907
       5106
       5305
       5503
       5701
       5899
       6097
       6294
       6541
       6737
       6934
       7130
       7327
       7522
       7718
       7913
       8108
       8303
       8546
       8740
       8933
       9127
       9319
       9512
       9704
       9896
      10088
      10279
      10469
      10707
      10897
      11087
      11276
      11464
      11652
      11840
      12027
      12214
      12400
      12633
      12818
      13003
      13187
      13371
      13554
      13737
      13919
      14101
      14282
      14508
      14688
      14867
      15046
      15225
      15402
      15580
      15756
      15932
      16108
      16282
      16500
      16673
      16846
      17018
      17190
      17361
      17531
      17700
      17869
      18037
      18247
      18413
      18579
      18745
      18909
      19073
      19236
      19399
      19560
      19721
      19881
      20081
      20239
      20397
      20554
      20710
      20865
      21020
      21174
      21327
      21479
      21668
      21819
      21968
      22117
      22265
      22412
      22558
      22704
      22848
      22992
      23170
      23312
      23453
      23593
      23732
      23870
      24008
      24144
      24279
      24414
      24548
      24713
      24845
      24976
      25105
      25234
      25362
      25489
      25615
      25739
      25863
      26017
      26139
      26259
      26379
      26498
      26616
      26733
      26848
      26963
      27077
      27190
      27329
      27440
      27549
      27657
      27765
      27871
      27976
      28080
      28183
      28285
      28411
      28511
      28610
      28707
      28803
      28899
      28993
      29086
      29178
      29269
      29359
      29470
      29557
      29643
      29729
      29813
      29895
      29977
      30058
      30137
      30216
      30312
      30388
      30462
      30536
      30608
      30680
      30750
      30819
      30886
      30953
      31034
      31098
      31161
      31223
      31283
      31342
      31400
      31457
      31513
      31568
      31621
      31686
      31737
      31786
      31834
      31881
      31927
      31972
      32015
      32058
      32099
      32148
      32186
      32224
      32259
      32294
      32328
      32360
      32391
      32421
      32449
      32477
      32509
      32534
      32557
      32579
      32600
      32620
      32638
      32656
      32672
      32686
      32703
      32715
      32726
      32736
      32744
      32751
      32757
      32761
      32765
      32767
          0
        201
        402
        603
        804
       1005
       1206
       1407
       1608
       1809
       2009
       2260
       2461
       2661
       2861
       3062
       3262
       3462
       3662
       3861
       4061
       4310
       4510
       4709
       4907
       5106
       5305
       5503
       5701
       5899
       6097
       6294
       6541
       6737
       6934
       7130
       7327
       7522
       7718
       7913
       8108
       8303
       8546
       8740
       8933
       9127
       9319
       9512
       9704
       9896
      10088
      10279
      10469
      10707
      10897
      11087
      11276
      11464
      11652
      11840
      12027
      12214
      12400
      12633
      12818
      13003
      13187
      13371
      13554
      13737
      13919
      14101
      14282
      14508
      14688
      14867
      15046
      15225
      15402
      15580
      15756
      15932
      16108
      16282
      16500
      16673
      16846
      17018
      17190
      17361
      17531
      17700
      17869
      18037
      18247
      18413
      18579
      18745
      18909
      19073
      19236
      19399
      19560
      19721
      19881
      20081
      20239
      20397
      20554
      20710
      20865
      21020
      21174
      21327
      21479
      21668
      21819
      21968
      22117
      22265
      22412
      22558
      22704
      22848
      22992
      23170
      23312
      23453
      23593
      23732
      23870
      24008
      24144
      24279
      24414
      24548
      24713
      24845
      24976
      25105
      25234
      25362
      25489
      25615
      25739
      25863
      26017
      26139
      26259
      26379
      26498
      26616
      26733
      26848
      26963
      27077
      27190
      27329
      27440
      27549
      27657
      27765
      27871
      27976
      28080
      28183
      28285
      28411
      28511
      28610
      28707
      28803
      28899
      28993
      29086
      29178
      29269
      29359
      29470
      29557
      29643
      29729
      29813
      29895
      29977
      30058
      30137
      30216
      30312
      30388
      30462
      30536
      30608
      30680
      30750
      30819
      30886
      30953
      31034
      31098
      31161
      31223
      31283
      31342
      31400
      31457
      31513
      31568
      31621
      31686
      31737
      31786
      31834
      31881
      31927
      31972
      32015
      32058
      32099
      32148
      32186
      32224
      32259
      32294
      32328
      32360
      32391
      32421
      32449
      32477
      32509
      32534
      32557
      32579
      32600
      32620
      32638
      32656
      32672
      32686
      32703
      32715
      32726
      32736
      32744
      32751
      32757
      32761
      32765
      32767
     -32767
     -32767
     -32766
     -32762
     -32758
     -32753
     -32746
     -32738
     -32729
     -32718
     -32706
     -32690
     -32675
     -32660
     -32643
     -32625
     -32605
     -32585
     -32563
     -32540
     -32515
     -32483
     -32456
     -32428
     -32398
     -32368
     -32336
     -32303
     -32268
     -32233
     -32196
     -32158
     -32109
     -32068
     -32026
     -31983
     -31938
     -31893
     -31846
     -31798
     -31749
     -31699
     -31634
     -31581
     -31527
     -31471
     -31415
     -31357
     -31298
     -31238
     -31177
     -31114
     -31050
     -30969
     -30903
     -30836
     -30767
     -30697
     -30626
     -30554
     -30481
     -30407
     -30331
     -30235
     -30157
     -30078
     -29997
     -29916
     -29833
     -29750
     -29665
     -29579
     -29492
     -29381
     -29292
     -29201
     -29109
     -29016
     -28922
     -28827
     -28731
     -28634
     -28536
     -28436
     -28311
     -28209
     -28106
     -28002
     -27897
     -27791
     -27684
     -27576
     -27467
     -27357
     -27218
     -27105
     -26992
     -26877
     -26762
     -26645
     -26528
     -26409
     -26290
     -26169
     -26048
     -25894
     -25771
     -25646
     -25520
     -25394
     -25266
     -25138
     -25008
     -24878
     -24746
     -24581
     -24448
     -24313
     -24178
     -24042
     -23905
     -23767
     -23628
     -23488
     -23348
     -23170
     -23028
     -22884
     -22740
     -22595
     -22449
     -22302
     -22154
     -22006
     -21856
     -21706
     -21517
     -21365
     -21212
     -21059
     -20904
     -20749
     -20593
     -20436
     -20279
     -20120
     -19921
     -19761
     -19601
     -19439
     -19277
     -19114
     -18950
     -18786
     -18621
     -18455
     -18288
     -18079
     -17911
     -17743
     -17573
     -17403
     -17233
     -17061
     -16889
     -16717
     -16543
     -16326
     -16151
     -15976
     -15800
     -15624
     -15447
     -15269
     -15091
     -14912
     -14733
     -14553
     -14327
     -14146
     -13965
     -13783
     -13600
     -13417
     -13233
     -13049
     -12864
     -12679
     -12447
     -12261
     -12074
     -11887
     -11699
     -11511
     -11323
     -11134
     -10945
     -10755
     -10517
     -10326
     -10135
      -9944
      -9752
      -9560
      -9368
      -9175
      -8982
      -8788
      -8594
      -8351
      -8157
      -7962
      -7767
      -7571
      -7376
      -7180
      -6983
      -6787
      -6590
      -6343
      -6146
      -5948
      -5751
      -5553
      -5354
      -5156
      -4957
      -4758
      -4559
      -4360
      -4111
      -3911
      -3712
      -3512
      -3312
      -3112
      -2912
      -2711
      -2511
      -2310
      -2060
      -1859
      -1658
      -1457
      -1256
      -1055
       -854
       -653
       -452
       -251
     -32767
     -32767
     -32766
     -32762
     -32758
     -32753
     -32746
     -32738
     -32729
     -32718
     -32706
     -32690
     -32675
     -32660
     -32643
     -32625
     -32605
     -32585
     -32563
     -32540
     -32515
     -32483
     -32456
     -32428
     -32398
     -32368
     -32336
     -32303
     -32268
     -32233
     -32196
     -32158
     -32109
     -32068
     -32026
     -31983
     -31938
     -31893
     -31846
     -31798
     -31749
     -31699
     -31634
     -31581
     -31527
     -31471
     -31415
     -31357
     -31298
     -31238
     -31177
     -31114
     -31050
     -30969
     -30903
     -30836
     -30767
     -30697
     -30626
     -30554
     -30481
     -30407
     -30331
     -30235
     -30157
     -30078
     -29997
     -29916
     -29833
     -29750
     -29665
     -29579
     -29492
     -29381
     -29292
     -29201
     -29109
     -29016
     -28922
     -28827
     -28731
     -28634
     -28536
     -28436
     -28311
     -28209
     -28106
     -28002
     -27897
     -27791
     -27684
     -27576
     -27467
     -27357
     -27218
     -27105
     -26992
     -26877
     -26762
     -26645
     -26528
     -26409
     -26290
     -26169
     -26048
     -25894
     -25771
     -25646
     -25520
     -25394
     -25266
     -25138
     -25008
     -24878
     -24746
     -24581
     -24448
     -24313
     -24178
     -24042
     -23905
     -23767
     -23628
     -23488
     -23348
     -23170
     -23028
     -22884
     -22740
     -22595
     -22449
     -22302
     -22154
     -22006
     -21856
     -21706
     -21517
     -21365
     -21212
     -21059
     -20904
     -20749
     -20593
     -20436
     -20279
     -20120
     -19921
     -19761
     -19601
     -19439
     -19277
     -19114
     -18950
     -18786
     -18621
     -18455
     -18288
     -18079
     -17911
     -17743
     -17573
     -17403
     -17233
     -17061
     -16889
     -16717
     -16543
     -16326
     -16151
     -15976
     -15800
     -15624
     -15447
     -15269
     -15091
     -14912
     -14733
     -14553
     -14327
     -14146
     -13965
     -13783
     -13600
     -13417
     -13233
     -13049
     -12864
     -12679
     -12447
     -12261
     -12074
     -11887
     -11699
     -11511
     -11323
     -11134
     -10945
     -10755
     -10517
     -10326
     -10135
      -9944
      -9752
      -9560
      -9368
      -9175
      -8982
      -8788
      -8594
      -8351
      -8157
      -7962
      -7767
      -7571
      -7376
      -7180
      -6983
      -6787
      -6590
      -6343
      -6146
      -5948
      -5751
      -5553
      -5354
      -5156
      -4957
      -4758
      -4559
      -4360
      -4111
      -3911
      -3712
      -3512
      -3312
      -3112
      -2912
      -2711
      -2511
      -2310
      -2060
      -1859
      -1658
      -1457
      -1256
      -1055
       -854
       -653
       -452
       -251
          0
        201
        402
        603
        804
       1005
       1206
       1407
       1608
       1809
       2009
       2260
       2461
       2661
       2861
       3062
       3262
       3462
       3662
       3861
       4061
       4310
       4510
       4709
       4907
       5106
       5305
       5503
       5701
       5899
       6097
       6294
       6541
       6737
       6934
       7130
       7327
       7522
       7718
       7913
       8108
       8303
       8546
       8740
       8933
       9127
       9319
       9512
       9704
       9896
      10088
      10279
      10469
      10707
      10897
      11087
      11276
      11464
      11652
      11840
      12027
      12214
      12400
      12633
      12818
      13003
      13187
      13371
      13554
      13737
      13919
      14101
      14282
      14508
      14688
      14867
      15046
      15225
      15402
      15580
      15756
      15932
      16108
      16282
      16500
      16673
      16846
      17018
      17190
      17361
      17531
      17700
      17869
      18037
      18247
      18413
      18579
      18745
      18909
      19073
      19236
      19399
      19560
      19721
      19881
      20081
      20239
      20397
      20554
      20710
      20865
      21020
      21174
      21327
      21479
      21668
      21819
      21968
      22117
      22265
      22412
      22558
      22704
      22848
      22992
      23170
      23312
      23453
      23593
      23732
      23870
      24008
      24144
      24279
      24414
      24548
      24713
      24845
      24976
      25105
      25234
      25362
      25489
      25615
      25739
      25863
      26017
      26139
      26259
      26379
      26498
      26616
      26733
      26848
      26963
      27077
      27190
      27329
      27440
      27549
      27657
      27765
      27871
      27976
      28080
      28183
      28285
      28411
      28511
      28610
      28707
      28803
      28899
      28993
      29086
      29178
      29269
      29359
      29470
      29557
      29643
      29729
      29813
      29895
      29977
      30058
      30137
      30216
      30312
      30388
      30462
      30536
      30608
      30680
      30750
      30819
      30886
      30953
      31034
      31098
      31161
      31223
      31283
      31342
      31400
      31457
      31513
      31568
      31621
      31686
      31737
      31786
      31834
      31881
      31927
      31972
      32015
      32058
      32099
      32148
      32186
      32224
      32259
      32294
      32328
      32360
      32391
      32421
      32449
      32477
      32509
      32534
      32557
      32579
      32600
      32620
      32638
      32656
      32672
      32686
      32703
      32715
      32726
      32736
      32744
      32751
      32757
      32761
      32765
      32767
          0
        201
        402
        603
        804
       1005
       1206
       1407
       1608
       1809
       2009
       2260
       2461
       2661
       2861
       3062
       3262
       3462
       3662
       3861
       4061
       4310
       4510
       4709
       4907
       5106
       5305
       5503
       5701
       5899
       6097
       6294
       6541
       6737
       6934
       7130
       7327
       7522
       7718
       7913
       8108
       8303
       8546
       8740
       8933
       9127
       9319
       9512
       9704
       9896
      10088
      10279
      10469
      10707
      10897
      11087
      11276
      11464
      11652
      11840
      12027
      12214
      12400
      12633
      12818
      13003
      13187
      13371
      13554
      13737
      13919
      14101
      14282
      14508
      14688
      14867
      15046
      15225
      15402
      15580
      15756
      15932
      16108
      16282
      16500
      16673
      16846
      17018
      17190
      17361
      17531
      17700
      17869
      18037
      18247
      18413
      18579
      18745
      18909
      19073
      19236
      19399
      19560
      19721
      19881
      20081
      20239
      20397
      20554
      20710
      20865
      21020
      21174
      21327
      21479
      21668
      21819
      21968
      22117
      22265
      22412
      22558
      22704
      22848
      22992
      23170
      23312
      23453
      23593
      23732
      23870
      24008
      24144
      24279
      24414
      24548
      24713
      24845
      24976
      25105
      25234
      25362
      25489
      25615
      25739
      25863
      26017
      26139
      26259
      26379
      26498
      26616
      26733
      26848
      26963
      27077
      27190
      27329
      27440
      27549
      27657
      27765
      27871
      27976
      28080
      28183
      28285
      28411
      28511
      28610
      28707
      28803
      28899
      28993
      29086
      29178
      29269
      29359
      29470
      29557
      29643
      29729
      29813
      29895
      29977
      30058
      30137
      30216
      30312
      30388
      30462
      30536
      30608
      30680
      30750
      30819
      30886
      30953
      31034
      31098
      31161
      31223
      31283
      31342
      31400
      31457
      31513
      31568
      31621
      31686
      31737
      31786
      31834
      31881
      31927
      31972
      32015
      32058
      32099
      32148
      32186
      32224
      32259
      32294
      32328
      32360
      32391
      32421
      32449
      32477
      32509
      32534
      32557
      32579
      32600
      32620
      32638
      32656
      32672
      32686
      32703
      32715
      32726
      32736
      32744
      32751
      32757
      32761
      32765
      32767
     -32767
     -32767
     -32766
     -32762
     -32758
     -32753
     -32746
     -32738
     -32729
     -32718
     -32706
     -32690
     -32675
     -32660
     -32643
     -32625
     -32605
     -32585
     -32563
     -32540
     -32515
     -32483
     -32456
     -32428
     -32398
     -32368
     -32336
     -32303
     -32268
     -32233
     -32196
     -32158
     -32109
     -32068
     -32026
     -31983
     -31938
     -31893
     -31846
     -31798
     -31749
     -31699
     -31634
     -31581
     -31527
     -31471
     -31415
     -31357
     -31298
     -31238
     -31177
     -31114
     -31050
     -30969
     -30903
     -30836
     -30767
     -30697
     -30626
     -30554
     -30481
     -30407
     -30331
     -30235
     -30157
     -30078
     -29997
     -29916
     -29833
     -29750
     -29665
     -29579
     -29492
     -29381
     -29292
     -29201
     -29109
     -29016
     -28922
     -28827
     -28731
     -28634
     -28536
     -28436
     -28311
     -28209
     -28106
     -28002
     -27897
     -27791
     -27684
     -27576
     -27467
     -27357
     -27218
     -27105
     -26992
     -26877
     -26762
     -26645
     -26528
     -26409
     -26290
     -26169
     -26048
     -25894
     -25771
     -25646
     -25520
     -25394
     -25266
     -25138
     -25008
     -24878
     -24746
     -24581
     -24448
     -24313
     -24178
     -24042
     -23905
     -23767
     -23628
     -23488
     -23348
     -23170
     -23028
     -22884
     -22740
     -22595
     -22449
     -22302
     -22154
     -22006
     -21856
     -21706
     -21517
     -21365
     -21212
     -21059
     -20904
     -20749
     -20593
     -20436
     -20279
     -20120
     -19921
     -19761
     -19601
     -19439
     -19277
     -19114
     -18950
     -18786
     -18621
     -18455
     -18288
     -18079
     -17911
     -17743
     -17573
     -17403
     -17233
     -17061
     -16889
     -16717
     -16543
     -16326
     -16151
     -15976
     -15800
     -15624
     -15447
     -15269
     -15091
     -14912
     -14733
     -14553
     -14327
     -14146
     -13965
     -13783
     -13600
     -13417
     -13233
     -13049
     -12864
     -12679
     -12447
     -12261
     -12074
     -11887
     -11699
     -11511
     -11323
     -11134
     -10945
     -10755
     -10517
     -10326
     -10135
      -9944
      -9752
      -9560
      -9368
      -9175
      -8982
      -8788
      -8594
      -8351
      -8157
      -7962
      -7767
      -7571
      -7376
      -7180
      -6983
      -6787
      -6590
      -6343
      -6146
      -5948
      -5751
      -5553
      -5354
      -5156
      -4957
      -4758
      -4559
      -4360
      -4111
      -3911
      -3712
      -3512
      -3312
      -3112
      -2912
      -2711
      -2511
      -2310
      -2060
      -1859
      -1658
      -1457
      -1256
      -1055
       -854
       -653
       -452
       -251
     -32767
     -32767
     -32766
     -32762
     -32758
     -32753
     -32746
     -32738
     -32729
     -32718
     -32706
     -32690
     -32675
     -32660
     -32643
     -32625
     -32605
     -32585
     -32563
     -32540
     -32515
     -32483
     -32456
     -32428
     -32398
     -32368
     -32336
     -32303
     -32268
     -32233
     -32196
     -32158
     -32109
     -32068
     -32026
     -31983
     -31938
     -31893
     -31846
     -31798
     -31749
     -31699
     -31634
     -31581
     -31527
     -31471
     -31415
     -31357
     -31298
     -31238
     -31177
     -31114
     -31050
     -30969
     -30903
     -30836
     -30767
     -30697
     -30626
     -30554
     -30481
     -30407
     -30331
     -30235
     -30157
     -30078
     -29997
     -29916
     -29833
     -29750
     -29665
     -29579
     -29492
     -29381
     -29292
     -29201
     -29109
     -29016
     -28922
     -28827
     -28731
     -28634
     -28536
     -28436
     -28311
     -28209
     -28106
     -28002
     -27897
     -27791
     -27684
     -27576
     -27467
     -27357
     -27218
     -27105
     -26992
     -26877
     -26762
     -26645
     -26528
     -26409
     -26290
     -26169
     -26048
     -25894
     -25771
     -25646
     -25520
     -25394
     -25266
     -25138
     -25008
     -24878
     -24746
     -24581
     -24448
     -24313
     -24178
     -24042
     -23905
     -23767
     -23628
     -23488
     -23348
     -23170
     -23028
     -22884
     -22740
     -22595
     -22449
     -22302
     -22154
     -22006
     -21856
     -21706
     -21517
     -21365
     -21212
     -21059
     -20904
     -20749
     -20593
     -20436
     -20279
     -20120
     -19921
     -19761
     -19601
     -19439
     -19277
     -19114
     -18950
     -18786
     -18621
     -18455
     -18288
     -18079
     -17911
     -17743
     -17573
     -17403
     -17233
     -17061
     -16889
     -16717
     -16543
     -16326
     -16151
     -15976
     -15800
     -15624
     -15447
     -15269
     -15091
     -14912
     -14733
     -14553
     -14327
     -14146
     -13965
     -13783
     -13600
     -13417
     -13233
     -13049
     -12864
     -12679
     -12447
     -12261
     -12074
     -11887
     -11699
     -11511
     -11323
     -11134
     -10945
     -10755
     -10517
     -10326
     -10135
      -9944
      -9752
      -9560
      -9368
      -9175
      -8982
      -8788
      -8594
      -8351
      -8157
      -7962
      -7767
      -7571
      -7376
      -7180
      -6983
      -6787
      -6590
      -6343
      -6146
      -5948
      -5751
      -5553
      -5354
      -5156
      -4957
      -4758
      -4559
      -4360
      -4111
      -3911
      -3712
      -3512
      -3312
      -3112
      -2912
      -2711
      -2511
      -2310
      -2060
      -1859
      -1658
      -1457
      -1256
      -1055
       -854
       -653
       -452
       -251
          0
        201
        402
        603
        804
       1005
       1206
       1407
       1608
       1809
       2009
       2260
       2461
       2661
       2861
       3062
       3262
       3462
       3662
       3861
       4061
       4310
       4510
       4709
       4907
       5106
       5305
       5503
       5701
       5899
       6097
       6294
       6541
       6737
       6934
       7130
       7327
       7522
       7718
       7913
       8108
       8303
       8546
       8740
       8933
       9127
       9319
       9512
       9704
       9896
      10088
      10279
      10469
      10707
      10897
      11087
      11276
      11464
      11652
      11840
      12027
      12214
      12400
      12633
      12818
      13003
      13187
      13371
      13554
      13737
      13919
      14101
      14282
      14508
      14688
      14867
      15046
      15225
      15402
      15580
      15756
      15932
      16108
      16282
      16500
      16673
      16846
      17018
      17190
      17361
      17531
      17700
      17869
      18037
      18247
      18413
      18579
      18745
      18909
      19073
      19236
      19399
      19560
      19721
      19881
      20081
      20239
      20397
      20554
      20710
      20865
      21020
      21174
      21327
      21479
      21668
      21819
      21968
      22117
      22265
      22412
      22558
      22704
      22848
      22992
      23170
      23312
      23453
      23593
      23732
      23870
      24008
      24144
      24279
      24414
      24548
      24713
      24845
      24976
      25105
      25234
      25362
      25489
      25615
      25739
      25863
      26017
      26139
      26259
      26379
      26498
      26616
      26733
      26848
      26963
      27077
      27190
      27329
      27440
      27549
      27657
      27765
      27871
      27976
      28080
      28183
      28285
      28411
      28511
      28610
      28707
      28803
      28899
      28993
      29086
      29178
      29269
      29359
      29470
      29557
      29643
      29729
      29813
      29895
      29977
      30058
      30137
      30216
      30312
      30388
      30462
      30536
      30608
      30680
      30750
      30819
      30886
      30953
      31034
      31098
      31161
      31223
      31283
      31342
      31400
      31457
      31513
      31568
      31621
      31686
      31737
      31786
      31834
      31881
      31927
      31972
      32015
      32058
      32099
      32148
      32186
      32224
      32259
      32294
      32328
      32360
      32391
      32421
      32449
      32477
      32509
      32534
      32557
      32579
      32600
      32620
      32638
      32656
      32672
      32686
      32703
      32715
      32726
      32736
      32744
      32751
      32757
      32761
      32765
      32767
          0
        201
        402
        603
        804
       1005
       1206
       1407
       1608
       1809
       2009
       2260
       2461
       2661
       2861
       3062
       3262
       3462
       3662
       3861
       4061
       4310
       4510
       4709
       4907
       5106
       5305
       5503
       5701
       5899
       6097
       6294
       6541
       6737
       6934
       7130
       7327
       7522
       7718
       7913
       8108
       8303
       8546
       8740
       8933
       9127
       9319
       9512
       9704
       9896
      10088
      10279
      10469
      10707
      10897
      11087
      11276
      11464
      11652
      11840
      12027
      12214
      12400
      12633
      12818
      13003
      13187
      13371
      13554
      13737
      13919
      14101
      14282
      14508
      14688
      14867
      15046
      15225
      15402
      15580
      15756
      15932
      16108
      16282
      16500
      16673
      16846
      17018
      17190
      17361
      17531
      17700
      17869
      18037
      18247
      18413
      18579
      18745
      18909
      19073
      19236
      19399
      19560
      19721
      19881
      20081
      20239
      20397
      20554
      20710
      20865
      21020
      21174
      21327
      21479
      21668
      21819
      21968
      22117
      22265
      22412
      22558
      22704
      22848
      22992
      23170
      23312
      23453
      23593
      23732
      23870
      24008
      24144
      24279
      24414
      24548
      24713
      24845
      24976
      25105
      25234
      25362
      25489
      25615
      25739
      25863
      26017
      26139
      26259
      26379
      26498
      26616
      26733
      26848
      26963
      27077
      27190
      27329
      27440
      27549
      27657
      27765
      27871
      27976
      28080
      28183
      28285
      28411
      28511
      28610
      28707
      28803
      28899
      28993
      29086
      29178
      29269
      29359
      29470
      29557
      29643
      29729
      29813
      29895
      29977
      30058
      30137
      30216
      30312
      30388
      30462
      30536
      30608
      30680
      30750
      30819
      30886
      30953
      31034
      31098
      31161
      31223
      31283
      31342
      31400
      31457
      31513
      31568
      31621
      31686
      31737
      31786
      31834
      31881
      31927
      31972
      32015
      32058
      32099
      32148
      32186
      32224
      32259
      32294
      32328
      32360
      32391
      32421
      32449
      32477
      32509
      32534
      32557
      32579
      32600
      32620
      32638
      32656
      32672
      32686
      32703
      32715
      32726
      32736
      32744
      32751
      32757
      32761
      32765
      32767
     -32767
     -32767
     -32766
     -32762
     -32758
     -32753
     -32746
     -32738
     -32729
     -32718
     -32706
     -32690
     -32675
     -32660
     -32643
     -32625
     -32605
     -32585
     -32563
     -32540
     -32515
     -32483
     -32456
     -32428
     -32398
     -32368
     -32336
     -32303
     -32268
     -32233
     -32196
     -32158
     -32109
     -32068
     -32026
     -31983
     -31938
     -31893
     -31846
     -31798
     -31749
     -31699
     -31634
     -31581
     -31527
     -31471
     -31415
     -31357
     -31298
     -31238
     -31177
     -31114
     -31050
     -30969
     -30903
     -30836
     -30767
     -30697
     -30626
     -30554
     -30481
     -30407
     -30331
     -30235
     -30157
     -30078
     -29997
     -29916
     -29833
     -29750
     -29665
     -29579
     -29492
     -29381
     -29292
     -29201
     -29109
     -29016
     -28922
     -28827
     -28731
     -28634
     -28536
     -28436
     -28311
     -28209
     -28106
     -28002
     -27897
     -27791
     -27684
     -27576
     -27467
     -27357
     -27218
     -27105
     -26992
     -26877
     -26762
     -26645
     -26528
     -26409
     -26290
     -26169
     -26048
     -25894
     -25771
     -25646
     -25520
     -25394
     -25266
     -25138
     -25008
     -24878
     -24746
     -24581
     -24448
     -24313
     -24178
     -24042
     -23905
     -23767
     -23628
     -23488
     -23348
     -23170
     -23028
     -22884
     -22740
     -22595
     -22449
     -22302
     -22154
     -22006
     -21856
     -21706
     -21517
     -21365
     -21212
     -21059
     -20904
     -20749
     -20593
     -20436
     -20279
     -20120
     -19921
     -19761
     -19601
     -19439
     -19277
     -19114
     -18950
     -18786
     -18621
     -18455
     -18288
     -18079
     -17911
     -17743
     -17573
     -17403
     -17233
     -17061
     -16889
     -16717
     -16543
     -16326
     -16151
     -15976
     -15800
     -15624
     -15447
     -15269
     -15091
     -14912
     -14733
     -14553
     -14327
     -14146
     -13965
     -13783
     -13600
     -13417
     -13233
     -13049
     -12864
     -12679
     -12447
     -12261
     -12074
     -11887
     -11699
     -11511
     -11323
     -11134
     -10945
     -10755
     -10517
     -10326
     -10135
      -9944
      -9752
      -9560
      -9368
      -9175
      -8982
      -8788
      -8594
      -8351
      -8157
      -7962
      -7767
      -7571
      -7376
      -7180
      -6983
      -6787
      -6590
      -6343
      -6146
      -5948
      -5751
      -5553
      -5354
      -5156
      -4957
      -4758
      -4559
      -4360
      -4111
      -3911
      -3712
      -3512
      -3312
      -3112
      -2912
      -2711
      -2511
      -2310
      -2060
      -1859
      -1658
      -1457
      -1256
      -1055
       -854
       -653
       -452
       -251
     -32767
     -32767
     -32766
     -32762
     -32758
     -32753
     -32746
     -32738
     -32729
     -32718
     -32706
     -32690
     -32675
     -32660
     -32643
     -32625
     -32605
     -32585
     -32563
     -32540
     -32515
     -32483
     -32456
     -32428
     -32398
     -32368
     -32336
     -32303
     -32268
     -32233
     -32196
     -32158
     -32109
     -32068
     -32026
     -31983
     -31938
     -31893
     -31846
     -31798
     -31749
     -31699
     -31634
     -31581
     -31527
     -31471
     -31415
     -31357
     -31298
     -31238
     -31177
     -31114
     -31050
     -30969
     -30903
     -30836
     -30767
     -30697
     -30626
     -30554
     -30481
     -30407
     -30331
     -30235
     -30157
     -30078
     -29997
     -29916
     -29833
     -29750
     -29665
     -29579
     -29492
     -29381
     -29292
     -29201
     -29109
     -29016
     -28922
     -28827
     -28731
     -28634
     -28536
     -28436
     -28311
     -28209
     -28106
     -28002
     -27897
     -27791
     -27684
     -27576
     -27467
     -27357
     -27218
     -27105
     -26992
     -26877
     -26762
     -26645
     -26528
     -26409
     -26290
     -26169
     -26048
     -25894
     -25771
     -25646
     -25520
     -25394
     -25266
     -25138
     -25008
     -24878
     -24746
     -24581
     -24448
     -24313
     -24178
     -24042
     -23905
     -23767
     -23628
     -23488
     -23348
     -23170
     -23028
     -22884
     -22740
     -22595
     -22449
     -22302
     -22154
     -22006
     -21856
     -21706
     -21517
     -21365
     -21212
     -21059
     -20904
     -20749
     -20593
     -20436
     -20279
     -20120
     -19921
     -19761
     -19601
     -19439
     -19277
     -19114
     -18950
     -18786
     -18621
     -18455
     -18288
     -18079
     -17911
     -17743
     -17573
     -17403
     -17233
     -17061
     -16889
     -16717
     -16543
     -16326
     -16151
     -15976
     -15800
     -15624
     -15447
     -15269
     -15091
     -14912
     -14733
     -14553
     -14327
     -14146
     -13965
     -13783
     -13600
     -13417
     -13233
     -13049
     -12864
     -12679
     -12447
     -12261
     -12074
     -11887
     -11699
     -11511
     -11323
     -11134
     -10945
     -10755
     -10517
     -10326
     -10135
      -9944
      -9752
      -9560
      -9368
      -9175
      -8982
      -8788
      -8594
      -8351
      -8157
      -7962
      -7767
      -7571
      -7376
      -7180
      -6983
      -6787
      -6590
      -6343
      -6146
      -5948
      -5751
      -5553
      -5354
      -5156
      -4957
      -4758
      -4559
      -4360
      -4111
      -3911
      -3712
      -3512
      -3312
      -3112
      -2912
      -2711
      -2511
      -2310
      -2060
      -1859
      -1658
      -1457
      -1256
      -1055
       -854
       -653
       -452
       -251
          0
        201
        402
        603
        804
       1005
       1206
       1407
       1608
       1809
       2009
       2260
       2461
       2661
       2861
       3062
       3262
       3462
       3662
       3861
       4061
       4310
       4510
       4709
       4907
       5106
       5305
       5503
       5701
       5899
       6097
       6294
       6541
       6737
       6934
       7130
       7327
       7522
       7718
       7913
       8108
       8303
       8546
       8740
       8933
       9127
       9319
       9512
       9704
       9896
      10088
      10279
      10469
      10707
      10897
      11087
      11276
      11464
      11652
      11840
      12027
      12214
      12400
      12633
      12818
      13003
      13187
      13371
      13554
      13737
      13919
      14101
      14282
      14508
      14688
      14867
      15046
      15225
      15402
      15580
      15756
      15932
      16108
      16282
      16500
      16673
      16846
      17018
      17190
      17361
      17531
      17700
      17869
      18037
      18247
      18413
      18579
      18745
      18909
      19073
      19236
      19399
      19560
      19721
      19881
      20081
      20239
      20397
      20554
      20710
      20865
      21020
      21174
      21327
      21479
      21668
      21819
      21968
      22117
      22265
      22412
      22558
      22704
      22848
      22992
      23170
      23312
      23453
      23593
      23732
      23870
      24008
      24144
      24279
      24414
      24548
      24713
      24845
      24976
      25105
      25234
      25362
      25489
      25615
      25739
      25863
      26017
      26139
      26259
      26379
      26498
      26616
      26733
      26848
      26963
      27077
      27190
      27329
      27440
      27549
      27657
      27765
      27871
      27976
      28080
      28183
      28285
      28411
      28511
      28610
      28707
      28803
      28899
      28993
      29086
      29178
      29269
      29359
      29470
      29557
      29643
      29729
      29813
      29895
      29977
      30058
      30137
      30216
      30312
      30388
      30462
      30536
      30608
      30680
      30750
      30819
      30886
      30953
      31034
      31098
      31161
      31223
      31283
      31342
      31400
      31457
      31513
      31568
      31621
      31686
      31737
      31786
      31834
      31881
      31927
      31972
      32015
      32058
      32099
      32148
      32186
      32224
      32259
      32294
      32328
      32360
      32391
      32421
      32449
      32477
      32509
      32534
      32557
      32579
      32600
      32620
      32638
      32656
      32672
      32686
      32703
      32715
      32726
      32736
      32744
      32751
      32757
      32761
      32765
      32767
          0
        201
        402
        603
        804
       1005
       1206
       1407
       1608
       1809
       2009
       2260
       2461
       2661
       2861
       3062
       3262
       3462
       3662
       3861
       4061
       4310
       4510
       4709
       4907
       5106
       5305
       5503
       5701
       5899
       6097
       6294
       6541
       6737
       6934
       7130
       7327
       7522
       7718
       7913
       8108
       8303
       8546
       8740
       8933
       9127
       9319
       9512
       9704
       9896
      10088
      10279
      10469
      10707
      10897
      11087
      11276
      11464
      11652
      11840
      12027
      12214
      12400
      12633
      12818
      13003
      13187
      13371
      13554
      13737
      13919
      14101
      14282
      14508
      14688
      14867
      15046
      15225
      15402
      15580
      15756
      15932
      16108
      16282
      16500
      16673
      16846
      17018
      17190
      17361
      17531
      17700
      17869
      18037
      18247
      18413
      18579
      18745
      18909
      19073
      19236
      19399
      19560
      19721
      19881
      20081
      20239
      20397
      20554
      20710
      20865
      21020
      21174
      21327
      21479
      21668
      21819
      21968
      22117
      22265
      22412
      22558
      22704
      22848
      22992
      23170
      23312
      23453
      23593
      23732
      23870
      24008
      24144
      24279
      24414
      24548
      24713
      24845
      24976
      25105
      25234
      25362
      25489
      25615
      25739
      25863
      26017
      26139
      26259
      26379
      26498
      26616
      26733
      26848
      26963
      27077
      27190
      27329
      27440
      27549
      27657
      27765
      27871
      27976
      28080
      28183
      28285
      28411
      28511
      28610
      28707
      28803
      28899
      28993
      29086
      29178
      29269
      29359
      29470
      29557
      29643
      29729
      29813
      29895
      29977
      30058
      30137
      30216
      30312
      30388
      30462
      30536
      30608
      30680
      30750
      30819
      30886
      30953
      31034
      31098
      31161
      31223
      31283
      31342
      31400
      31457
      31513
      31568
      31621
      31686
      31737
      31786
      31834
      31881
      31927
      31972
      32015
      32058
      32099
      32148
      32186
      32224
      32259
      32294
      32328
      32360
      32391
      32421
      32449
      32477
      32509
      32534
      32557
      32579
      32600
      32620
      32638
      32656
      32672
      32686
      32703
      32715
      32726
      32736
      32744
      32751
      32757
      32761
      32765
      32767
     -32767
     -32767
     -32766
     -32762
     -32758
     -32753
     -32746
     -32738
     -32729
     -32718
     -32706
     -32690
     -32675
     -32660
     -32643
     -32625
     -32605
     -32585
     -32563
     -32540
     -32515
     -32483
     -32456
     -32428
     -32398
     -32368
     -32336
     -32303
     -32268
     -32233
     -32196
     -32158
     -32109
     -32068
     -32026
     -31983
     -31938
     -31893
     -31846
     -31798
     -31749
     -31699
     -31634
     -31581
     -31527
     -31471
     -31415
     -31357
     -31298
     -31238
     -31177
     -31114
     -31050
     -30969
     -30903
     -30836
     -30767
     -30697
     -30626
     -30554
     -30481
     -30407
     -30331
     -30235
     -30157
     -30078
     -29997
     -29916
     -29833
     -29750
     -29665
     -29579
     -29492
     -29381
     -29292
     -29201
     -29109
     -29016
     -28922
     -28827
     -28731
     -28634
     -28536
     -28436
     -28311
     -28209
     -28106
     -28002
     -27897
     -27791
     -27684
     -27576
     -27467
     -27357
     -27218
     -27105
     -26992
     -26877
     -26762
     -26645
     -26528
     -26409
     -26290
     -26169
     -26048
     -25894
     -25771
     -25646
     -25520
     -25394
     -25266
     -25138
     -25008
     -24878
     -24746
     -24581
     -24448
     -24313
     -24178
     -24042
     -23905
     -23767
     -23628
     -23488
     -23348
     -23170
     -23028
     -22884
     -22740
     -22595
     -22449
     -22302
     -22154
     -22006
     -21856
     -21706
     -21517
     -21365
     -21212
     -21059
     -20904
     -20749
     -20593
     -20436
     -20279
     -20120
     -19921
     -19761
     -19601
     -19439
     -19277
     -19114
     -18950
     -18786
     -18621
     -18455
     -18288
     -18079
     -17911
     -17743
     -17573
     -17403
     -17233
     -17061
     -16889
     -16717
     -16543
     -16326
     -16151
     -15976
     -15800
     -15624
     -15447
     -15269
     -15091
     -14912
     -14733
     -14553
     -14327
     -14146
     -13965
     -13783
     -13600
     -13417
     -13233
     -13049
     -12864
     -12679
     -12447
     -12261
     -12074
     -11887
     -11699
     -11511
     -11323
     -11134
     -10945
     -10755
     -10517
     -10326
     -10135
      -9944
      -9752
      -9560
      -9368
      -9175
      -8982
      -8788
      -8594
      -8351
      -8157
      -7962
      -7767
      -7571
      -7376
      -7180
      -6983
      -6787
      -6590
      -6343
      -6146
      -5948
      -5751
      -5553
      -5354
      -5156
      -4957
      -4758
      -4559
      -4360
      -4111
      -3911
      -3712
      -3512
      -3312
      -3112
      -2912
      -2711
      -2511
      -2310
      -2060
      -1859
      -1658
      -1457
      -1256
      -1055
       -854
       -653
       -452
       -251
     -32767
     -32767
     -32766
     -32762
     -32758
     -32753
     -32746
     -32738
     -32729
     -32718
     -32706
     -32690
     -32675
     -32660
     -32643
     -32625
     -32605
     -32585
     -32563
     -32540
     -32515
     -32483
     -32456
     -32428
     -32398
     -32368
     -32336
     -32303
     -32268
     -32233
     -32196
     -32158
     -32109
     -32068
     -32026
     -31983
     -31938
     -31893
     -31846
     -31798
     -31749
     -31699
     -31634
     -31581
     -31527
     -31471
     -31415
     -31357
     -31298
     -31238
     -31177
     -31114
     -31050
     -30969
     -30903
     -30836
     -30767
     -30697
     -30626
     -30554
     -30481
     -30407
     -30331
     -30235
     -30157
     -30078
     -29997
     -29916
     -29833
     -29750
     -29665
     -29579
     -29492
     -29381
     -29292
     -29201
     -29109
     -29016
     -28922
     -28827
     -28731
     -28634
     -28536
     -28436
     -28311
     -28209
     -28106
     -28002
     -27897
     -27791
     -27684
     -27576
     -27467
     -27357
     -27218
     -27105
     -26992
     -26877
     -26762
     -26645
     -26528
     -26409
     -26290
     -26169
     -26048
     -25894
     -25771
     -25646
     -25520
     -25394
     -25266
     -25138
     -25008
     -24878
     -24746
     -24581
     -24448
     -24313
     -24178
     -24042
     -23905
     -23767
     -23628
     -23488
     -23348
     -23170
     -23028
     -22884
     -22740
     -22595
     -22449
     -22302
     -22154
     -22006
     -21856
     -21706
     -21517
     -21365
     -21212
     -21059
     -20904
     -20749
     -20593
     -20436
     -20279
     -20120
     -19921
     -19761
     -19601
     -19439
     -19277
     -19114
     -18950
     -18786
     -18621
     -18455
     -18288
     -18079
     -17911
     -17743
     -17573
     -17403
     -17233
     -17061
     -16889
     -16717
     -16543
     -16326
     -16151
     -15976
     -15800
     -15624
     -15447
     -15269
     -15091
     -14912
     -14733
     -14553
     -14327
     -14146
     -13965
     -13783
     -13600
     -13417
     -13233
     -13049
     -12864
     -12679
     -12447
     -12261
     -12074
     -11887
     -11699
     -11511
     -11323
     -11134
     -10945
     -10755
     -10517
     -10326
     -10135
      -9944
      -9752
      -9560
      -9368
      -9175
      -8982
      -8788
      -8594
      -8351
      -8157
      -7962
      -7767
      -7571
      -7376
      -7180
      -6983
      -6787
      -6590
      -6343
      -6146
      -5948
      -5751
      -5553
      -5354
      -5156
      -4957
      -4758
      -4559
      -4360
      -4111
      -3911
      -3712
      -3512
      -3312
      -3112
      -2912
      -2711
      -2511
      -2310
      -2060
      -1859
      -1658
      -1457
      -1256
      -1055
       -854
       -653
       -452
       -251
          0
        201
        402
        603
        804
       1005
       1206
       1407
       1608
       1809
       2009
       2260
       2461
       2661
       2861
       3062
       3262
       3462
       3662
       3861
       4061
       4310
       4510
       4709
       4907
       5106
       5305
       5503
       5701
       5899
       6097
       6294
       6541
       6737
       6934
       7130
       7327
       7522
       7718
       7913
       8108
       8303
       8546
       8740
       8933
       9127
       9319
       9512
       9704
       9896
      10088
      10279
      10469
      10707
      10897
      11087
      11276
      11464
      11652
      11840
      12027
      12214
      12400
      12633
      12818
      13003
      13187
      13371
      13554
      13737
      13919
      14101
      14282
      14508
      14688
      14867
      15046
      15225
      15402
      15580
      15756
      15932
      16108
      16282
      16500
      16673
      16846
      17018
      17190
      17361
      17531
      17700
      17869
      18037
      18247
      18413
      18579
      18745
      18909
      19073
      19236
      19399
      19560
      19721
      19881
      20081
      20239
      20397
      20554
      20710
      20865
      21020
      21174
      21327
      21479
      21668
      21819
      21968
      22117
      22265
      22412
      22558
      22704
      22848
      22992
      23170
      23312
      23453
      23593
      23732
      23870
      24008
      24144
      24279
      24414
      24548
      24713
      24845
      24976
      25105
      25234
      25362
      25489
      25615
      25739
      25863
      26017
      26139
      26259
      26379
      26498
      26616
      26733
      26848
      26963
      27077
      27190
      27329
      27440
      27549
      27657
      27765
      27871
      27976
      28080
      28183
      28285
      28411
      28511
      28610
      28707
      28803
      28899
      28993
      29086
      29178
      29269
      29359
      29470
      29557
      29643
      29729
      29813
      29895
      29977
      30058
      30137
      30216
      30312
      30388
      30462
      30536
      30608
      30680
      30750
      30819
      30886
      30953
      31034
      31098
      31161
      31223
      31283
      31342
      31400
      31457
      31513
      31568
      31621
      31686
      31737
      31786
      31834
      31881
      31927
      31972
      32015
      32058
      32099
      32148
      32186
      32224
      32259
      32294
      32328
      32360
      32391
      32421
      32449
      32477
      32509
      32534
      32557
      32579
      32600
      32620
      32638
      32656
      32672
      32686
      32703
      32715
      32726
      32736
      32744
      32751
      32757
      32761
      32765
      32767
          0
        201
        402
        603
        804
       1005
       1206
       1407
       1608
       1809
       2009
       2260
       2461
       2661
       2861
       3062
       3262
       3462
       3662
       3861
       4061
       4310
       4510
       4709
       4907
       5106
       5305
       5503
       5701
       5899
       6097
       6294
       6541
       6737
       6934
       7130
       7327
       7522
       7718
       7913
       8108
       8303
       8546
       8740
       8933
       9127
       9319
       9512
       9704
       9896
      10088
      10279
      10469
      10707
      10897
      11087
      11276
      11464
      11652
      11840
      12027
      12214
      12400
      12633
      12818
      13003
      13187
      13371
      13554
      13737
      13919
      14101
      14282
      14508
      14688
      14867
      15046
      15225
      15402
      15580
      15756
      15932
      16108
      16282
      16500
      16673
      16846
      17018
      17190
      17361
      17531
      17700
      17869
      18037
      18247
      18413
      18579
      18745
      18909
      19073
      19236
      19399
      19560
      19721
      19881
      20081
      20239
      20397
      20554
      20710
      20865
      21020
      21174
      21327
      21479
      21668
      21819
      21968
      22117
      22265
      22412
      22558
      22704
      22848
      22992
      23170
      23312
      23453
      23593
      23732
      23870
      24008
      24144
      24279
      24414
      24548
      24713
      24845
      24976
      25105
      25234
      25362
      25489
      25615
      25739
      25863
      26017
      26139
      26259
      26379
      26498
      26616
      26733
      26848
      26963
      27077
      27190
      27329
      27440
      27549
      27657
      27765
      27871
      27976
      28080
      28183
      28285
      28411
      28511
      28610
      28707
      28803
      28899
      28993
      29086
      29178
      29269
      29359
      29470
      29557
      29643
      29729
      29813
      29895
      29977
      30058
      30137
      30216
      30312
      30388
      30462
      30536
      30608
      30680
      30750
      30819
      30886
      30953
      31034
      31098
      31161
      31223
      31283
      31342
      31400
      31457
      31513
      31568
      31621
      31686
      31737
      31786
      31834
      31881
      31927
      31972
      32015
      32058
      32099
      32148
      32186
      32224
      32259
      32294
      32328
      32360
      32391
      32421
      32449
      32477
      32509
      32534
      32557
      32579
      32600
      32620
      32638
      32656
      32672
      32686
      32703
      32715
      32726
      32736
      32744
      32751
      32757
      32761
      32765
      32767
     -32767
     -32767
     -32766
     -32762
     -32758
     -32753
     -32746
     -32738
     -32729
     -32718
     -32706
     -32690
     -32675
     -32660
     -32643
     -32625
     -32605
     -32585
     -32563
     -32540
     -32515
     -32483
     -32456
     -32428
     -32398
     -32368
     -32336
     -32303
     -32268
     -32233
     -32196
     -32158
     -32109
     -32068
     -32026
     -31983
     -31938
     -31893
     -31846
     -31798
     -31749
     -31699
     -31634
     -31581
     -31527
     -31471
     -31415
     -31357
     -31298
     -31238
     -31177
     -31114
     -31050
     -30969
     -30903
     -30836
     -30767
     -30697
     -30626
     -30554
     -30481
     -30407
     -30331
     -30235
     -30157
     -30078
     -29997
     -29916
     -29833
     -29750
     -29665
     -29579
     -29492
     -29381
     -29292
     -29201
     -29109
     -29016
     -28922
     -28827
     -28731
     -28634
     -28536
     -28436
     -28311
     -28209
     -28106
     -28002
     -27897
     -27791
     -27684
     -27576
     -27467
     -27357
     -27218
     -27105
     -26992
     -26877
     -26762
     -26645
     -26528
     -26409
     -26290
     -26169
     -26048
     -25894
     -25771
     -25646
     -25520
     -25394
     -25266
     -25138
     -25008
     -24878
     -24746
     -24581
     -24448
     -24313
     -24178
     -24042
     -23905
     -23767
     -23628
     -23488
     -23348
     -23170
     -23028
     -22884
     -22740
     -22595
     -22449
     -22302
     -22154
     -22006
     -21856
     -21706
     -21517
     -21365
     -21212
     -21059
     -20904
     -20749
     -20593
     -20436
     -20279
     -20120
     -19921
     -19761
     -19601
     -19439
     -19277
     -19114
     -18950
     -18786
     -18621
     -18455
     -18288
     -18079
     -17911
     -17743
     -17573
     -17403
     -17233
     -17061
     -16889
     -16717
     -16543
     -16326
     -16151
     -15976
     -15800
     -15624
     -15447
     -15269
     -15091
     -14912
     -14733
     -14553
     -14327
     -14146
     -13965
     -13783
     -13600
     -13417
     -13233
     -13049
     -12864
     -12679
     -12447
     -12261
     -12074
     -11887
     -11699
     -11511
     -11323
     -11134
     -10945
     -10755
     -10517
     -10326
     -10135
      -9944
      -9752
      -9560
      -9368
      -9175
      -8982
      -8788
      -8594
      -8351
      -8157
      -7962
      -7767
      -7571
      -7376
      -7180
      -6983
      -6787
      -6590
      -6343
      -6146
      -5948
      -5751
      -5553
      -5354
      -5156
      -4957
      -4758
      -4559
      -4360
      -4111
      -3911
      -3712
      -3512
      -3312
      -3112
      -2912
      -2711
      -2511
      -2310
      -2060
      -1859
      -1658
      -1457
      -1256
      -1055
       -854
       -653
       -452
       -251
     -32767
     -32767
     -32766
     -32762
     -32758
     -32753
     -32746
     -32738
     -32729
     -32718
     -32706
     -32690
     -32675
     -32660
     -32643
     -32625
     -32605
     -32585
     -32563
     -32540
     -32515
     -32483
     -32456
     -32428
     -32398
     -32368
     -32336
     -32303
     -32268
     -32233
     -32196
     -32158
     -32109
     -32068
     -32026
     -31983
     -31938
     -31893
     -31846
     -31798
     -31749
     -31699
     -31634
     -31581
     -31527
     -31471
     -31415
     -31357
     -31298
     -31238
     -31177
     -31114
     -31050
     -30969
     -30903
     -30836
     -30767
     -30697
     -30626
     -30554
     -30481
     -30407
     -30331
     -30235
     -30157
     -30078
     -29997
     -29916
     -29833
     -29750
     -29665
     -29579
     -29492
     -29381
     -29292
     -29201
     -29109
     -29016
     -28922
     -28827
     -28731
     -28634
     -28536
     -28436
     -28311
     -28209
     -28106
     -28002
     -27897
     -27791
     -27684
     -27576
     -27467
     -27357
     -27218
     -27105
     -26992
     -26877
     -26762
     -26645
     -26528
     -26409
     -26290
     -26169
     -26048
     -25894
     -25771
     -25646
     -25520
     -25394
     -25266
     -25138
     -25008
     -24878
     -24746
     -24581
     -24448
     -24313
     -24178
     -24042
     -23905
     -23767
     -23628
     -23488
     -23348
     -23170
     -23028
     -22884
     -22740
     -22595
     -22449
     -22302
     -22154
     -22006
     -21856
     -21706
     -21517
     -21365
     -21212
     -21059
     -20904
     -20749
     -20593
     -20436
     -20279
     -20120
     -19921
     -19761
     -19601
     -19439
     -19277
     -19114
     -18950
     -18786
     -18621
     -18455
     -18288
     -18079
     -17911
     -17743
     -17573
     -17403
     -17233
     -17061
     -16889
     -16717
     -16543
     -16326
     -16151
     -15976
     -15800
     -15624
     -15447
     -15269
     -15091
     -14912
     -14733
     -14553
     -14327
     -14146
     -13965
     -13783
     -13600
     -13417
     -13233
     -13049
     -12864
     -12679
     -12447
     -12261
     -12074
     -11887
     -11699
     -11511
     -11323
     -11134
     -10945
     -10755
     -10517
     -10326
     -10135
      -9944
      -9752
      -9560
      -9368
      -9175
      -8982
      -8788
      -8594
      -8351
      -8157
      -7962
      -7767
      -7571
      -7376
      -7180
      -6983
      -6787
      -6590
      -6343
      -6146
      -5948
      -5751
      -5553
      -5354
      -5156
      -4957
      -4758
      -4559
      -4360
      -4111
      -3911
      -3712
      -3512
      -3312
      -3112
      -2912
      -2711
      -2511
      -2310
      -2060
      -1859
      -1658
      -1457
      -1256
      -1055
       -854
       -653
       -452
       -251
          0
        201
        402
        603
        804
       1005
       1206
       1407
       1608
       1809
       2009
       2260
       2461
       2661
       2861
       3062
       3262
       3462
       3662
       3861
       4061
       4310
       4510
       4709
       4907
       5106
       5305
       5503
       5701
       5899
       6097
       6294
       6541
       6737
       6934
       7130
       7327
       7522
       7718
       7913
       8108
       8303
       8546
       8740
       8933
       9127
       9319
       9512
       9704
       9896
      10088
      10279
      10469
      10707
      10897
      11087
      11276
      11464
      11652
      11840
      12027
      12214
      12400
      12633
      12818
      13003
      13187
      13371
      13554
      13737
      13919
      14101
      14282
      14508
      14688
      14867
      15046
      15225
      15402
      15580
      15756
      15932
      16108
      16282
      16500
      16673
      16846
      17018
      17190
      17361
      17531
      17700
      17869
      18037
      18247
      18413
      18579
      18745
      18909
      19073
      19236
      19399
      19560
      19721
      19881
      20081
      20239
      20397
      20554
      20710
      20865
      21020
      21174
      21327
      21479
      21668
      21819
      21968
      22117
      22265
      22412
      22558
      22704
      22848
      22992
      23170
      23312
      23453
      23593
      23732
      23870
      24008
      24144
      24279
      24414
      24548
      24713
      24845
      24976
      25105
      25234
      25362
      25489
      25615
      25739
      25863
      26017
      26139
      26259
      26379
      26498
      26616
      26733
      26848
      26963
      27077
      27190
      27329
      27440
      27549
      27657
      27765
      27871
      27976
      28080
      28183
      28285
      28411
      28511
      28610
      28707
      28803
      28899
      28993
      29086
      29178
      29269
      29359
      29470
      29557
      29643
      29729
      29813
      29895
      29977
      30058
      30137
      30216
      30312
      30388
      30462
      30536
      30608
      30680
      30750
      30819
      30886
      30953
      31034
      31098
      31161
      31223
      31283
      31342
      31400
      31457
      31513
      31568
      31621
      31686
      31737
      31786
      31834
      31881
      31927
      31972
      32015
      32058
      32099
      32148
      32186
      32224
      32259
      32294
      32328
      32360
      32391
      32421
      32449
      32477
      32509
      32534
      32557
      32579
      32600
      32620
      32638
      32656
      32672
      32686
      32703
      32715
      32726
      32736
      32744
      32751
      32757
      32761
      32765
      32767
          0
        201
        402
        603
        804
       1005
       1206
       1407
       1608
       1809
       2009
       2260
       2461
       2661
       2861
       3062
       3262
       3462
       3662
       3861
       4061
       4310
       4510
       4709
       4907
       5106
       5305
       5503
       5701
       5899
       6097
       6294
       6541
       6737
       6934
       7130
       7327
       7522
       7718
       7913
       8108
       8303
       8546
       8740
       8933
       9127
       9319
       9512
       9704
       9896
      10088
      10279
      10469
      10707
      10897
      11087
      11276
      11464
      11652
      11840
      12027
      12214
      12400
      12633
      12818
      13003
      13187
      13371
      13554
      13737
      13919
      14101
      14282
      14508
      14688
      14867
      15046
      15225
      15402
      15580
      15756
      15932
      16108
      16282
      16500
      16673
      16846
      17018
      17190
      17361
      17531
      17700
      17869
      18037
      18247
      18413
      18579
      18745
      18909
      19073
      19236
      19399
      19560
      19721
      19881
      20081
      20239
      20397
      20554
      20710
      20865
      21020
      21174
      21327
      21479
      21668
      21819
      21968
      22117
      22265
      22412
      22558
      22704
      22848
      22992
      23170
      23312
      23453
      23593
      23732
      23870
      24008
      24144
      24279
      24414
      24548
      24713
      24845
      24976
      25105
      25234
      25362
      25489
      25615
      25739
      25863
      26017
      26139
      26259
      26379
      26498
      26616
      26733
      26848
      26963
      27077
      27190
      27329
      27440
      27549
      27657
      27765
      27871
      27976
      28080
      28183
      28285
      28411
      28511
      28610
      28707
      28803
      28899
      28993
      29086
      29178
      29269
      29359
      29470
      29557
      29643
      29729
      29813
      29895
      29977
      30058
      30137
      30216
      30312
      30388
      30462
      30536
      30608
      30680
      30750
      30819
      30886
      30953
      31034
      31098
      31161
      31223
      31283
      31342
      31400
      31457
      31513
      31568
      31621
      31686
      31737
      31786
      31834
      31881
      31927
      31972
      32015
      32058
      32099
      32148
      32186
      32224
      32259
      32294
      32328
      32360
      32391
      32421
      32449
      32477
      32509
      32534
      32557
      32579
      32600
      32620
      32638
      32656
      32672
      32686
      32703
      32715
      32726
      32736
      32744
      32751
      32757
      32761
      32765
      32767
     -32767
     -32767
     -32766
     -32762
     -32758
     -32753
     -32746
     -32738
     -32729
     -32718
     -32706
     -32690
     -32675
     -32660
     -32643
     -32625
     -32605
     -32585
     -32563
     -32540
     -32515
     -32483
     -32456
     -32428
     -32398
     -32368
     -32336
     -32303
     -32268
     -32233
     -32196
     -32158
     -32109
     -32068
     -32026
     -31983
     -31938
     -31893
     -31846
     -31798
     -31749
     -31699
     -31634
     -31581
     -31527
     -31471
     -31415
     -31357
     -31298
     -31238
     -31177
     -31114
     -31050
     -30969
     -30903
     -30836
     -30767
     -30697
     -30626
     -30554
     -30481
     -30407
     -30331
     -30235
     -30157
     -30078
     -29997
     -29916
     -29833
     -29750
     -29665
     -29579
     -29492
     -29381
     -29292
     -29201
     -29109
     -29016
     -28922
     -28827
     -28731
     -28634
     -28536
     -28436
     -28311
     -28209
     -28106
     -28002
     -27897
     -27791
     -27684
     -27576
     -27467
     -27357
     -27218
     -27105
     -26992
     -26877
     -26762
     -26645
     -26528
     -26409
     -26290
     -26169
     -26048
     -25894
     -25771
     -25646
     -25520
     -25394
     -25266
     -25138
     -25008
     -24878
     -24746
     -24581
     -24448
     -24313
     -24178
     -24042
     -23905
     -23767
     -23628
     -23488
     -23348
     -23170
     -23028
     -22884
     -22740
     -22595
     -22449
     -22302
     -22154
     -22006
     -21856
     -21706
     -21517
     -21365
     -21212
     -21059
     -20904
     -20749
     -20593
     -20436
     -20279
     -20120
     -19921
     -19761
     -19601
     -19439
     -19277
     -19114
     -18950
     -18786
     -18621
     -18455
     -18288
     -18079
     -17911
     -17743
     -17573
     -17403
     -17233
     -17061
     -16889
     -16717
     -16543
     -16326
     -16151
     -15976
     -15800
     -15624
     -15447
     -15269
     -15091
     -14912
     -14733
     -14553
     -14327
     -14146
     -13965
     -13783
     -13600
     -13417
     -13233
     -13049
     -12864
     -12679
     -12447
     -12261
     -12074
     -11887
     -11699
     -11511
     -11323
     -11134
     -10945
     -10755
     -10517
     -10326
     -10135
      -9944
      -9752
      -9560
      -9368
      -9175
      -8982
      -8788
      -8594
      -8351
      -8157
      -7962
      -7767
      -7571
      -7376
      -7180
      -6983
      -6787
      -6590
      -6343
      -6146
      -5948
      -5751
      -5553
      -5354
      -5156
      -4957
      -4758
      -4559
      -4360
      -4111
      -3911
      -3712
      -3512
      -3312
      -3112
      -2912
      -2711
      -2511
      -2310
      -2060
      -1859
      -1658
      -1457
      -1256
      -1055
       -854
       -653
       -452
       -251
     -32767
     -32767
     -32766
     -32762
     -32758
     -32753
     -32746
     -32738
     -32729
     -32718
     -32706
     -32690
     -32675
     -32660
     -32643
     -32625
     -32605
     -32585
     -32563
     -32540
     -32515
     -32483
     -32456
     -32428
     -32398
     -32368
     -32336
     -32303
     -32268
     -32233
     -32196
     -32158
     -32109
     -32068
     -32026
     -31983
     -31938
     -31893
     -31846
     -31798
     -31749
     -31699
     -31634
     -31581
     -31527
     -31471
     -31415
     -31357
     -31298
     -31238
     -31177
     -31114
     -31050
     -30969
     -30903
     -30836
     -30767
     -30697
     -30626
     -30554
     -30481
     -30407
     -30331
     -30235
     -30157
     -30078
     -29997
     -29916
     -29833
     -29750
     -29665
     -29579
     -29492
     -29381
     -29292
     -29201
     -29109
     -29016
     -28922
     -28827
     -28731
     -28634
     -28536
     -28436
     -28311
     -28209
     -28106
     -28002
     -27897
     -27791
     -27684
     -27576
     -27467
     -27357
     -27218
     -27105
     -26992
     -26877
     -26762
     -26645
     -26528
     -26409
     -26290
     -26169
     -26048
     -25894
     -25771
     -25646
     -25520
     -25394
     -25266
     -25138
     -25008
     -24878
     -24746
     -24581
     -24448
     -24313
     -24178
     -24042
     -23905
     -23767
     -23628
     -23488
     -23348
     -23170
     -23028
     -22884
     -22740
     -22595
     -22449
     -22302
     -22154
     -22006
     -21856
     -21706
     -21517
     -21365
     -21212
     -21059
     -20904
     -20749
     -20593
     -20436
     -20279
     -20120
     -19921
     -19761
     -19601
     -19439
     -19277
     -19114
     -18950
     -18786
     -18621
     -18455
     -18288
     -18079
     -17911
     -17743
     -17573
     -17403
     -17233
     -17061
     -16889
     -16717
     -16543
     -16326
     -16151
     -15976
     -15800
     -15624
     -15447
     -15269
     -15091
     -14912
     -14733
     -14553
     -14327
     -14146
     -13965
     -13783
     -13600
     -13417
     -13233
     -13049
     -12864
     -12679
     -12447
     -12261
     -12074
     -11887
     -11699
     -11511
     -11323
     -11134
     -10945
     -10755
     -10517
     -10326
     -10135
      -9944
      -9752
      -9560
      -9368
      -9175
      -8982
      -8788
      -8594
      -8351
      -8157
      -7962
      -7767
      -7571
      -7376
      -7180
      -6983
      -6787
      -6590
      -6343
      -6146
      -5948
      -5751
      -5553
      -5354
      -5156
      -4957
      -4758
      -4559
      -4360
      -4111
      -3911
      -3712
      -3512
      -3312
      -3112
      -2912
      -2711
      -2511
      -2310
      -2060
      -1859
      -1658
      -1457
      -1256
      -1055
       -854
       -653
       -452
       -251
          0
        201
        402
        603
        804
       1005
       1206
       1407
       1608
       1809
       2009
       2260
       2461
       2661
       2861
       3062
       3262
       3462
       3662
       3861
       4061
       4310
       4510
       4709
       4907
       5106
       5305
       5503
       5701
       5899
       6097
       6294
       6541
       6737
       6934
       7130
       7327
       7522
       7718
       7913
       8108
       8303
       8546
       8740
       8933
       9127
       9319
       9512
       9704
       9896
      10088
      10279
      10469
      10707
      10897
      11087
      11276
      11464
      11652
      11840
      12027
      12214
      12400
      12633
      12818
      13003
      13187
      13371
      13554
      13737
      13919
      14101
      14282
      14508
      14688
      14867
      15046
      15225
      15402
      15580
      15756
      15932
      16108
      16282
      16500
      16673
      16846
      17018
      17190
      17361
      17531
      17700
      17869
      18037
      18247
      18413
      18579
      18745
      18909
      19073
      19236
      19399
      19560
      19721
      19881
      20081
      20239
      20397
      20554
      20710
      20865
      21020
      21174
      21327
      21479
      21668
      21819
      21968
      22117
      22265
      22412
      22558
      22704
      22848
      22992
      23170
      23312
      23453
      23593
      23732
      23870
      24008
      24144
      24279
      24414
      24548
      24713
      24845
      24976
      25105
      25234
      25362
      25489
      25615
      25739
      25863
      26017
      26139
      26259
      26379
      26498
      26616
      26733
      26848
      26963
      27077
      27190
      27329
      27440
      27549
      27657
      27765
      27871
      27976
      28080
      28183
      28285
      28411
      28511
      28610
      28707
      28803
      28899
      28993
      29086
      29178
      29269
      29359
      29470
      29557
      29643
      29729
      29813
      29895
      29977
      30058
      30137
      30216
      30312
      30388
      30462
      30536
      30608
      30680
      30750
      30819
      30886
      30953
      31034
      31098
      31161
      31223
      31283
      31342
      31400
      31457
      31513
      31568
      31621
      31686
      31737
      31786
      31834
      31881
      31927
      31972
      32015
      32058
      32099
      32148
      32186
      32224
      32259
      32294
      32328
      32360
      32391
      32421
      32449
      32477
      32509
      32534
      32557
      32579
      32600
      32620
      32638
      32656
      32672
      32686
      32703
      32715
      32726
      32736
      32744
      32751
      32757
      32761
      32765
      32767
          0
        201
        402
        603
        804
       1005
       1206
       1407
       1608
       1809
       2009
       2260
       2461
       2661
       2861
       3062
       3262
       3462
       3662
       3861
       4061
       4310
       4510
       4709
       4907
       5106
       5305
       5503
       5701
       5899
       6097
       6294
       6541
       6737
       6934
       7130
       7327
       7522
       7718
       7913
       8108
       8303
       8546
       8740
       8933
       9127
       9319
       9512
       9704
       9896
      10088
      10279
      10469
      10707
      10897
      11087
      11276
      11464
      11652
      11840
      12027
      12214
      12400
      12633
      12818
      13003
      13187
      13371
      13554
      13737
      13919
      14101
      14282
      14508
      14688
      14867
      15046
      15225
      15402
      15580
      15756
      15932
      16108
      16282
      16500
      16673
      16846
      17018
      17190
      17361
      17531
      17700
      17869
      18037
      18247
      18413
      18579
      18745
      18909
      19073
      19236
      19399
      19560
      19721
      19881
      20081
      20239
      20397
      20554
      20710
      20865
      21020
      21174
      21327
      21479
      21668
      21819
      21968
      22117
      22265
      22412
      22558
      22704
      22848
      22992
      23170
      23312
      23453
      23593
      23732
      23870
      24008
      24144
      24279
      24414
      24548
      24713
      24845
      24976
      25105
      25234
      25362
      25489
      25615
      25739
      25863
      26017
      26139
      26259
      26379
      26498
      26616
      26733
      26848
      26963
      27077
      27190
      27329
      27440
      27549
      27657
      27765
      27871
      27976
      28080
      28183
      28285
      28411
      28511
      28610
      28707
      28803
      28899
      28993
      29086
      29178
      29269
      29359
      29470
      29557
      29643
      29729
      29813
      29895
      29977
      30058
      30137
      30216
      30312
      30388
      30462
      30536
      30608
      30680
      30750
      30819
      30886
      30953
      31034
      31098
      31161
      31223
      31283
      31342
      31400
      31457
      31513
      31568
      31621
      31686
      31737
      31786
      31834
      31881
      31927
      31972
      32015
      32058
      32099
      32148
      32186
      32224
      32259
      32294
      32328
      32360
      32391
      32421
      32449
      32477
      32509
      32534
      32557
      32579
      32600
      32620
      32638
      32656
      32672
      32686
      32703
      32715
      32726
      32736
      32744
      32751
      32757
      32761
      32765
      32767
     -32767
     -32767
     -32766
     -32762
     -32758
     -32753
     -32746
     -32738
     -32729
     -32718
     -32706
     -32690
     -32675
     -32660
     -32643
     -32625
     -32605
     -32585
     -32563
     -32540
     -32515
     -32483
     -32456
     -32428
     -32398
     -32368
     -32336
     -32303
     -32268
     -32233
     -32196
     -32158
     -32109
     -32068
     -32026
     -31983
     -31938
     -31893
     -31846
     -31798
     -31749
     -31699
     -31634
     -31581
     -31527
     -31471
     -31415
     -31357
     -31298
     -31238
     -31177
     -31114
     -31050
     -30969
     -30903
     -30836
     -30767
     -30697
     -30626
     -30554
     -30481
     -30407
     -30331
     -30235
     -30157
     -30078
     -29997
     -29916
     -29833
     -29750
     -29665
     -29579
     -29492
     -29381
     -29292
     -29201
     -29109
     -29016
     -28922
     -28827
     -28731
     -28634
     -28536
     -28436
     -28311
     -28209
     -28106
     -28002
     -27897
     -27791
     -27684
     -27576
     -27467
     -27357
     -27218
     -27105
     -26992
     -26877
     -26762
     -26645
     -26528
     -26409
     -26290
     -26169
     -26048
     -25894
     -25771
     -25646
     -25520
     -25394
     -25266
     -25138
     -25008
     -24878
     -24746
     -24581
     -24448
     -24313
     -24178
     -24042
     -23905
     -23767
     -23628
     -23488
     -23348
     -23170
     -23028
     -22884
     -22740
     -22595
     -22449
     -22302
     -22154
     -22006
     -21856
     -21706
     -21517
     -21365
     -21212
     -21059
     -20904
     -20749
     -20593
     -20436
     -20279
     -20120
     -19921
     -19761
     -19601
     -19439
     -19277
     -19114
     -18950
     -18786
     -18621
     -18455
     -18288
     -18079
     -17911
     -17743
     -17573
     -17403
     -17233
     -17061
     -16889
     -16717
     -16543
     -16326
     -16151
     -15976
     -15800
     -15624
     -15447
     -15269
     -15091
     -14912
     -14733
     -14553
     -14327
     -14146
     -13965
     -13783
     -13600
     -13417
     -13233
     -13049
     -12864
     -12679
     -12447
     -12261
     -12074
     -11887
     -11699
     -11511
     -11323
     -11134
     -10945
     -10755
     -10517
     -10326
     -10135
      -9944
      -9752
      -9560
      -9368
      -9175
      -8982
      -8788
      -8594
      -8351
      -8157
      -7962
      -7767
      -7571
      -7376
      -7180
      -6983
      -6787
      -6590
      -6343
      -6146
      -5948
      -5751
      -5553
      -5354
      -5156
      -4957
      -4758
      -4559
      -4360
      -4111
      -3911
      -3712
      -3512
      -3312
      -3112
      -2912
      -2711
      -2511
      -2310
      -2060
      -1859
      -1658
      -1457
      -1256
      -1055
       -854
       -653
       -452
       -251
     -32767
     -32767
     -32766
     -32762
     -32758
     -32753
     -32746
     -32738
     -32729
     -32718
     -32706
     -32690
     -32675
     -32660
     -32643
     -32625
     -32605
     -32585
     -32563
     -32540
     -32515
     -32483
     -32456
     -32428
     -32398
     -32368
     -32336
     -32303
     -32268
     -32233
     -32196
     -32158
     -32109
     -32068
     -32026
     -31983
     -31938
     -31893
     -31846
     -31798
     -31749
     -31699
     -31634
     -31581
     -31527
     -31471
     -31415
     -31357
     -31298
     -31238
     -31177
     -31114
     -31050
     -30969
     -30903
     -30836
     -30767
     -30697
     -30626
     -30554
     -30481
     -30407
     -30331
     -30235
     -30157
     -30078
     -29997
     -29916
     -29833
     -29750
     -29665
     -29579
     -29492
     -29381
     -29292
     -29201
     -29109
     -29016
     -28922
     -28827
     -28731
     -28634
     -28536
     -28436
     -28311
     -28209
     -28106
     -28002
     -27897
     -27791
     -27684
     -27576
     -27467
     -27357
     -27218
     -27105
     -26992
     -26877
     -26762
     -26645
     -26528
     -26409
     -26290
     -26169
     -26048
     -25894
     -25771
     -25646
     -25520
     -25394
     -25266
     -25138
     -25008
     -24878
     -24746
     -24581
     -24448
     -24313
     -24178
     -24042
     -23905
     -23767
     -23628
     -23488
     -23348
     -23170
     -23028
     -22884
     -22740
     -22595
     -22449
     -22302
     -22154
     -22006
     -21856
     -21706
     -21517
     -21365
     -21212
     -21059
     -20904
     -20749
     -20593
     -20436
     -20279
     -20120
     -19921
     -19761
     -19601
     -19439
     -19277
     -19114
     -18950
     -18786
     -18621
     -18455
     -18288
     -18079
     -17911
     -17743
     -17573
     -17403
     -17233
     -17061
     -16889
     -16717
     -16543
     -16326
     -16151
     -15976
     -15800
     -15624
     -15447
     -15269
     -15091
     -14912
     -14733
     -14553
     -14327
     -14146
     -13965
     -13783
     -13600
     -13417
     -13233
     -13049
     -12864
     -12679
     -12447
     -12261
     -12074
     -11887
     -11699
     -11511
     -11323
     -11134
     -10945
     -10755
     -10517
     -10326
     -10135
      -9944
      -9752
      -9560
      -9368
      -9175
      -8982
      -8788
      -8594
      -8351
      -8157
      -7962
      -7767
      -7571
      -7376
      -7180
      -6983
      -6787
      -6590
      -6343
      -6146
      -5948
      -5751
      -5553
      -5354
      -5156
      -4957
      -4758
      -4559
      -4360
      -4111
      -3911
      -3712
      -3512
      -3312
      -3112
      -2912
      -2711
      -2511
      -2310
      -2060
      -1859
      -1658
      -1457
      -1256
      -1055
       -854
       -653
       -452
       -251
          0
        201
        402
        603
        804
       1005
       1206
       1407
       1608
       1809
       2009
       2260
       2461
       2661
       2861
       3062
       3262
       3462
       3662
       3861
       4061
       4310
       4510
       4709
       4907
       5106
       5305
       5503
       5701
       5899
       6097
       6294
       6541
       6737
       6934
       7130
       7327
       7522
       7718
       7913
       8108
       8303
       8546
       8740
       8933
       9127
       9319
       9512
       9704
       9896
      10088
      10279
      10469
      10707
      10897
      11087
      11276
      11464
      11652
      11840
      12027
      12214
      12400
      12633
      12818
      13003
      13187
      13371
      13554
      13737
      13919
      14101
      14282
      14508
      14688
      14867
      15046
      15225
      15402
      15580
      15756
      15932
      16108
      16282
      16500
      16673
      16846
      17018
      17190
      17361
      17531
      17700
      17869
      18037
      18247
      18413
      18579
      18745
      18909
      19073
      19236
      19399
      19560
      19721
      19881
      20081
      20239
      20397
      20554
      20710
      20865
      21020
      21174
      21327
      21479
      21668
      21819
      21968
      22117
      22265
      22412
      22558
      22704
      22848
      22992
      23170
      23312
      23453
      23593
      23732
      23870
      24008
      24144
      24279
      24414
      24548
      24713
      24845
      24976
      25105
      25234
      25362
      25489
      25615
      25739
      25863
      26017
      26139
      26259
      26379
      26498
      26616
      26733
      26848
      26963
      27077
      27190
      27329
      27440
      27549
      27657
      27765
      27871
      27976
      28080
      28183
      28285
      28411
      28511
      28610
      28707
      28803
      28899
      28993
      29086
      29178
      29269
      29359
      29470
      29557
      29643
      29729
      29813
      29895
      29977
      30058
      30137
      30216
      30312
      30388
      30462
      30536
      30608
      30680
      30750
      30819
      30886
      30953
      31034
      31098
      31161
      31223
      31283
      31342
      31400
      31457
      31513
      31568
      31621
      31686
      31737
      31786
      31834
      31881
      31927
      31972
      32015
      32058
      32099
      32148
      32186
      32224
      32259
      32294
      32328
      32360
      32391
      32421
      32449
      32477
      32509
      32534
      32557
      32579
      32600
      32620
      32638
      32656
      32672
      32686
      32703
      32715
      32726
      32736
      32744
      32751
      32757
      32761
      32765
      32767
          0
        201
        402
        603
        804
       1005
       1206
       1407
       1608
       1809
       2009
       2260
       2461
       2661
       2861
       3062
       3262
       3462
       3662
       3861
       4061
       4310
       4510
       4709
       4907
       5106
       5305
       5503
       5701
       5899
       6097
       6294
       6541
       6737
       6934
       7130
       7327
       7522
       7718
       7913
       8108
       8303
       8546
       8740
       8933
       9127
       9319
       9512
       9704
       9896
      10088
      10279
      10469
      10707
      10897
      11087
      11276
      11464
      11652
      11840
      12027
      12214
      12400
      12633
      12818
      13003
      13187
      13371
      13554
      13737
      13919
      14101
      14282
      14508
      14688
      14867
      15046
      15225
      15402
      15580
      15756
      15932
      16108
      16282
      16500
      16673
      16846
      17018
      17190
      17361
      17531
      17700
      17869
      18037
      18247
      18413
      18579
      18745
      18909
      19073
      19236
      19399
      19560
      19721
      19881
      20081
      20239
      20397
      20554
      20710
      20865
      21020
      21174
      21327
      21479
      21668
      21819
      21968
      22117
      22265
      22412
      22558
      22704
      22848
      22992
      23170
      23312
      23453
      23593
      23732
      23870
      24008
      24144
      24279
      24414
      24548
      24713
      24845
      24976
      25105
      25234
      25362
      25489
      25615
      25739
      25863
      26017
      26139
      26259
      26379
      26498
      26616
      26733
      26848
      26963
      27077
      27190
      27329
      27440
      27549
      27657
      27765
      27871
      27976
      28080
      28183
      28285
      28411
      28511
      28610
      28707
      28803
      28899
      28993
      29086
      29178
      29269
      29359
      29470
      29557
      29643
      29729
      29813
      29895
      29977
      30058
      30137
      30216
      30312
      30388
      30462
      30536
      30608
      30680
      30750
      30819
      30886
      30953
      31034
      31098
      31161
      31223
      31283
      31342
      31400
      31457
      31513
      31568
      31621
      31686
      31737
      31786
      31834
      31881
      31927
      31972
      32015
      32058
      32099
      32148
      32186
      32224
      32259
      32294
      32328
      32360
      32391
      32421
      32449
      32477
      32509
      32534
      32557
      32579
      32600
      32620
      32638
      32656
      32672
      32686
      32703
      32715
      32726
      32736
      32744
      32751
      32757
      32761
      32765
      32767
     -32767
     -32767
     -32766
     -32762
     -32758
     -32753
     -32746
     -32738
     -32729
     -32718
     -32706
     -32690
     -32675
     -32660
     -32643
     -32625
     -32605
     -32585
     -32563
     -32540
     -32515
     -32483
     -32456
     -32428
     -32398
     -32368
     -32336
     -32303
     -32268
     -32233
     -32196
     -32158
     -32109
     -32068
     -32026
     -31983
     -31938
     -31893
     -31846
     -31798
     -31749
     -31699
     -31634
     -31581
     -31527
     -31471
     -31415
     -31357
     -31298
     -31238
     -31177
     -31114
     -31050
     -30969
     -30903
     -30836
     -30767
     -30697
     -30626
     -30554
     -30481
     -30407
     -30331
     -30235
     -30157
     -30078
     -29997
     -29916
     -29833
     -29750
     -29665
     -29579
     -29492
     -29381
     -29292
     -29201
     -29109
     -29016
     -28922
     -28827
     -28731
     -28634
     -28536
     -28436
     -28311
     -28209
     -28106
     -28002
     -27897
     -27791
     -27684
     -27576
     -27467
     -27357
     -27218
     -27105
     -26992
     -26877
     -26762
     -26645
     -26528
     -26409
     -26290
     -26169
     -26048
     -25894
     -25771
     -25646
     -25520
     -25394
     -25266
     -25138
     -25008
     -24878
     -24746
     -24581
     -24448
     -24313
     -24178
     -24042
     -23905
     -23767
     -23628
     -23488
     -23348
     -23170
     -23028
     -22884
     -22740
     -22595
     -22449
     -22302
     -22154
     -22006
     -21856
     -21706
     -21517
     -21365
     -21212
     -21059
     -20904
     -20749
     -20593
     -20436
     -20279
     -20120
     -19921
     -19761
     -19601
     -19439
     -19277
     -19114
     -18950
     -18786
     -18621
     -18455
     -18288
     -18079
     -17911
     -17743
     -17573
     -17403
     -17233
     -17061
     -16889
     -16717
     -16543
     -16326
     -16151
     -15976
     -15800
     -15624
     -15447
     -15269
     -15091
     -14912
     -14733
     -14553
     -14327
     -14146
     -13965
     -13783
     -13600
     -13417
     -13233
     -13049
     -12864
     -12679
     -12447
     -12261
     -12074
     -11887
     -11699
     -11511
     -11323
     -11134
     -10945
     -10755
     -10517
     -10326
     -10135
      -9944
      -9752
      -9560
      -9368
      -9175
      -8982
      -8788
      -8594
      -8351
      -8157
      -7962
      -7767
      -7571
      -7376
      -7180
      -6983
      -6787
      -6590
      -6343
      -6146
      -5948
      -5751
      -5553
      -5354
      -5156
      -4957
      -4758
      -4559
      -4360
      -4111
      -3911
      -3712
      -3512
      -3312
      -3112
      -2912
      -2711
      -2511
      -2310
      -2060
      -1859
      -1658
      -1457
      -1256
      -1055
       -854
       -653
       -452
       -251
     -32767
     -32767
     -32766
     -32762
     -32758
     -32753
     -32746
     -32738
     -32729
     -32718
     -32706
     -32690
     -32675
     -32660
     -32643
     -32625
     -32605
     -32585
     -32563
     -32540
     -32515
     -32483
     -32456
     -32428
     -32398
     -32368
     -32336
     -32303
     -32268
     -32233
     -32196
     -32158
     -32109
     -32068
     -32026
     -31983
     -31938
     -31893
     -31846
     -31798
     -31749
     -31699
     -31634
     -31581
     -31527
     -31471
     -31415
     -31357
     -31298
     -31238
     -31177
     -31114
     -31050
     -30969
     -30903
     -30836
     -30767
     -30697
     -30626
     -30554
     -30481
     -30407
     -30331
     -30235
     -30157
     -30078
     -29997
     -29916
     -29833
     -29750
     -29665
     -29579
     -29492
     -29381
     -29292
     -29201
     -29109
     -29016
     -28922
     -28827
     -28731
     -28634
     -28536
     -28436
     -28311
     -28209
     -28106
     -28002
     -27897
     -27791
     -27684
     -27576
     -27467
     -27357
     -27218
     -27105
     -26992
     -26877
     -26762
     -26645
     -26528
     -26409
     -26290
     -26169
     -26048
     -25894
     -25771
     -25646
     -25520
     -25394
     -25266
     -25138
     -25008
     -24878
     -24746
     -24581
     -24448
     -24313
     -24178
     -24042
     -23905
     -23767
     -23628
     -23488
     -23348
     -23170
     -23028
     -22884
     -22740
     -22595
     -22449
     -22302
     -22154
     -22006
     -21856
     -21706
     -21517
     -21365
     -21212
     -21059
     -20904
     -20749
     -20593
     -20436
     -20279
     -20120
     -19921
     -19761
     -19601
     -19439
     -19277
     -19114
     -18950
     -18786
     -18621
     -18455
     -18288
     -18079
     -17911
     -17743
     -17573
     -17403
     -17233
     -17061
     -16889
     -16717
     -16543
     -16326
     -16151
     -15976
     -15800
     -15624
     -15447
     -15269
     -15091
     -14912
     -14733
     -14553
     -14327
     -14146
     -13965
     -13783
     -13600
     -13417
     -13233
     -13049
     -12864
     -12679
     -12447
     -12261
     -12074
     -11887
     -11699
     -11511
     -11323
     -11134
     -10945
     -10755
     -10517
     -10326
     -10135
      -9944
      -9752
      -9560
      -9368
      -9175
      -8982
      -8788
      -8594
      -8351
      -8157
      -7962
      -7767
      -7571
      -7376
      -7180
      -6983
      -6787
      -6590
      -6343
      -6146
      -5948
      -5751
      -5553
      -5354
      -5156
      -4957
      -4758
      -4559
      -4360
      -4111
      -3911
      -3712
      -3512
      -3312
      -3112
      -2912
      -2711
      -2511
      -2310
      -2060
      -1859
      -1658
      -1457
      -1256
      -1055
       -854
       -653
       -452
       -251
          0
        201
        402
        603
        804
       1005
       1206
       1407
       1608
       1809
       2009
       2260
       2461
       2661
       2861
       3062
       3262
       3462
       3662
       3861
       4061
       4310
       4510
       4709
       4907
       5106
       5305
       5503
       5701
       5899
       6097
       6294
       6541
       6737
       6934
       7130
       7327
       7522
       7718
       7913
       8108
       8303
       8546
       8740
       8933
       9127
       9319
       9512
       9704
       9896
      10088
      10279
      10469
      10707
      10897
      11087
      11276
      11464
      11652
      11840
      12027
      12214
      12400
      12633
      12818
      13003
      13187
      13371
      13554
      13737
      13919
      14101
      14282
      14508
      14688
      14867
      15046
      15225
      15402
      15580
      15756
      15932
      16108
      16282
      16500
      16673
      16846
      17018
      17190
      17361
      17531
      17700
      17869
      18037
      18247
      18413
      18579
      18745
      18909
      19073
      19236
      19399
      19560
      19721
      19881
      20081
      20239
      20397
      20554
      20710
      20865
      21020
      21174
      21327
      21479
      21668
      21819
      21968
      22117
      22265
      22412
      22558
      22704
      22848
      22992
      23170
      23312
      23453
      23593
      23732
      23870
      24008
      24144
      24279
      24414
      24548
      24713
      24845
      24976
      25105
      25234
      25362
      25489
      25615
      25739
      25863
      26017
      26139
      26259
      26379
      26498
      26616
      26733
      26848
      26963
      27077
      27190
      27329
      27440
      27549
      27657
      27765
      27871
      27976
      28080
      28183
      28285
      28411
      28511
      28610
      28707
      28803
      28899
      28993
      29086
      29178
      29269
      29359
      29470
      29557
      29643
      29729
      29813
      29895
      29977
      30058
      30137
      30216
      30312
      30388
      30462
      30536
      30608
      30680
      30750
      30819
      30886
      30953
      31034
      31098
      31161
      31223
      31283
      31342
      31400
      31457
      31513
      31568
      31621
      31686
      31737
      31786
      31834
      31881
      31927
      31972
      32015
      32058
      32099
      32148
      32186
      32224
      32259
      32294
      32328
      32360
      32391
      32421
      32449
      32477
      32509
      32534
      32557
      32579
      32600
      32620
      32638
      32656
      32672
      32686
      32703
      32715
      32726
      32736
      32744
      32751
      32757
      32761
      32765
      32767
          0
        201
        402
        603
        804
       1005
       1206
       1407
       1608
       1809
       2009
       2260
       2461
       2661
       2861
       3062
       3262
       3462
       3662
       3861
       4061
       4310
       4510
       4709
       4907
       5106
       5305
       5503
       5701
       5899
       6097
       6294
       6541
       6737
       6934
       7130
       7327
       7522
       7718
       7913
       8108
       8303
       8546
       8740
       8933
       9127
       9319
       9512
       9704
       9896
      10088
      10279
      10469
      10707
      10897
      11087
      11276
      11464
      11652
      11840
      12027
      12214
      12400
      12633
      12818
      13003
      13187
      13371
      13554
      13737
      13919
      14101
      14282
      14508
      14688
      14867
      15046
      15225
      15402
      15580
      15756
      15932
      16108
      16282
      16500
      16673
      16846
      17018
      17190
      17361
      17531
      17700
      17869
      18037
      18247
      18413
      18579
      18745
      18909
      19073
      19236
      19399
      19560
      19721
      19881
      20081
      20239
      20397
      20554
      20710
      20865
      21020
      21174
      21327
      21479
      21668
      21819
      21968
      22117
      22265
      22412
      22558
      22704
      22848
      22992
      23170
      23312
      23453
      23593
      23732
      23870
      24008
      24144
      24279
      24414
      24548
      24713
      24845
      24976
      25105
      25234
      25362
      25489
      25615
      25739
      25863
      26017
      26139
      26259
      26379
      26498
      26616
      26733
      26848
      26963
      27077
      27190
      27329
      27440
      27549
      27657
      27765
      27871
      27976
      28080
      28183
      28285
      28411
      28511
      28610
      28707
      28803
      28899
      28993
      29086
      29178
      29269
      29359
      29470
      29557
      29643
      29729
      29813
      29895
      29977
      30058
      30137
      30216
      30312
      30388
      30462
      30536
      30608
      30680
      30750
      30819
      30886
      30953
      31034
      31098
      31161
      31223
      31283
      31342
      31400
      31457
      31513
      31568
      31621
      31686
      31737
      31786
      31834
      31881
      31927
      31972
      32015
      32058
      32099
      32148
      32186
      32224
      32259
      32294
      32328
      32360
      32391
      32421
      32449
      32477
      32509
      32534
      32557
      32579
      32600
      32620
      32638
      32656
      32672
      32686
      32703
      32715
      32726
      32736
      32744
      32751
      32757
      32761
      32765
      32767
     -32767
     -32767
     -32766
     -32762
     -32758
     -32753
     -32746
     -32738
     -32729
     -32718
     -32706
     -32690
     -32675
     -32660
     -32643
     -32625
     -32605
     -32585
     -32563
     -32540
     -32515
     -32483
     -32456
     -32428
     -32398
     -32368
     -32336
     -32303
     -32268
     -32233
     -32196
     -32158
     -32109
     -32068
     -32026
     -31983
     -31938
     -31893
     -31846
     -31798
     -31749
     -31699
     -31634
     -31581
     -31527
     -31471
     -31415
     -31357
     -31298
     -31238
     -31177
     -31114
     -31050
     -30969
     -30903
     -30836
     -30767
     -30697
     -30626
     -30554
     -30481
     -30407
     -30331
     -30235
     -30157
     -30078
     -29997
     -29916
     -29833
     -29750
     -29665
     -29579
     -29492
     -29381
     -29292
     -29201
     -29109
     -29016
     -28922
     -28827
     -28731
     -28634
     -28536
     -28436
     -28311
     -28209
     -28106
     -28002
     -27897
     -27791
     -27684
     -27576
     -27467
     -27357
     -27218
     -27105
     -26992
     -26877
     -26762
     -26645
     -26528
     -26409
     -26290
     -26169
     -26048
     -25894
     -25771
     -25646
     -25520
     -25394
     -25266
     -25138
     -25008
     -24878
     -24746
     -24581
     -24448
     -24313
     -24178
     -24042
     -23905
     -23767
     -23628
     -23488
     -23348
     -23170
     -23028
     -22884
     -22740
     -22595
     -22449
     -22302
     -22154
     -22006
     -21856
     -21706
     -21517
     -21365
     -21212
     -21059
     -20904
     -20749
     -20593
     -20436
     -20279
     -20120
     -19921
     -19761
     -19601
     -19439
     -19277
     -19114
     -18950
     -18786
     -18621
     -18455
     -18288
     -18079
     -17911
     -17743
     -17573
     -17403
     -17233
     -17061
     -16889
     -16717
     -16543
     -16326
     -16151
     -15976
     -15800
     -15624
     -15447
     -15269
     -15091
     -14912
     -14733
     -14553
     -14327
     -14146
     -13965
     -13783
     -13600
     -13417
     -13233
     -13049
     -12864
     -12679
     -12447
     -12261
     -12074
     -11887
     -11699
     -11511
     -11323
     -11134
     -10945
     -10755
     -10517
     -10326
     -10135
      -9944
      -9752
      -9560
      -9368
      -9175
      -8982
      -8788
      -8594
      -8351
      -8157
      -7962
      -7767
      -7571
      -7376
      -7180
      -6983
      -6787
      -6590
      -6343
      -6146
      -5948
      -5751
      -5553
      -5354
      -5156
      -4957
      -4758
      -4559
      -4360
      -4111
      -3911
      -3712
      -3512
      -3312
      -3112
      -2912
      -2711
      -2511
      -2310
      -2060
      -1859
      -1658
      -1457
      -1256
      -1055
       -854
       -653
       -452
       -251
     -32767
     -32767
     -32766
     -32762
     -32758
     -32753
     -32746
     -32738
     -32729
     -32718
     -32706
     -32690
     -32675
     -32660
     -32643
     -32625
     -32605
     -32585
     -32563
     -32540
     -32515
     -32483
     -32456
     -32428
     -32398
     -32368
     -32336
     -32303
     -32268
     -32233
     -32196
     -32158
     -32109
     -32068
     -32026
     -31983
     -31938
     -31893
     -31846
     -31798
     -31749
     -31699
     -31634
     -31581
     -31527
     -31471
     -31415
     -31357
     -31298
     -31238
     -31177
     -31114
     -31050
     -30969
     -30903
     -30836
     -30767
     -30697
     -30626
     -30554
     -30481
     -30407
     -30331
     -30235
     -30157
     -30078
     -29997
     -29916
     -29833
     -29750
     -29665
     -29579
     -29492
     -29381
     -29292
     -29201
     -29109
     -29016
     -28922
     -28827
     -28731
     -28634
     -28536
     -28436
     -28311
     -28209
     -28106
     -28002
     -27897
     -27791
     -27684
     -27576
     -27467
     -27357
     -27218
     -27105
     -26992
     -26877
     -26762
     -26645
     -26528
     -26409
     -26290
     -26169
     -26048
     -25894
     -25771
     -25646
     -25520
     -25394
     -25266
     -25138
     -25008
     -24878
     -24746
     -24581
     -24448
     -24313
     -24178
     -24042
     -23905
     -23767
     -23628
     -23488
     -23348
     -23170
     -23028
     -22884
     -22740
     -22595
     -22449
     -22302
     -22154
     -22006
     -21856
     -21706
     -21517
     -21365
     -21212
     -21059
     -20904
     -20749
     -20593
     -20436
     -20279
     -20120
     -19921
     -19761
     -19601
     -19439
     -19277
     -19114
     -18950
     -18786
     -18621
     -18455
     -18288
     -18079
     -17911
     -17743
     -17573
     -17403
     -17233
     -17061
     -16889
     -16717
     -16543
     -16326
     -16151
     -15976
     -15800
     -15624
     -15447
     -15269
     -15091
     -14912
     -14733
     -14553
     -14327
     -14146
     -13965
     -13783
     -13600
     -13417
     -13233
     -13049
     -12864
     -12679
     -12447
     -12261
     -12074
     -11887
     -11699
     -11511
     -11323
     -11134
     -10945
     -10755
     -10517
     -10326
     -10135
      -9944
      -9752
      -9560
      -9368
      -9175
      -8982
      -8788
      -8594
      -8351
      -8157
      -7962
      -7767
      -7571
      -7376
      -7180
      -6983
      -6787
      -6590
      -6343
      -6146
      -5948
      -5751
      -5553
      -5354
      -5156
      -4957
      -4758
      -4559
      -4360
      -4111
      -3911
      -3712
      -3512
      -3312
      -3112
      -2912
      -2711
      -2511
      -2310
      -2060
      -1859
      -1658
      -1457
      -1256
      -1055
       -854
       -653
       -452
       -251
