        -50
        151
        352
        553
        754
       1005
       1206
       1407
       1608
       1809
       2009
       2210
       2411
       2611
       2811
       3062
       3262
       3462
       3662
       3861
       4061
       4260
       4460
       4659
       4907
       5106
       5305
       5503
       5701
       5899
       6097
       6294
       6491
       6688
       6934
       7130
       7278
       7522
       7718
       7913
       8108
       8303
       8497
       8740
       8885
       9078
       9271
       9512
       9704
       9896
      10088
      10279
      10469
      10660
      10850
      11039
      11228
      11464
      11652
      11840
      12027
      12214
      12400
      12633
      12772
      12957
      13187
      13325
      13554
      13737
      13919
      14101
      14282
      14463
      14643
      14823
      15002
      15225
      15402
      15580
      15756
      15932
      16108
      16282
      16456
      16630
      16846
      16975
      17190
      17361
      17531
      17700
      17869
      18037
      18205
      18372
      18579
      18745
      18909
      19073
      19236
      19399
      19560
      19721
      19881
      20041
      20200
      20397
      20554
      20710
      20865
      21020
      21174
      21327
      21479
      21668
      21781
      21968
      22080
      22228
      22412
      22558
      22704
      22848
      22992
      23135
      23277
      23453
      23558
      23697
      23870
      24008
      24144
      24279
      24414
      24548
      24680
      24812
      24976
      25073
      25202
      25362
      25489
      25615
      25739
      25863
      25986
      26108
      26229
      26349
      26498
      26616
      26733
      26848
      26963
      27077
      27190
      27301
      27412
      27522
      27657
      27765
      27871
      27976
      28080
      28183
      28285
      28386
      28486
      28610
      28683
      28803
      28899
      28993
      29086
      29178
      29269
      29359
      29470
      29557
      29622
      29707
      29813
      29895
      29977
      30058
      30137
      30216
      30293
      30369
      30444
      30536
      30590
      30680
      30750
      30819
      30886
      30953
      31018
      31082
      31146
      31223
      31268
      31342
      31400
      31457
      31513
      31581
      31621
      31686
      31737
      31774
      31822
      31881
      31927
      31972
      32015
      32058
      32099
      32148
      32177
      32214
      32259
      32294
      32328
      32360
      32391
      32421
      32449
      32477
      32509
      32528
      32557
      32579
      32595
      32620
      32638
      32656
      32672
      32686
      32700
      32715
      32726
      32736
      32744
      32751
      32757
      32761
      32765
      32767
      32767
      32767
      32766
      32762
      32758
      32753
      32746
      32738
      32729
      32715
      32706
      32690
      32679
      32660
      32643
      32625
      32605
      32585
      32563
      32540
      32509
      32483
      32463
      32428
      32406
      32368
      32336
      32303
      32268
      32233
      32196
      32148
      32109
      32068
      32037
      31983
      31938
      31893
      31846
      31798
      31749
      31686
      31647
      31581
      31527
      31471
      31415
      31357
      31298
      31238
      31177
      31114
      31050
      30986
      30903
      30836
      30767
      30697
      30626
      30554
      30481
      30388
      30331
      30235
      30177
      30078
      29997
      29916
      29833
      29750
      29665
      29579
      29492
      29381
      29314
      29224
      29132
      29016
      28922
      28827
      28731
      28634
      28536
      28436
      28336
      28234
      28132
      28028
      27897
      27791
      27684
      27576
      27467
      27357
      27246
      27133
      27020
      26906
      26762
      26645
      26528
      26409
      26290
      26169
      26017
      25925
      25802
      25646
      25552
      25394
      25266
      25138
      25008
      24878
      24746
      24614
      24481
      24313
      24178
      24042
      23905
      23767
      23628
      23488
      23312
      23170
      23064
      22884
      22776
      22631
      22485
      22302
      22154
      22006
      21856
      21706
      21555
      21365
      21251
      21059
      20904
      20749
      20593
      20436
      20279
      20081
      19961
      19761
      19601
      19439
      19277
      19114
      18950
      18786
      18621
      18455
      18288
      18121
      17911
      17743
      17573
      17403
      17233
      17061
      16889
      16717
      16543
      16369
      16195
      15976
      15800
      15624
      15447
      15269
      15091
      14912
      14733
      14553
      14373
      14146
      13965
      13783
      13600
      13417
      13233
      13049
      12864
      12679
      12493
      12261
      12121
      11934
      11699
      11511
      11323
      11134
      10945
      10755
      10565
      10374
      10183
       9992
       9752
       9560
       9368
       9175
       8982
       8788
       8594
       8400
       8157
       7962
       7767
       7571
       7376
       7180
       6983
       6787
       6590
       6393
       6146
       5998
       5751
       5602
       5354
       5156
       4957
       4758
       4559
       4310
       4111
       3961
       3712
       3512
       3312
       3112
       2912
       2711
       2511
       2260
       2060
       1909
       1658
       1457
       1256
       1055
        854
        603
        402
        251
          0
       -201
       -402
       -553
       -804
      -1005
      -1206
      -1407
      -1608
      -1809
      -2009
      -2260
      -2461
      -2661
      -2861
      -3062
      -3262
      -3462
      -3712
      -3861
      -4061
      -4310
      -4460
      -4709
      -4858
      -5057
      -5305
      -5503
      -5701
      -5899
      -6097
      -6343
      -6541
      -6737
      -6934
      -7130
      -7327
      -7522
      -7718
      -7913
      -8108
      -8303
      -8546
      -8691
      -8933
      -9127
      -9319
      -9512
      -9704
      -9896
     -10088
     -10326
     -10517
     -10707
     -10897
     -11087
     -11276
     -11464
     -11652
     -11840
     -12027
     -12214
     -12400
     -12586
     -12818
     -13003
     -13141
     -13371
     -13554
     -13737
     -13965
     -14146
     -14282
     -14508
     -14688
     -14867
     -15046
     -15225
     -15402
     -15580
     -15756
     -15976
     -16151
     -16326
     -16500
     -16630
     -16846
     -17018
     -17190
     -17361
     -17531
     -17743
     -17911
     -18037
     -18247
     -18413
     -18538
     -18745
     -18909
     -19073
     -19236
     -19399
     -19560
     -19721
     -19921
     -20041
     -20239
     -20357
     -20554
     -20710
     -20865
     -21020
     -21174
     -21365
     -21517
     -21668
     -21819
     -21968
     -22117
     -22265
     -22412
     -22558
     -22704
     -22848
     -22992
     -23135
     -23277
     -23418
     -23593
     -23732
     -23870
     -24008
     -24144
     -24313
     -24414
     -24548
     -24680
     -24845
     -24976
     -25105
     -25234
     -25362
     -25489
     -25615
     -25739
     -25863
     -25986
     -26108
     -26259
     -26379
     -26498
     -26616
     -26733
     -26848
     -26992
     -27105
     -27190
     -27329
     -27440
     -27549
     -27657
     -27765
     -27871
     -27976
     -28106
     -28183
     -28285
     -28386
     -28486
     -28610
     -28683
     -28803
     -28899
     -29016
     -29109
     -29178
     -29269
     -29359
     -29470
     -29557
     -29622
     -29729
     -29813
     -29895
     -29977
     -30058
     -30137
     -30216
     -30312
     -30369
     -30462
     -30536
     -30608
     -30680
     -30750
     -30819
     -30886
     -30953
     -31034
     -31082
     -31146
     -31207
     -31283
     -31342
     -31400
     -31457
     -31513
     -31581
     -31634
     -31686
     -31724
     -31774
     -31822
     -31881
     -31927
     -31972
     -32015
     -32058
     -32099
     -32138
     -32177
     -32214
     -32251
     -32294
     -32328
     -32360
     -32391
     -32421
     -32449
     -32477
     -32509
     -32534
     -32551
     -32574
     -32600
     -32620
     -32638
     -32656
     -32672
     -32686
     -32700
     -32712
     -32726
     -32736
     -32744
     -32751
     -32757
     -32761
     -32765
     -32767
     -32767
     -32767
     -32766
     -32762
     -32758
     -32753
     -32746
     -32738
     -32729
     -32718
     -32703
     -32690
     -32679
     -32660
     -32643
     -32625
     -32605
     -32585
     -32563
     -32540
     -32515
     -32483
     -32463
     -32435
     -32398
     -32368
     -32336
     -32303
     -32268
     -32233
     -32196
     -32148
     -32119
     -32068
     -32026
     -31983
     -31938
     -31893
     -31846
     -31798
     -31749
     -31699
     -31647
     -31594
     -31527
     -31471
     -31415
     -31357
     -31298
     -31238
     -31161
     -31098
     -31034
     -30969
     -30920
     -30836
     -30767
     -30697
     -30626
     -30554
     -30481
     -30407
     -30331
     -30254
     -30177
     -30078
     -30018
     -29916
     -29833
     -29750
     -29665
     -29579
     -29492
     -29381
     -29292
     -29201
     -29109
     -29016
     -28922
     -28827
     -28731
     -28634
     -28511
     -28411
     -28336
     -28234
     -28106
     -28002
     -27897
     -27791
     -27684
     -27549
     -27440
     -27329
     -27218
     -27105
     -26992
     -26877
     -26762
     -26645
     -26528
     -26409
     -26290
     -26169
     -26048
     -25925
     -25771
     -25646
     -25520
     -25394
     -25266
     -25138
     -24976
     -24878
     -24746
     -24614
     -24448
     -24313
     -24178
     -24042
     -23905
     -23767
     -23628
     -23488
     -23348
     -23206
     -23064
     -22884
     -22776
     -22595
     -22449
     -22302
     -22154
     -22006
     -21856
     -21706
     -21555
     -21403
     -21212
     -21059
     -20904
     -20749
     -20593
     -20436
     -20279
     -20120
     -19961
     -19761
     -19641
     -19439
     -19317
     -19114
     -18950
     -18786
     -18579
     -18413
     -18288
     -18079
     -17911
     -17743
     -17573
     -17403
     -17233
     -17061
     -16889
     -16717
     -16543
     -16369
     -16195
     -15976
     -15800
     -15624
     -15447
     -15269
     -15091
     -14912
     -14733
     -14553
     -14373
     -14192
     -13965
     -13783
     -13600
     -13417
     -13233
     -13049
     -12864
     -12633
     -12447
     -12307
     -12121
     -11887
     -11746
     -11511
     -11323
     -11134
     -10945
     -10755
     -10565
     -10374
     -10135
      -9944
      -9752
      -9560
      -9368
      -9175
      -8982
      -8788
      -8594
      -8351
      -8157
      -7962
      -7816
      -7620
      -7376
      -7180
      -6983
      -6787
      -6590
      -6393
      -6195
      -5948
      -5751
      -5553
      -5354
      -5156
      -4907
      -4758
      -4559
      -4310
      -4161
      -3911
      -3712
      -3512
      -3312
      -3112
      -2912
      -2711
      -2511
      -2260
      -2110
      -1859
      -1658
      -1457
      -1256
      -1055
       -854
       -653
       -452
       -201
        -50
        201
        352
        553
        804
       1005
       1206
       1407
       1608
       1859
       2060
       2210
       2461
       2661
       2861
       3062
       3262
       3462
       3662
       3861
       4061
       4260
       4510
       4709
       4858
       5106
       5305
       5503
       5701
       5948
       6146
       6343
       6541
       6688
       6885
       7081
       7327
       7522
       7718
       7913
       8108
       8303
       8497
       8691
       8885
       9127
       9319
       9512
       9704
       9896
      10088
      10279
      10517
      10707
      10897
      11087
      11276
      11464
      11652
      11840
      12027
      12214
      12400
      12633
      12818
      13003
      13187
      13371
      13554
      13737
      13919
      14101
      14282
      14508
      14688
      14867
      15046
      15225
      15402
      15580
      15756
      15932
      16151
      16326
      16456
      16673
      16803
      17018
      17190
      17361
      17573
      17700
      17869
      18079
      18247
      18413
      18579
      18745
      18909
      19073
      19236
      19399
      19560
      19761
      19881
      20081
      20200
      20397
      20554
      20710
      20865
      21020
      21174
      21327
      21517
      21668
      21781
      21968
      22117
      22265
      22412
      22558
      22740
      22884
      22992
      23170
      23312
      23453
      23593
      23732
      23870
      24008
      24144
      24279
      24414
      24548
      24713
      24845
      24943
      25105
      25234
      25362
      25489
      25615
      25739
      25863
      25986
      26108
      26259
      26379
      26498
      26616
      26733
      26877
      26992
      27105
      27218
      27329
      27440
      27549
      27657
      27765
      27871
      27976
      28080
      28183
      28285
      28386
      28511
      28585
      28707
      28803
      28899
      28993
      29086
      29178
      29269
      29359
      29470
      29557
      29643
      29729
      29813
      29895
      29977
      30058
      30137
      30216
      30293
      30388
      30462
      30536
      30608
      30680
      30750
      30819
      30886
      30953
      31034
      31098
      31161
      31223
      31283
      31342
      31400
      31471
      31527
      31581
      31634
      31686
      31737
      31774
      31834
      31881
      31938
      31983
      32026
      32068
      32109
      32148
      32186
      32224
      32251
      32294
      32328
      32360
      32398
      32428
      32449
      32483
      32509
      32534
      32551
      32579
      32600
      32620
      32638
      32656
      32672
      32686
      32703
      32715
      32726
      32736
      32744
      32751
      32757
      32762
      32765
      32767
      32767
      32767
      32766
      32763
      32759
      32753
      32746
      32738
      32729
      32718
      32703
      32690
      32679
      32660
      32643
      32629
      32605
      32585
      32563
      32540
      32509
      32483
      32463
      32428
      32398
      32368
      32336
      32303
      32259
      32224
      32186
      32158
      32109
      32068
      32026
      31983
      31938
      31893
      31846
      31798
      31749
      31686
      31647
      31594
      31527
      31485
      31415
      31357
      31298
      31238
      31177
      31114
      31050
      30969
      30920
      30853
      30784
      30697
      30626
      30536
      30462
      30407
      30331
      30254
      30157
      30078
      29997
      29916
      29833
      29750
      29643
      29579
      29492
      29381
      29314
      29201
      29109
      29016
      28922
      28827
      28731
      28634
      28536
      28436
      28311
      28209
      28106
      28002
      27897
      27791
      27684
      27576
      27467
      27329
      27246
      27105
      26992
      26877
      26762
      26645
      26528
      26409
      26290
      26139
      26017
      25894
      25802
      25646
      25520
      25394
      25266
      25138
      25008
      24878
      24746
      24581
      24448
      24313
      24178
      24042
      23905
      23767
      23628
      23488
      23312
      23206
      23028
      22920
      22740
      22595
      22449
      22302
      22154
      22006
      21856
      21706
      21555
      21365
      21251
      21059
      20904
      20749
      20593
      20436
      20279
      20120
      19961
      19761
      19601
      19439
      19277
      19114
      18950
      18786
      18621
      18455
      18288
      18121
      17911
      17743
      17573
      17403
      17233
      17061
      16889
      16717
      16543
      16326
      16151
      15976
      15800
      15624
      15447
      15269
      15091
      14912
      14733
      14553
      14327
      14146
      14010
      13783
      13600
      13417
      13233
      13049
      12864
      12679
      12447
      12307
      12121
      11934
      11699
      11511
      11323
      11134
      10945
      10707
      10517
      10374
      10183
       9992
       9752
       9560
       9368
       9175
       8982
       8740
       8546
       8400
       8206
       7962
       7767
       7571
       7376
       7180
       6983
       6787
       6541
       6393
       6146
       5998
       5800
       5553
       5354
       5156
       4957
       4758
       4559
       4310
       4111
       3961
       3712
       3512
       3362
       3112
       2912
       2711
       2511
       2260
       2110
       1859
       1708
       1507
       1307
       1055
        854
        653
        452
        251
         50
       -201
       -402
       -603
       -804
      -1005
      -1206
      -1407
      -1608
      -1809
      -2009
      -2210
      -2461
      -2661
      -2861
      -3062
      -3262
      -3462
      -3662
      -3861
      -4061
      -4310
      -4460
      -4659
      -4907
      -5106
      -5305
      -5503
      -5701
      -5899
      -6097
      -6294
      -6491
      -6737
      -6934
      -7130
      -7327
      -7522
      -7718
      -7913
      -8108
      -8303
      -8546
      -8691
      -8933
      -9127
      -9319
      -9512
      -9704
      -9944
     -10135
     -10326
     -10517
     -10707
     -10850
     -11039
     -11276
     -11464
     -11652
     -11840
     -12074
     -12261
     -12447
     -12633
     -12772
     -12957
     -13187
     -13371
     -13554
     -13737
     -13919
     -14146
     -14327
     -14508
     -14688
     -14823
     -15002
     -15225
     -15402
     -15580
     -15756
     -15932
     -16108
     -16326
     -16500
     -16673
     -16846
     -17018
     -17190
     -17361
     -17531
     -17700
     -17869
     -18037
     -18247
     -18413
     -18538
     -18703
     -18868
     -19073
     -19236
     -19399
     -19560
     -19721
     -19921
     -20081
     -20239
     -20357
     -20554
     -20710
     -20865
     -21020
     -21174
     -21365
     -21517
     -21631
     -21819
     -21968
     -22117
     -22265
     -22412
     -22558
     -22740
     -22884
     -22992
     -23135
     -23277
     -23453
     -23593
     -23732
     -23870
     -24008
     -24178
     -24279
     -24414
     -24581
     -24680
     -24845
     -24943
     -25073
     -25234
     -25362
     -25489
     -25615
     -25739
     -25863
     -26017
     -26108
     -26259
     -26379
     -26498
     -26616
     -26762
     -26877
     -26963
     -27077
     -27218
     -27301
     -27440
     -27522
     -27630
     -27765
     -27871
     -27976
     -28106
     -28183
     -28285
     -28411
     -28486
     -28610
     -28707
     -28803
     -28899
     -28993
     -29086
     -29178
     -29269
     -29381
     -29448
     -29557
     -29643
     -29729
     -29813
     -29895
     -29977
     -30058
     -30137
     -30235
     -30293
     -30388
     -30462
     -30518
     -30608
     -30680
     -30750
     -30819
     -30886
     -30969
     -31034
     -31098
     -31161
     -31223
     -31283
     -31342
     -31400
     -31457
     -31527
     -31568
     -31621
     -31673
     -31737
     -31774
     -31822
     -31881
     -31927
     -31972
     -32015
     -32058
     -32109
     -32148
     -32177
     -32214
     -32251
     -32294
     -32328
     -32360
     -32398
     -32428
     -32456
     -32483
     -32509
     -32528
     -32551
     -32579
     -32600
     -32620
     -32643
     -32660
     -32675
     -32690
     -32700
     -32715
     -32726
     -32736
     -32744
     -32753
     -32758
     -32762
     -32766
     -32767
     -32767
     -32767
     -32766
     -32762
     -32758
     -32753
     -32746
     -32738
     -32729
     -32718
     -32706
     -32690
     -32679
     -32660
     -32647
     -32625
     -32605
     -32585
     -32563
     -32540
     -32515
     -32490
     -32463
     -32435
     -32398
     -32368
     -32336
     -32303
     -32268
     -32233
     -32196
     -32158
     -32119
     -32078
     -32037
     -31983
     -31938
     -31893
     -31846
     -31798
     -31749
     -31699
     -31634
     -31581
     -31527
     -31471
     -31415
     -31357
     -31298
     -31238
     -31161
     -31114
     -31050
     -30986
     -30920
     -30836
     -30767
     -30697
     -30626
     -30554
     -30481
     -30407
     -30331
     -30235
     -30157
     -30078
     -29997
     -29916
     -29833
     -29750
     -29665
     -29579
     -29492
     -29381
     -29314
     -29201
     -29109
     -29016
     -28922
     -28827
     -28731
     -28634
     -28536
     -28436
     -28311
     -28209
     -28106
     -28002
     -27897
     -27791
     -27684
     -27576
     -27467
     -27329
     -27246
     -27105
     -26992
     -26877
     -26762
     -26645
     -26528
     -26409
     -26290
     -26169
     -26048
     -25894
     -25802
     -25677
     -25520
     -25394
     -25266
     -25138
     -25008
     -24878
     -24746
     -24581
     -24448
     -24313
     -24178
     -24042
     -23905
     -23767
     -23628
     -23488
     -23348
     -23206
     -23064
     -22920
     -22740
     -22595
     -22449
     -22302
     -22154
     -22006
     -21856
     -21706
     -21555
     -21365
     -21212
     -21059
     -20904
     -20749
     -20593
     -20436
     -20279
     -20081
     -19961
     -19761
     -19601
     -19479
     -19277
     -19114
     -18950
     -18786
     -18621
     -18413
     -18288
     -18079
     -17953
     -17785
     -17573
     -17403
     -17233
     -17061
     -16889
     -16717
     -16543
     -16369
     -16151
     -16020
     -15844
     -15624
     -15447
     -15269
     -15091
     -14912
     -14688
     -14553
     -14327
     -14146
     -13965
     -13783
     -13600
     -13417
     -13233
     -13049
     -12864
     -12679
     -12493
     -12307
     -12121
     -11934
     -11699
     -11511
     -11323
     -11134
     -10945
     -10755
     -10565
     -10374
     -10135
      -9944
      -9752
      -9560
      -9368
      -9175
      -8982
      -8740
      -8546
      -8400
      -8206
      -7962
      -7767
      -7571
      -7376
      -7180
      -6983
      -6737
      -6590
      -6343
      -6146
      -5948
      -5751
      -5553
      -5354
      -5156
      -4957
      -4758
      -4559
      -4360
      -4161
      -3911
      -3712
      -3512
      -3312
      -3112
      -2912
      -2711
      -2511
      -2310
      -2110
      -1909
      -1708
      -1457
      -1256
      -1055
       -854
       -603
       -402
       -201
          0
        201
        352
        603
        804
       1005
       1206
       1407
       1608
       1809
       2009
       2210
       2411
       2611
       2861
       3062
       3262
       3462
       3712
       3911
       4111
       4310
       4460
       4659
       4907
       5106
       5305
       5503
       5701
       5948
       6097
       6294
       6491
       6737
       6934
       7130
       7327
       7522
       7718
       7913
       8108
       8351
       8546
       8740
       8933
       9127
       9319
       9512
       9704
       9896
      10088
      10279
      10469
      10707
      10897
      11087
      11276
      11464
      11652
      11840
      12027
      12214
      12447
      12633
      12818
      12957
      13187
      13371
      13554
      13737
      13965
      14146
      14327
      14463
      14688
      14867
      15046
      15225
      15402
      15580
      15756
      15976
      16108
      16282
      16456
      16673
      16846
      17018
      17190
      17361
      17531
      17700
      17869
      18037
      18205
      18372
      18579
      18745
      18909
      19073
      19236
      19399
      19560
      19721
      19881
      20081
      20239
      20397
      20554
      20710
      20865
      21020
      21174
      21327
      21517
      21631
      21819
      21931
      22080
      22265
      22412
      22558
      22704
      22848
      22992
      23170
      23277
      23453
      23593
      23697
      23870
      24008
      24144
      24279
      24414
      24581
      24680
      24845
      24943
      25073
      25234
      25362
      25489
      25646
      25771
      25894
      26017
      26108
      26259
      26379
      26498
      26616
      26733
      26848
      26963
      27105
      27218
      27301
      27440
      27549
      27657
      27765
      27871
      27976
      28080
      28183
      28285
      28411
      28486
      28610
      28683
      28779
      28899
      28993
      29086
      29178
      29269
      29359
      29448
      29557
      29643
      29729
      29813
      29895
      29977
      30058
      30137
      30216
      30293
      30369
      30462
      30518
      30590
      30680
      30750
      30819
      30886
      30969
      31034
      31098
      31161
      31223
      31283
      31342
      31415
      31471
      31527
      31581
      31634
      31686
      31724
      31774
      31834
      31881
      31927
      31972
      32015
      32058
      32109
      32148
      32177
      32214
      32259
      32286
      32328
      32360
      32391
      32421
      32456
      32483
      32509
      32534
      32557
      32579
      32600
      32620
      32638
      32660
      32675
      32690
      32703
      32715
      32726
      32736
      32744
      32751
      32758
      32762
      32765
      32767
      32767
      32767
      32766
      32762
      32759
      32753
      32746
      32738
      32726
      32715
      32706
      32690
      32675
      32664
      32647
      32625
      32605
      32585
      32563
      32534
      32515
      32490
      32463
      32428
      32406
      32368
      32336
      32303
      32268
      32224
      32186
      32148
      32109
      32078
      32026
      31983
      31938
      31893
      31834
      31798
      31749
      31686
      31634
      31581
      31527
      31471
      31415
      31357
      31298
      31238
      31177
      31114
      31034
      30986
      30903
      30836
      30767
      30697
      30626
      30554
      30481
      30407
      30312
      30235
      30177
      30098
      29997
      29916
      29833
      29750
      29665
      29579
      29492
      29404
      29292
      29224
      29109
      29016
      28922
      28827
      28731
      28634
      28536
      28436
      28336
      28234
      28106
      28002
      27897
      27791
      27684
      27576
      27467
      27357
      27246
      27133
      27020
      26877
      26762
      26645
      26528
      26409
      26290
      26169
      26048
      25925
      25771
      25646
      25520
      25394
      25266
      25138
      24976
      24845
      24713
      24614
      24448
      24313
      24178
      24042
      23905
      23767
      23593
      23488
      23348
      23206
      23028
      22884
      22740
      22631
      22449
      22302
      22154
      22006
      21856
      21706
      21555
      21365
      21212
      21097
      20904
      20749
      20593
      20436
      20279
      20120
      19961
      19801
      19601
      19439
      19277
      19114
      18950
      18786
      18621
      18455
      18288
      18121
      17953
      17743
      17573
      17403
      17233
      17061
      16889
      16717
      16500
      16369
      16151
      16020
      15844
      15624
      15447
      15269
      15091
      14912
      14733
      14553
      14373
      14192
      13965
      13783
      13600
      13371
      13187
      13003
      12864
      12679
      12493
      12261
      12074
      11887
      11699
      11511
      11323
      11134
      10945
      10755
      10517
      10374
      10135
       9944
       9752
       9560
       9368
       9175
       8982
       8788
       8594
       8400
       8206
       7962
       7767
       7571
       7376
       7180
       6983
       6787
       6541
       6343
       6146
       5948
       5751
       5553
       5354
       5156
       4957
       4758
       4559
       4310
       4111
       3911
       3712
       3512
       3312
       3112
       2912
       2711
       2461
       2310
       2060
       1859
       1658
       1457
       1256
       1055
        854
        653
        452
        251
         50
       -151
       -352
       -603
       -804
      -1005
      -1206
      -1407
      -1608
      -1809
      -2060
      -2260
      -2461
      -2661
      -2861
      -3062
      -3262
      -3462
      -3662
      -3861
      -4111
      -4260
      -4510
      -4709
      -4907
      -5106
      -5305
      -5503
      -5701
      -5899
      -6097
      -6343
      -6541
      -6737
      -6934
      -7130
      -7327
      -7522
      -7718
      -7913
      -8108
      -8351
      -8546
      -8691
      -8885
      -9127
      -9319
      -9512
      -9704
      -9896
     -10088
     -10326
     -10517
     -10660
     -10850
     -11039
     -11276
     -11464
     -11652
     -11840
     -12027
     -12214
     -12400
     -12586
     -12772
     -13003
     -13187
     -13371
     -13554
     -13737
     -13919
     -14146
     -14327
     -14463
     -14688
     -14823
     -15002
     -15225
     -15402
     -15580
     -15756
     -15932
     -16108
     -16282
     -16456
     -16673
     -16803
     -16975
     -17147
     -17361
     -17531
     -17700
     -17911
     -18037
     -18247
     -18413
     -18538
     -18745
     -18909
     -19073
     -19236
     -19399
     -19560
     -19721
     -19881
     -20041
     -20200
     -20397
     -20554
     -20710
     -20865
     -21020
     -21212
     -21365
     -21479
     -21668
     -21819
     -21968
     -22117
     -22265
     -22412
     -22558
     -22704
     -22848
     -22992
     -23170
     -23312
     -23453
     -23593
     -23732
     -23870
     -24008
     -24144
     -24279
     -24414
     -24548
     -24680
     -24812
     -24943
     -25105
     -25234
     -25362
     -25489
     -25615
     -25739
     -25863
     -26017
     -26108
     -26259
     -26379
     -26498
     -26616
     -26733
     -26848
     -26963
     -27077
     -27190
     -27329
     -27440
     -27549
     -27630
     -27765
     -27871
     -27976
     -28080
     -28183
     -28285
     -28411
     -28486
     -28610
     -28707
     -28803
     -28899
     -28993
     -29086
     -29178
     -29269
     -29381
     -29448
     -29557
     -29643
     -29729
     -29813
     -29895
     -29977
     -30078
     -30157
     -30216
     -30312
     -30388
     -30444
     -30536
     -30608
     -30680
     -30750
     -30819
     -30886
     -30969
     -31034
     -31082
     -31146
     -31207
     -31283
     -31342
     -31415
     -31471
     -31527
     -31581
     -31634
     -31686
     -31737
     -31774
     -31822
     -31870
     -31927
     -31972
     -32015
     -32058
     -32099
     -32148
     -32186
     -32224
     -32259
     -32294
     -32328
     -32360
     -32391
     -32421
     -32449
     -32483
     -32509
     -32534
     -32557
     -32579
     -32600
     -32620
     -32638
     -32656
     -32675
     -32690
     -32700
     -32715
     -32726
     -32736
     -32744
     -32751
     -32757
     -32761
     -32765
     -32767
     -32767
     -32767
     -32766
     -32762
     -32758
     -32753
     -32746
     -32736
     -32726
     -32715
     -32703
     -32690
     -32675
     -32660
     -32643
     -32625
     -32605
     -32585
     -32563
     -32540
     -32509
     -32490
     -32456
     -32428
     -32398
     -32368
     -32336
     -32303
     -32268
     -32233
     -32196
     -32158
     -32109
     -32068
     -32026
     -31983
     -31938
     -31893
     -31846
     -31798
     -31737
     -31699
     -31634
     -31581
     -31527
     -31471
     -31415
     -31357
     -31298
     -31223
     -31177
     -31114
     -31050
     -30969
     -30903
     -30836
     -30767
     -30697
     -30626
     -30536
     -30462
     -30388
     -30312
     -30254
     -30157
     -30078
     -29997
     -29936
     -29833
     -29750
     -29665
     -29579
     -29492
     -29404
     -29314
     -29201
     -29109
     -29016
     -28922
     -28827
     -28731
     -28634
     -28536
     -28436
     -28336
     -28209
     -28132
     -28002
     -27897
     -27791
     -27684
     -27576
     -27467
     -27357
     -27246
     -27133
     -26992
     -26877
     -26762
     -26645
     -26528
     -26409
     -26259
     -26139
     -26048
     -25894
     -25771
     -25646
     -25520
     -25425
     -25266
     -25138
     -25008
     -24878
     -24746
     -24581
     -24448
     -24313
     -24178
     -24042
     -23905
     -23767
     -23628
     -23488
     -23312
     -23170
     -23064
     -22884
     -22740
     -22595
     -22449
     -22302
     -22154
     -22006
     -21856
     -21668
     -21517
     -21403
     -21212
     -21059
     -20904
     -20749
     -20593
     -20436
     -20279
     -20081
     -19921
     -19761
     -19601
     -19439
     -19277
     -19114
     -18950
     -18786
     -18621
     -18455
     -18288
     -18121
     -17911
     -17743
     -17573
     -17403
     -17233
     -17061
     -16889
     -16673
     -16543
     -16326
     -16151
     -15976
     -15800
     -15624
     -15447
     -15269
     -15091
     -14912
     -14733
     -14553
     -14327
     -14192
     -14010
     -13828
     -13600
     -13417
     -13233
     -13049
     -12864
     -12679
     -12493
     -12307
     -12074
     -11887
     -11699
     -11511
     -11323
     -11087
     -10945
     -10755
     -10517
     -10374
     -10135
      -9944
      -9752
      -9560
      -9368
      -9175
      -8982
      -8788
      -8546
      -8351
      -8206
      -8011
      -7767
      -7571
      -7376
      -7180
      -6983
      -6787
      -6590
      -6393
      -6195
      -5998
      -5751
      -5553
      -5354
      -5156
      -4957
      -4709
      -4559
      -4360
      -4161
      -3911
      -3712
      -3512
      -3312
      -3112
      -2912
      -2711
      -2461
      -2260
      -2110
      -1909
      -1658
      -1507
      -1256
      -1055
       -854
       -653
       -452
       -251
        -50
        151
        402
        553
        804
       1005
       1206
       1407
       1608
       1809
       2060
       2260
       2461
       2661
       2811
       3062
       3262
       3462
       3662
       3861
       4061
       4260
       4460
       4709
       4907
       5106
       5305
       5503
       5701
       5948
       6146
       6343
       6541
       6737
       6934
       7130
       7278
       7522
       7718
       7913
       8108
       8303
       8497
       8740
       8885
       9127
       9319
       9512
       9704
       9896
      10088
      10279
      10469
      10660
      10897
      11087
      11276
      11464
      11652
      11840
      12027
      12214
      12400
      12633
      12818
      13003
      13187
      13371
      13554
      13737
      13919
      14101
      14282
      14463
      14688
      14867
      15046
      15225
      15402
      15580
      15800
      15976
      16151
      16326
      16456
      16673
      16846
      17018
      17190
      17361
      17531
      17700
      17869
      18037
      18247
      18413
      18538
      18703
      18868
      19073
      19236
      19399
      19560
      19721
      19921
      20041
      20239
      20397
      20515
      20710
      20865
      21020
      21174
      21327
      21479
      21631
      21819
      21968
      22117
      22265
      22412
      22558
      22704
      22848
      22992
      23170
      23312
      23453
      23593
      23732
      23870
      24008
      24144
      24279
      24414
      24581
      24713
      24845
      24943
      25105
      25234
      25362
      25489
      25615
      25739
      25863
      26017
      26139
      26229
      26379
      26498
      26616
      26733
      26848
      26992
      27105
      27218
      27301
      27440
      27522
      27657
      27765
      27871
      27976
      28080
      28183
      28311
      28386
      28511
      28610
      28707
      28803
      28899
      28993
      29109
      29201
      29292
      29381
      29470
      29535
      29643
      29729
      29813
      29895
      29977
      30058
      30157
      30235
      30312
      30388
      30462
      30536
      30608
      30680
      30750
      30819
      30903
      30969
      31034
      31082
      31161
      31223
      31268
      31342
      31400
      31457
      31513
      31581
      31634
      31673
      31737
      31786
      31834
      31881
      31927
      31972
      32015
      32068
      32109
      32138
      32186
      32224
      32259
      32294
      32328
      32360
      32391
      32421
      32449
      32483
      32509
      32528
      32551
      32579
      32600
      32620
      32638
      32656
      32672
      32690
      32703
      32715
      32726
      32733
      32742
      32751
      32757
      32761
      32765
      32767
      32767
      32767
      32766
      32763
      32759
      32753
      32746
      32738
      32729
      32715
      32703
      32690
      32675
      32660
      32643
      32625
      32605
      32585
      32563
      32540
      32515
      32490
      32456
      32435
      32406
      32368
      32336
      32303
      32268
      32233
      32186
      32148
      32119
      32078
      32037
      31983
      31938
      31893
      31846
      31798
      31749
      31699
      31647
      31594
      31540
      31471
      31415
      31357
      31283
      31223
      31161
      31098
      31050
      30969
      30903
      30836
      30767
      30697
      30626
      30536
      30462
      30407
      30331
      30254
      30157
      30078
      29997
      29916
      29833
      29750
      29665
      29579
      29492
      29404
      29314
      29201
      29109
      29016
      28922
      28827
      28731
      28634
      28536
      28411
      28311
      28209
      28106
      28002
      27897
      27791
      27684
      27576
      27467
      27357
      27218
      27133
      27020
      26877
      26762
      26645
      26528
      26409
      26290
      26139
      26017
      25894
      25771
      25646
      25520
      25394
      25266
      25138
      25008
      24878
      24746
      24614
      24481
      24313
      24178
      24042
      23905
      23767
      23628
      23488
      23348
      23170
      23064
      22884
      22740
      22595
      22449
      22302
      22154
      22006
      21856
      21706
      21517
      21403
      21212
      21059
      20904
      20710
      20554
      20397
      20239
      20081
      19961
      19761
      19601
      19439
      19277
      19114
      18950
      18786
      18621
      18413
      18247
      18079
      17953
      17743
      17573
      17403
      17233
      17061
      16889
      16717
      16500
      16369
      16151
      15976
      15800
      15624
      15447
      15269
      15091
      14912
      14733
      14553
      14373
      14146
      13965
      13783
      13600
      13417
      13233
      13049
      12864
      12679
      12493
      12307
      12074
      11887
      11699
      11511
      11323
      11087
      10945
      10755
      10517
      10326
      10135
       9944
       9752
       9560
       9368
       9127
       8982
       8788
       8546
       8400
       8157
       8011
       7767
       7571
       7376
       7180
       6983
       6787
       6590
       6393
       6195
       5998
       5751
       5602
       5354
       5156
       4957
       4758
       4559
       4310
       4161
       3911
       3712
       3512
       3312
       3112
       2912
       2661
       2461
       2260
       2060
       1909
       1708
       1507
       1256
       1055
        854
        653
        452
        251
         50
       -151
       -352
       -603
       -804
      -1005
      -1206
      -1407
      -1658
      -1809
      -2060
      -2260
      -2461
      -2661
      -2861
      -3062
      -3262
      -3462
      -3662
      -3861
      -4061
      -4260
      -4460
      -4709
      -4907
      -5106
      -5305
      -5503
      -5701
      -5899
      -6097
      -6294
      -6491
      -6688
      -6934
      -7130
      -7327
      -7522
      -7718
      -7913
      -8157
      -8303
      -8546
      -8740
      -8933
      -9127
      -9319
      -9560
      -9752
      -9944
     -10135
     -10326
     -10517
     -10707
     -10897
     -11087
     -11276
     -11464
     -11699
     -11887
     -12074
     -12261
     -12447
     -12586
     -12818
     -12957
     -13141
     -13325
     -13554
     -13737
     -13919
     -14101
     -14282
     -14508
     -14688
     -14823
     -15046
     -15225
     -15402
     -15580
     -15756
     -15976
     -16108
     -16326
     -16500
     -16673
     -16846
     -17018
     -17190
     -17361
     -17531
     -17700
     -17869
     -18037
     -18205
     -18372
     -18538
     -18703
     -18909
     -19073
     -19236
     -19399
     -19560
     -19761
     -19921
     -20081
     -20239
     -20397
     -20554
     -20710
     -20865
     -21020
     -21174
     -21327
     -21517
     -21668
     -21781
     -21968
     -22080
     -22265
     -22412
     -22558
     -22704
     -22884
     -23028
     -23170
     -23277
     -23453
     -23593
     -23732
     -23870
     -24008
     -24144
     -24279
     -24414
     -24581
     -24713
     -24845
     -24976
     -25105
     -25234
     -25362
     -25520
     -25615
     -25739
     -25863
     -25986
     -26108
     -26259
     -26379
     -26498
     -26616
     -26733
     -26848
     -26992
     -27105
     -27190
     -27329
     -27412
     -27549
     -27630
     -27765
     -27871
     -28002
     -28106
     -28209
     -28285
     -28386
     -28486
     -28610
     -28707
     -28803
     -28899
     -28993
     -29086
     -29178
     -29269
     -29359
     -29470
     -29557
     -29643
     -29729
     -29813
     -29895
     -29977
     -30058
     -30157
     -30235
     -30293
     -30388
     -30462
     -30536
     -30608
     -30680
     -30750
     -30819
     -30886
     -30953
     -31034
     -31098
     -31146
     -31223
     -31283
     -31342
     -31400
     -31457
     -31513
     -31568
     -31621
     -31686
     -31737
     -31786
     -31834
     -31881
     -31927
     -31972
     -32015
     -32058
     -32099
     -32138
     -32186
     -32224
     -32259
     -32294
     -32328
     -32360
     -32391
     -32421
     -32449
     -32477
     -32509
     -32534
     -32557
     -32579
     -32600
     -32620
     -32638
     -32660
     -32672
     -32686
     -32700
     -32715
     -32726
     -32736
     -32744
     -32751
     -32757
     -32761
     -32765
     -32767
     -32767
     -32767
     -32766
     -32762
     -32759
     -32753
     -32746
     -32738
     -32729
     -32715
     -32706
     -32690
     -32675
     -32660
     -32647
     -32629
     -32605
     -32585
     -32563
     -32540
     -32515
     -32483
     -32456
     -32428
     -32398
     -32368
     -32336
     -32303
     -32268
     -32233
     -32196
     -32148
     -32109
     -32068
     -32026
     -31983
     -31938
     -31893
     -31846
     -31786
     -31737
     -31686
     -31634
     -31594
     -31540
     -31471
     -31415
     -31357
     -31298
     -31238
     -31177
     -31114
     -31050
     -30969
     -30920
     -30836
     -30784
     -30697
     -30626
     -30554
     -30481
     -30407
     -30312
     -30235
     -30177
     -30078
     -30018
     -29916
     -29833
     -29750
     -29665
     -29579
     -29492
     -29381
     -29314
     -29224
     -29109
     -29040
     -28922
     -28827
     -28731
     -28634
     -28536
     -28436
     -28311
     -28209
     -28106
     -28002
     -27897
     -27791
     -27684
     -27549
     -27467
     -27357
     -27246
     -27133
     -26992
     -26877
     -26762
     -26645
     -26528
     -26409
     -26290
     -26169
     -26048
     -25894
     -25771
     -25646
     -25520
     -25394
     -25266
     -25138
     -25008
     -24878
     -24746
     -24581
     -24448
     -24347
     -24178
     -24042
     -23905
     -23767
     -23628
     -23453
     -23312
     -23170
     -23028
     -22920
     -22740
     -22595
     -22449
     -22302
     -22154
     -22006
     -21856
     -21668
     -21555
     -21365
     -21212
     -21059
     -20904
     -20749
     -20593
     -20436
     -20279
     -20120
     -19961
     -19761
     -19601
     -19479
     -19277
     -19114
     -18950
     -18745
     -18579
     -18455
     -18288
     -18079
     -17911
     -17743
     -17573
     -17403
     -17233
     -17061
     -16846
     -16717
     -16543
     -16369
     -16195
     -15976
     -15800
     -15624
     -15447
     -15269
     -15091
     -14912
     -14733
     -14553
     -14373
     -14192
     -13965
     -13783
     -13646
     -13417
     -13233
     -13049
     -12864
     -12633
     -12493
     -12261
     -12074
     -11887
     -11699
     -11511
     -11323
     -11087
     -10945
     -10755
     -10565
     -10326
     -10183
      -9992
      -9752
      -9560
      -9368
      -9175
      -8982
      -8788
      -8546
      -8351
      -8157
      -7962
      -7816
      -7571
      -7376
      -7180
      -6934
      -6737
      -6541
      -6343
      -6195
      -5998
      -5751
      -5553
      -5354
      -5156
      -4957
      -4758
      -4559
      -4310
      -4111
      -3911
      -3712
      -3512
      -3312
      -3112
      -2861
      -2711
      -2511
      -2260
      -2060
      -1909
      -1658
      -1457
      -1256
      -1055
       -854
       -653
       -452
       -251
          0
        201
        402
        603
        804
       1005
       1206
       1407
       1608
       1809
       2009
       2210
       2461
       2661
       2861
       3062
       3262
       3462
       3662
       3861
       4061
       4310
       4460
       4709
       4907
       5106
       5305
       5503
       5701
       5948
       6146
       6343
       6491
       6688
       6934
       7130
       7327
       7522
       7718
       7962
       8108
       8303
       8497
       8691
       8933
       9127
       9319
       9512
       9704
       9896
      10088
      10279
      10517
      10660
      10897
      11087
      11276
      11464
      11652
      11840
      12027
      12214
      12447
      12586
      12818
      13003
      13187
      13371
      13554
      13737
      13919
      14146
      14282
      14463
      14643
      14823
      15046
      15225
      15402
      15580
      15756
      15932
      16151
      16282
      16500
      16673
      16803
      17018
      17190
      17361
      17531
      17700
      17869
      18037
      18247
      18372
      18538
      18703
      18868
      19073
      19236
      19399
      19601
      19761
      19881
      20081
      20239
      20397
      20554
      20710
      20904
      21059
      21212
      21365
      21479
      21668
      21781
      21968
      22117
      22265
      22412
      22558
      22704
      22884
      23028
      23135
      23312
      23418
      23558
      23732
      23870
      24008
      24144
      24279
      24448
      24548
      24713
      24812
      24976
      25105
      25234
      25362
      25489
      25615
      25739
      25863
      26017
      26139
      26229
      26349
      26498
      26616
      26733
      26848
      26963
      27077
      27190
      27301
      27440
      27549
      27657
      27765
      27871
      27976
      28080
      28183
      28285
      28386
      28486
      28610
      28683
      28779
      28899
      28993
      29086
      29201
      29292
      29359
      29470
      29557
      29643
      29729
      29813
      29895
      29977
      30078
      30157
      30235
      30293
      30388
      30444
      30536
      30608
      30680
      30750
      30819
      30903
      30969
      31018
      31098
      31146
      31223
      31283
      31342
      31415
      31471
      31527
      31581
      31634
      31686
      31724
      31786
      31834
      31881
      31927
      31972
      32015
      32058
      32099
      32148
      32177
      32214
      32259
      32294
      32328
      32360
      32391
      32421
      32456
      32477
      32509
      32534
      32551
      32574
      32595
      32620
      32638
      32656
      32672
      32690
      32700
      32715
      32723
      32736
      32744
      32751
      32757
      32762
      32765
      32767
      32767
      32767
      32766
      32762
      32758
      32753
      32746
      32738
      32729
      32718
      32706
      32693
      32679
      32660
      32643
      32625
      32605
      32585
      32563
      32534
      32509
      32490
      32456
      32428
      32398
      32368
      32336
      32303
      32268
      32233
      32196
      32158
      32109
      32068
      32026
      31983
      31938
      31893
      31846
      31798
      31749
      31699
      31647
      31581
      31527
      31471
      31415
      31357
      31298
      31238
      31177
      31098
      31034
      30986
      30920
      30836
      30767
      30697
      30626
      30554
      30481
      30407
      30331
      30235
      30177
      30078
      29997
      29916
      29833
      29750
      29665
      29579
      29470
      29404
      29314
      29201
      29109
      29016
      28922
      28827
      28731
      28634
      28536
      28411
      28336
      28234
      28106
      28002
      27897
      27791
      27657
      27549
      27440
      27329
      27218
      27105
      26992
      26877
      26762
      26645
      26528
      26409
      26290
      26169
      26048
      25894
      25802
      25646
      25520
      25394
      25266
      25138
      25008
      24878
      24746
      24614
      24481
      24313
      24178
      24042
      23905
      23732
      23593
      23453
      23312
      23170
      23028
      22884
      22740
      22595
      22449
      22302
      22154
      22006
      21856
      21668
      21517
      21403
      21212
      21059
      20904
      20749
      20593
      20436
      20279
      20120
      19961
      19761
      19641
      19439
      19277
      19114
      18950
      18786
      18621
      18455
      18288
      18079
      17911
      17743
      17573
      17403
      17233
      17061
      16889
      16673
      16500
      16369
      16151
      15976
      15800
      15624
      15447
      15225
      15046
      14912
      14733
      14508
      14373
      14146
      13965
      13783
      13600
      13417
      13233
      13049
      12864
      12633
      12493
      12261
      12121
      11934
      11699
      11511
      11323
      11087
      10897
      10755
      10517
      10326
      10135
       9944
       9752
       9560
       9368
       9175
       8933
       8740
       8546
       8400
       8157
       7962
       7767
       7571
       7376
       7180
       6934
       6737
       6541
       6393
       6146
       5998
       5800
       5602
       5354
       5156
       4957
       4709
       4510
       4310
       4161
       3911
       3712
       3512
       3312
       3112
       2912
       2661
       2461
       2260
       2060
       1859
       1658
       1457
       1256
       1055
        854
        653
        452
        251
         50
       -151
       -352
       -553
       -754
      -1005
      -1206
      -1407
      -1658
      -1859
      -2060
      -2210
      -2461
      -2611
      -2861
      -3062
      -3262
      -3462
      -3712
      -3911
      -4061
      -4260
      -4460
      -4659
      -4907
      -5106
      -5305
      -5503
      -5701
      -5899
      -6146
      -6343
      -6541
      -6737
      -6934
      -7130
      -7327
      -7522
      -7718
      -7913
      -8108
      -8351
      -8546
      -8740
      -8933
      -9127
      -9319
      -9512
      -9704
      -9896
     -10088
     -10326
     -10469
     -10660
     -10850
     -11039
     -11276
     -11464
     -11652
     -11840
     -12027
     -12261
     -12400
     -12633
     -12772
     -13003
     -13187
     -13371
     -13554
     -13737
     -13965
     -14101
     -14282
     -14463
     -14688
     -14867
     -15046
     -15225
     -15402
     -15580
     -15756
     -15932
     -16108
     -16326
     -16500
     -16673
     -16803
     -17018
     -17190
     -17361
     -17573
     -17700
     -17869
     -18037
     -18205
     -18372
     -18538
     -18745
     -18909
     -19073
     -19236
     -19399
     -19560
     -19721
     -19881
     -20041
     -20239
     -20357
     -20554
     -20710
     -20865
     -21020
     -21212
     -21365
     -21517
     -21668
     -21819
     -21968
     -22117
     -22265
     -22412
     -22558
     -22704
     -22848
     -22992
     -23135
     -23312
     -23453
     -23593
     -23732
     -23870
     -24008
     -24144
     -24279
     -24448
     -24548
     -24713
     -24845
     -24976
     -25105
     -25234
     -25362
     -25489
     -25615
     -25771
     -25863
     -26017
     -26139
     -26259
     -26379
     -26498
     -26616
     -26733
     -26848
     -26963
     -27077
     -27218
     -27301
     -27440
     -27549
     -27657
     -27765
     -27871
     -27976
     -28080
     -28183
     -28311
     -28411
     -28511
     -28610
     -28707
     -28803
     -28899
     -28993
     -29086
     -29178
     -29292
     -29381
     -29470
     -29535
     -29622
     -29729
     -29813
     -29895
     -29977
     -30078
     -30157
     -30235
     -30312
     -30388
     -30462
     -30536
     -30608
     -30680
     -30750
     -30819
     -30886
     -30953
     -31018
     -31098
     -31161
     -31223
     -31283
     -31342
     -31400
     -31457
     -31513
     -31581
     -31621
     -31686
     -31737
     -31774
     -31822
     -31881
     -31927
     -31972
     -32015
     -32058
     -32099
     -32138
     -32177
     -32224
     -32251
     -32294
     -32328
     -32360
     -32391
     -32421
     -32449
     -32477
     -32509
     -32534
     -32557
     -32579
     -32600
     -32620
     -32638
     -32656
     -32672
     -32686
     -32700
     -32712
     -32723
     -32736
     -32742
     -32751
     -32757
     -32761
     -32765
     -32767
     -32767
     -32767
     -32766
     -32762
     -32758
     -32753
     -32746
     -32738
     -32729
     -32718
     -32706
     -32690
     -32679
     -32664
     -32643
     -32625
     -32600
     -32579
     -32557
     -32534
     -32509
     -32483
     -32456
     -32435
     -32406
     -32368
     -32336
     -32303
     -32268
     -32233
     -32196
     -32158
     -32119
     -32078
     -32026
     -31983
     -31938
     -31893
     -31846
     -31798
     -31749
     -31686
     -31634
     -31581
     -31527
     -31471
     -31415
     -31357
     -31298
     -31238
     -31177
     -31098
     -31050
     -30969
     -30903
     -30836
     -30767
     -30697
     -30626
     -30554
     -30481
     -30407
     -30331
     -30235
     -30177
     -30078
     -29997
     -29916
     -29833
     -29750
     -29665
     -29579
     -29492
     -29381
     -29314
     -29201
     -29109
     -29016
     -28922
     -28827
     -28731
     -28634
     -28536
     -28411
     -28336
     -28209
     -28132
     -28002
     -27897
     -27791
     -27684
     -27576
     -27467
     -27357
     -27246
     -27105
     -26992
     -26877
     -26762
     -26645
     -26528
     -26409
     -26259
     -26169
     -26048
     -25925
     -25802
     -25646
     -25552
     -25394
     -25266
     -25138
     -25008
     -24878
     -24746
     -24581
     -24481
     -24313
     -24212
     -24042
     -23905
     -23732
     -23628
     -23488
     -23348
     -23206
     -23028
     -22920
     -22740
     -22595
     -22449
     -22302
     -22154
     -21968
     -21856
     -21706
     -21555
     -21365
     -21212
     -21059
     -20904
     -20749
     -20593
     -20436
     -20279
     -20081
     -19921
     -19761
     -19601
     -19439
     -19277
     -19114
     -18950
     -18786
     -18621
     -18455
     -18288
     -18121
     -17911
     -17743
     -17573
     -17403
     -17233
     -17061
     -16889
     -16673
     -16543
     -16326
     -16151
     -15976
     -15800
     -15624
     -15447
     -15269
     -15091
     -14912
     -14733
     -14508
     -14327
     -14146
     -13965
     -13783
     -13600
     -13417
     -13233
     -13049
     -12864
     -12679
     -12493
     -12307
     -12074
     -11887
     -11699
     -11511
     -11323
     -11134
     -10945
     -10755
     -10517
     -10326
     -10135
      -9944
      -9752
      -9560
      -9319
      -9127
      -8933
      -8740
      -8594
      -8351
      -8157
      -7962
      -7767
      -7571
      -7376
      -7180
      -6983
      -6787
      -6590
      -6343
      -6195
      -5998
      -5751
      -5553
      -5354
      -5156
      -4957
      -4758
      -4559
      -4360
      -4111
      -3961
      -3762
      -3512
      -3312
      -3112
      -2912
      -2711
      -2461
      -2310
      -2060
      -1859
      -1658
      -1457
      -1256
      -1055
       -854
       -653
       -452
       -251
        -50
        151
        402
        553
        804
       1005
       1206
       1407
       1608
       1859
       2060
       2210
       2461
       2661
       2861
       3062
       3262
       3462
       3662
       3911
       4111
       4260
       4510
       4709
       4907
       5106
       5305
       5553
       5751
       5899
       6097
       6343
       6541
       6737
       6934
       7130
       7327
       7522
       7718
       7962
       8108
       8303
       8497
       8740
       8885
       9127
       9319
       9512
       9704
       9896
      10088
      10326
      10469
      10707
      10850
      11039
      11228
      11464
      11652
      11887
      12074
      12261
      12447
      12633
      12818
      13003
      13187
      13371
      13554
      13737
      13919
      14146
      14327
      14463
      14688
      14867
      15046
      15225
      15402
      15580
      15800
      15932
      16108
      16326
      16456
      16673
      16846
      17018
      17147
      17361
      17531
      17700
      17869
      18037
      18205
      18372
      18579
      18745
      18909
      19073
      19236
      19399
      19601
      19761
      19881
      20081
      20239
      20357
      20554
      20710
      20865
      21020
      21174
      21327
      21517
      21668
      21819
      21968
      22117
      22265
      22412
      22558
      22704
      22848
      23028
      23170
      23312
      23453
      23593
      23732
      23870
      24008
      24144
      24313
      24448
      24548
      24713
      24812
      24976
      25105
      25234
      25362
      25489
      25615
      25771
      25894
      26017
      26139
      26259
      26379
      26498
      26616
      26733
      26848
      26963
      27077
      27190
      27301
      27412
      27522
      27630
      27765
      27871
      27976
      28080
      28183
      28311
      28386
      28486
      28610
      28707
      28803
      28899
      28993
      29086
      29178
      29269
      29381
      29448
      29557
      29643
      29729
      29813
      29895
      29977
      30058
      30157
      30216
      30293
      30369
      30462
      30536
      30608
      30680
      30767
      30836
      30886
      30953
      31018
      31098
      31161
      31207
      31268
      31342
      31400
      31457
      31513
      31568
      31621
      31673
      31737
      31786
      31834
      31881
      31927
      31972
      32015
      32058
      32099
      32148
      32177
      32214
      32259
      32294
      32328
      32360
      32391
      32421
      32449
      32477
      32503
      32534
      32557
      32579
      32600
      32620
      32638
      32656
      32672
      32686
      32703
      32715
      32726
      32736
      32744
      32751
      32757
      32761
      32766
      32767
      32767
      32767
      32766
      32762
      32758
      32753
      32746
      32738
      32729
      32718
      32706
      32690
      32679
      32664
      32643
      32625
      32605
      32579
      32557
      32540
      32515
      32490
      32456
      32428
      32398
      32368
      32336
      32303
      32268
      32233
      32196
      32158
      32109
      32068
      32026
      31983
      31938
      31893
      31846
      31798
      31749
      31699
      31634
      31594
      31527
      31485
      31429
      31357
      31298
      31238
      31177
      31114
      31034
      30969
      30903
      30836
      30767
      30697
      30626
      30554
      30481
      30388
      30312
      30254
      30177
      30078
      30018
      29916
      29833
      29750
      29665
      29579
      29492
      29404
      29314
      29224
      29132
      29016
      28922
      28827
      28731
      28610
      28511
      28411
      28311
      28209
      28132
      28028
      27897
      27791
      27684
      27576
      27467
      27329
      27218
      27133
      26992
      26877
      26762
      26645
      26528
      26409
      26290
      26139
      26017
      25894
      25771
      25646
      25520
      25394
      25266
      25138
      25008
      24878
      24746
      24581
      24448
      24313
      24178
      24042
      23905
      23767
      23628
      23488
      23348
      23206
      23064
      22884
      22740
      22595
      22449
      22302
      22154
      22006
      21856
      21706
      21517
      21365
      21251
      21059
      20904
      20710
      20554
      20397
      20239
      20081
      19921
      19801
      19601
      19439
      19277
      19114
      18950
      18786
      18621
      18413
      18247
      18121
      17953
      17785
      17573
      17403
      17233
      17061
      16889
      16673
      16500
      16369
      16195
      15976
      15844
      15624
      15447
      15269
      15091
      14912
      14733
      14553
      14327
      14146
      13965
      13783
      13600
      13417
      13233
      13003
      12818
      12633
      12447
      12261
      12074
      11934
      11699
      11511
      11323
      11087
      10897
      10707
      10517
      10326
      10183
       9992
       9800
       9560
       9368
       9175
       8982
       8740
       8594
       8351
       8157
       7962
       7767
       7571
       7327
       7130
       6934
       6737
       6541
       6343
       6146
       5948
       5751
       5553
       5354
       5156
       4957
       4758
       4559
       4360
       4161
       3961
       3762
       3562
       3312
       3112
       2912
       2711
       2511
       2310
       2110
       1909
       1658
       1457
       1256
       1055
        804
        603
        452
        251
          0
       -151
       -402
       -603
       -804
      -1005
      -1206
      -1407
      -1608
      -1859
      -2060
      -2210
      -2461
      -2661
      -2861
      -3062
      -3312
      -3512
      -3712
      -3911
      -4061
      -4310
      -4510
      -4709
      -4907
      -5106
      -5305
      -5503
      -5701
      -5899
      -6097
      -6294
      -6491
      -6737
      -6934
      -7130
      -7327
      -7522
      -7718
      -7913
      -8108
      -8303
      -8546
      -8740
      -8933
      -9127
      -9271
      -9512
      -9704
      -9896
     -10088
     -10279
     -10517
     -10707
     -10897
     -11087
     -11276
     -11464
     -11652
     -11887
     -12074
     -12261
     -12447
     -12633
     -12818
     -13003
     -13187
     -13371
     -13554
     -13737
     -13965
     -14146
     -14327
     -14463
     -14688
     -14867
     -15046
     -15225
     -15402
     -15580
     -15756
     -15976
     -16108
     -16282
     -16456
     -16630
     -16803
     -16975
     -17190
     -17361
     -17531
     -17743
     -17911
     -18079
     -18205
     -18413
     -18579
     -18745
     -18909
     -19073
     -19236
     -19399
     -19560
     -19721
     -19921
     -20081
     -20200
     -20357
     -20554
     -20710
     -20865
     -21020
     -21174
     -21327
     -21479
     -21631
     -21819
     -21931
     -22080
     -22265
     -22412
     -22558
     -22704
     -22848
     -22992
     -23135
     -23277
     -23418
     -23593
     -23732
     -23870
     -24008
     -24144
     -24279
     -24414
     -24548
     -24713
     -24845
     -24976
     -25105
     -25234
     -25362
     -25489
     -25615
     -25739
     -25863
     -25986
     -26108
     -26259
     -26379
     -26498
     -26616
     -26733
     -26848
     -26963
     -27105
     -27190
     -27329
     -27440
     -27549
     -27657
     -27765
     -27871
     -27976
     -28080
     -28209
     -28311
     -28411
     -28511
     -28610
     -28707
     -28803
     -28899
     -28993
     -29086
     -29178
     -29292
     -29381
     -29448
     -29535
     -29643
     -29729
     -29813
     -29895
     -29977
     -30058
     -30137
     -30235
     -30293
     -30388
     -30444
     -30536
     -30608
     -30680
     -30750
     -30819
     -30886
     -30953
     -31018
     -31082
     -31146
     -31223
     -31283
     -31342
     -31400
     -31457
     -31513
     -31568
     -31621
     -31673
     -31737
     -31786
     -31822
     -31881
     -31927
     -31983
     -32015
     -32058
     -32099
     -32138
     -32177
     -32224
     -32259
     -32294
     -32328
     -32360
     -32391
     -32428
     -32456
     -32477
     -32503
     -32528
     -32551
     -32579
     -32600
     -32620
     -32638
     -32656
     -32675
     -32686
     -32700
     -32712
     -32726
     -32736
     -32744
     -32751
     -32758
     -32762
     -32766
     -32767
     -32767
     -32767
     -32766
     -32762
     -32758
     -32753
     -32746
     -32738
     -32729
     -32718
     -32706
     -32693
     -32675
     -32660
     -32643
     -32625
     -32605
     -32585
     -32563
     -32540
     -32515
     -32490
     -32463
     -32428
     -32406
     -32376
     -32336
     -32303
     -32268
     -32224
     -32196
     -32148
     -32109
     -32068
     -32026
     -31983
     -31938
     -31893
     -31846
     -31798
     -31749
     -31699
     -31647
     -31594
     -31540
     -31471
     -31415
     -31357
     -31298
     -31223
     -31161
     -31098
     -31034
     -30969
     -30920
     -30853
     -30767
     -30697
     -30608
     -30536
     -30462
     -30407
     -30331
     -30254
     -30157
     -30078
     -29997
     -29916
     -29833
     -29750
     -29665
     -29557
     -29470
     -29381
     -29292
     -29201
     -29109
     -29016
     -28922
     -28827
     -28731
     -28634
     -28536
     -28436
     -28311
     -28209
     -28106
     -28002
     -27897
     -27791
     -27684
     -27576
     -27440
     -27329
     -27218
     -27133
     -27020
     -26877
     -26762
     -26645
     -26528
     -26409
     -26290
     -26139
     -26048
     -25894
     -25771
     -25646
     -25520
     -25394
     -25266
     -25138
     -25008
     -24878
     -24746
     -24581
     -24481
     -24313
     -24178
     -24042
     -23905
     -23767
     -23628
     -23488
     -23348
     -23206
     -23028
     -22884
     -22740
     -22595
     -22449
     -22302
     -22154
     -22006
     -21856
     -21706
     -21517
     -21365
     -21212
     -21059
     -20904
     -20749
     -20593
     -20436
     -20279
     -20120
     -19921
     -19761
     -19641
     -19439
     -19277
     -19114
     -18950
     -18786
     -18621
     -18455
     -18288
     -18121
     -17911
     -17785
     -17573
     -17403
     -17233
     -17061
     -16889
     -16717
     -16543
     -16326
     -16195
     -15976
     -15844
     -15624
     -15447
     -15269
     -15091
     -14867
     -14733
     -14553
     -14373
     -14146
     -14010
     -13828
     -13600
     -13417
     -13187
     -13003
     -12818
     -12679
     -12493
     -12307
     -12121
     -11887
     -11699
     -11511
     -11323
     -11134
     -10945
     -10707
     -10517
     -10326
     -10183
      -9944
      -9752
      -9560
      -9368
      -9175
      -8982
      -8740
      -8546
      -8351
      -8157
      -7962
      -7767
      -7571
      -7376
      -7180
      -6983
      -6787
      -6541
      -6393
      -6146
      -5998
      -5751
      -5553
      -5354
      -5156
      -4957
      -4758
      -4510
      -4310
      -4161
      -3911
      -3712
      -3512
      -3312
      -3112
      -2912
      -2711
      -2511
      -2310
      -2110
      -1909
      -1708
      -1507
      -1256
      -1055
       -854
       -603
       -402
       -251
          0
        201
        402
        603
        804
       1005
       1206
       1407
       1608
       1809
       2009
       2260
       2411
       2611
       2861
       3062
       3262
       3462
       3712
       3911
       4061
       4260
       4460
       4659
       4907
       5106
       5305
       5503
       5701
       5899
       6146
       6343
       6491
       6737
       6885
       7130
       7327
       7522
       7718
       7913
       8108
       8351
       8546
       8691
       8885
       9127
       9319
       9512
       9704
       9896
      10088
      10279
      10469
      10707
      10897
      11087
      11276
      11464
      11652
      11840
      12027
      12214
      12447
      12586
      12772
      13003
      13187
      13371
      13554
      13737
      13919
      14146
      14327
      14508
      14688
      14867
      15046
      15225
      15402
      15580
      15756
      15932
      16108
      16326
      16456
      16630
      16846
      17018
      17190
      17361
      17531
      17700
      17869
      18079
      18205
      18413
      18538
      18745
      18909
      19073
      19236
      19399
      19560
      19721
      19881
      20081
      20239
      20397
      20554
      20710
      20865
      21020
      21212
      21365
      21517
      21631
      21819
      21968
      22117
      22265
      22412
      22558
      22704
      22848
      22992
      23135
      23277
      23453
      23558
      23732
      23870
      24008
      24144
      24279
      24414
      24548
      24680
      24845
      24976
      25105
      25234
      25362
      25489
      25646
      25739
      25863
      26017
      26108
      26259
      26379
      26498
      26616
      26733
      26848
      26992
      27105
      27190
      27329
      27412
      27549
      27657
      27765
      27871
      27976
      28080
      28183
      28311
      28386
      28511
      28585
      28683
      28803
      28899
      28993
      29109
      29178
      29269
      29381
      29448
      29557
      29643
      29729
      29813
      29895
      29977
      30058
      30157
      30235
      30293
      30388
      30462
      30536
      30608
      30680
      30750
      30819
      30886
      30953
      31018
      31082
      31161
      31223
      31283
      31342
      31400
      31457
      31513
      31568
      31621
      31673
      31737
      31786
      31834
      31881
      31927
      31972
      32015
      32058
      32109
      32148
      32186
      32224
      32259
      32294
      32328
      32368
      32398
      32421
      32449
      32477
      32509
      32534
      32557
      32574
      32600
      32620
      32638
      32656
      32672
      32686
      32703
      32715
      32726
      32736
      32742
      32751
      32757
      32761
      32765
      32767
      32767
      32767
      32766
      32762
      32758
      32753
      32746
      32738
      32729
      32715
      32703
      32690
      32675
      32660
      32643
      32625
      32605
      32585
      32563
      32540
      32515
      32490
      32456
      32428
      32406
      32376
      32336
      32303
      32268
      32233
      32196
      32148
      32119
      32078
      32026
      31983
      31938
      31881
      31834
      31786
      31737
      31699
      31647
      31594
      31527
      31471
      31415
      31357
      31298
      31238
      31177
      31114
      31034
      30986
      30903
      30836
      30767
      30697
      30626
      30554
      30462
      30388
      30312
      30254
      30157
      30078
      29997
      29916
      29833
      29750
      29665
      29579
      29470
      29381
      29292
      29224
      29109
      29040
      28922
      28827
      28731
      28634
      28536
      28436
      28311
      28209
      28106
      28002
      27897
      27791
      27684
      27576
      27467
      27357
      27218
      27105
      26992
      26877
      26791
      26645
      26528
      26409
      26290
      26169
      26048
      25894
      25771
      25646
      25520
      25394
      25234
      25105
      24976
      24845
      24713
      24581
      24448
      24313
      24178
      24042
      23905
      23767
      23628
      23453
      23348
      23206
      23064
      22884
      22776
      22595
      22449
      22302
      22154
      22006
      21856
      21706
      21555
      21403
      21212
      21059
      20904
      20749
      20593
      20436
      20279
      20081
      19921
      19761
      19601
      19439
      19277
      19114
      18950
      18786
      18579
      18455
      18247
      18079
      17911
      17785
      17573
      17403
      17233
      17061
      16846
      16717
      16543
      16326
      16195
      15976
      15844
      15624
      15447
      15269
      15091
      14912
      14688
      14508
      14373
      14146
      13965
      13783
      13600
      13417
      13233
      13049
      12864
      12679
      12447
      12261
      12074
      11887
      11699
      11511
      11276
      11087
      10897
      10707
      10517
      10374
      10135
       9944
       9752
       9560
       9368
       9175
       8982
       8740
       8594
       8351
       8157
       7962
       7767
       7571
       7376
       7130
       6934
       6737
       6541
       6393
       6146
       5948
       5751
       5553
       5354
       5156
       4957
       4758
       4510
       4310
       4161
       3911
       3712
       3512
       3312
       3112
       2912
       2711
       2511
       2310
       2110
       1909
       1658
       1457
       1256
       1055
        854
        653
        452
        251
          0
       -151
       -402
       -603
       -804
      -1005
      -1206
      -1407
      -1608
      -1859
      -2060
      -2260
      -2461
      -2661
      -2861
      -3062
      -3262
      -3462
      -3662
      -3861
      -4111
      -4260
      -4510
      -4659
      -4907
      -5106
      -5305
      -5503
      -5701
      -5948
      -6146
      -6343
      -6541
      -6688
      -6934
      -7130
      -7327
      -7522
      -7718
      -7913
      -8108
      -8303
      -8497
      -8691
      -8933
      -9127
      -9319
      -9512
      -9704
      -9896
     -10088
     -10279
     -10469
     -10707
     -10897
     -11087
     -11276
     -11464
     -11652
     -11840
     -12027
     -12214
     -12400
     -12633
     -12772
     -13003
     -13187
     -13371
     -13554
     -13737
     -13965
     -14146
     -14327
     -14463
     -14688
     -14867
     -15046
     -15225
     -15402
     -15580
     -15800
     -15976
     -16151
     -16326
     -16456
     -16673
     -16846
     -16975
     -17190
     -17361
     -17531
     -17700
     -17869
     -18037
     -18205
     -18372
     -18579
     -18703
     -18868
     -19073
     -19236
     -19399
     -19560
     -19721
     -19881
     -20081
     -20239
     -20397
     -20554
     -20710
     -20865
     -21020
     -21174
     -21327
     -21479
     -21631
     -21781
     -21931
     -22117
     -22265
     -22412
     -22558
     -22704
     -22884
     -23028
     -23170
     -23312
     -23453
     -23593
     -23732
     -23870
     -24008
     -24144
     -24279
     -24414
     -24548
     -24680
     -24812
     -24943
     -25105
     -25234
     -25362
     -25489
     -25646
     -25771
     -25894
     -25986
     -26108
     -26259
     -26379
     -26498
     -26616
     -26733
     -26848
     -26963
     -27077
     -27190
     -27329
     -27440
     -27549
     -27657
     -27765
     -27871
     -27976
     -28080
     -28183
     -28285
     -28411
     -28511
     -28610
     -28707
     -28803
     -28899
     -28993
     -29086
     -29178
     -29269
     -29359
     -29448
     -29557
     -29643
     -29707
     -29813
     -29895
     -29977
     -30058
     -30137
     -30216
     -30312
     -30369
     -30462
     -30536
     -30608
     -30680
     -30750
     -30819
     -30886
     -30953
     -31018
     -31082
     -31146
     -31223
     -31283
     -31342
     -31400
     -31457
     -31527
     -31568
     -31621
     -31673
     -31724
     -31786
     -31834
     -31881
     -31927
     -31972
     -32015
     -32058
     -32109
     -32148
     -32186
     -32224
     -32259
     -32294
     -32328
     -32360
     -32391
     -32421
     -32449
     -32477
     -32509
     -32534
     -32551
     -32579
     -32600
     -32620
     -32638
     -32656
     -32672
     -32690
     -32703
     -32715
     -32723
     -32736
     -32742
     -32751
     -32757
     -32761
     -32765
     -32767
     -32767
     -32767
     -32766
     -32762
     -32758
     -32753
     -32746
     -32738
     -32726
     -32715
     -32703
     -32690
     -32675
     -32660
     -32643
     -32625
     -32605
     -32585
     -32563
     -32540
     -32515
     -32483
     -32456
     -32435
     -32398
     -32368
     -32336
     -32303
     -32268
     -32224
     -32196
     -32158
     -32119
     -32078
     -32026
     -31983
     -31938
     -31893
     -31846
     -31798
     -31737
     -31686
     -31647
     -31581
     -31527
     -31471
     -31415
     -31357
     -31298
     -31238
     -31177
     -31114
     -31034
     -30986
     -30903
     -30836
     -30767
     -30697
     -30626
     -30536
     -30481
     -30407
     -30312
     -30235
     -30157
     -30078
     -29997
     -29916
     -29833
     -29750
     -29665
     -29579
     -29492
     -29381
     -29292
     -29201
     -29109
     -29016
     -28922
     -28827
     -28731
     -28634
     -28536
     -28436
     -28311
     -28209
     -28106
     -28002
     -27897
     -27791
     -27684
     -27576
     -27440
     -27329
     -27246
     -27105
     -26992
     -26906
     -26762
     -26645
     -26528
     -26409
     -26290
     -26139
     -26017
     -25894
     -25771
     -25646
     -25520
     -25394
     -25266
     -25138
     -25008
     -24878
     -24713
     -24581
     -24448
     -24347
     -24178
     -24042
     -23905
     -23767
     -23628
     -23488
     -23348
     -23206
     -23064
     -22884
     -22740
     -22595
     -22449
     -22302
     -22154
     -21968
     -21819
     -21668
     -21555
     -21403
     -21212
     -21059
     -20904
     -20749
     -20593
     -20436
     -20239
     -20081
     -19921
     -19801
     -19601
     -19439
     -19317
     -19114
     -18950
     -18786
     -18621
     -18455
     -18288
     -18079
     -17953
     -17785
     -17573
     -17403
     -17233
     -17061
     -16889
     -16717
     -16500
     -16369
     -16151
     -15976
     -15800
     -15624
     -15447
     -15269
     -15091
     -14912
     -14733
     -14508
     -14373
     -14146
     -14010
     -13783
     -13600
     -13417
     -13233
     -13003
     -12864
     -12679
     -12493
     -12307
     -12074
     -11887
     -11699
     -11511
     -11323
     -11134
     -10945
     -10707
     -10517
     -10374
     -10183
      -9944
      -9752
      -9560
      -9368
      -9175
      -8982
      -8788
      -8546
      -8351
      -8157
      -7962
      -7767
      -7571
      -7376
      -7180
      -6983
      -6737
      -6590
      -6393
      -6195
      -5948
      -5751
      -5553
      -5354
      -5156
      -4957
      -4709
      -4559
      -4310
      -4111
      -3911
      -3712
      -3512
      -3312
      -3112
      -2912
      -2711
      -2511
      -2310
      -2110
      -1909
      -1658
      -1457
      -1256
      -1055
       -854
       -653
       -452
       -251
        -50
        201
        352
        603
        804
       1005
       1206
       1407
       1608
       1809
       2060
       2260
       2411
       2661
       2861
       3062
       3262
       3462
       3662
       3861
       4111
       4310
       4460
       4659
       4907
       5106
       5305
       5503
       5701
       5899
       6146
       6294
       6541
       6688
       6885
       7081
       7327
       7522
       7718
       7913
       8108
       8303
       8497
       8691
       8885
       9127
       9319
       9512
       9704
       9944
      10135
      10326
      10469
      10707
      10850
      11039
      11228
      11464
      11652
      11840
      12027
      12214
      12400
      12586
      12818
      12957
      13187
      13371
      13554
      13737
      13919
      14146
      14327
      14508
      14688
      14867
      15046
      15225
      15402
      15580
      15756
      15932
      16151
      16326
      16500
      16673
      16846
      17018
      17190
      17361
      17531
      17700
      17869
      18037
      18205
      18413
      18579
      18745
      18909
      19073
      19236
      19399
      19560
      19761
      19921
      20081
      20239
      20397
      20554
      20710
      20865
      21020
      21212
      21327
      21479
      21631
      21781
      21968
      22117
      22265
      22412
      22558
      22704
      22884
      23028
      23170
      23277
      23418
      23593
      23732
      23870
      24008
      24144
      24279
      24414
      24548
      24713
      24845
      24976
      25105
      25234
      25362
      25489
      25615
      25739
      25863
      26017
      26108
      26259
      26379
      26498
      26616
      26733
      26848
      26992
      27105
      27218
      27329
      27440
      27549
      27657
      27765
      27871
      27976
      28080
      28209
      28311
      28411
      28511
      28610
      28707
      28803
      28899
      28993
      29086
      29178
      29292
      29381
      29448
      29535
      29643
      29707
      29813
      29895
      29977
      30058
      30137
      30216
      30293
      30369
      30462
      30536
      30608
      30680
      30750
      30819
      30886
      30969
      31034
      31098
      31161
      31207
      31268
      31342
      31400
      31457
      31513
      31568
      31634
      31686
      31737
      31786
      31834
      31881
      31927
      31972
      32015
      32068
      32109
      32138
      32186
      32224
      32259
      32294
      32328
      32360
      32398
      32421
      32449
      32483
      32503
      32534
      32557
      32579
      32600
      32620
      32638
      32656
      32672
      32690
      32700
      32715
      32723
      32736
      32742
      32751
      32757
      32761
      32765
      32767
      32767
      32767
      32766
      32762
      32758
      32753
      32746
      32738
      32729
      32718
      32703
      32690
      32675
      32660
      32643
      32625
      32605
      32585
      32563
      32540
      32509
      32483
      32463
      32435
      32406
      32376
      32336
      32303
      32268
      32224
      32186
      32148
      32109
      32078
      32026
      31983
      31938
      31893
      31846
      31798
      31749
      31686
      31647
      31581
      31527
      31471
      31415
      31357
      31283
      31223
      31177
      31114
      31050
      30986
      30920
      30853
      30767
      30697
      30626
      30554
      30462
      30388
      30312
      30254
      30157
      30078
      30018
      29916
      29833
      29750
      29665
      29557
      29470
      29381
      29292
      29201
      29109
      29016
      28922
      28803
      28707
      28610
      28511
      28436
      28311
      28209
      28106
      28002
      27897
      27791
      27684
      27576
      27467
      27329
      27246
      27105
      26992
      26877
      26762
      26645
      26528
      26409
      26290
      26169
      26048
      25925
      25771
      25677
      25520
      25394
      25266
      25138
      25008
      24878
      24746
      24581
      24448
      24347
      24178
      24042
      23905
      23767
      23628
      23488
      23348
      23206
      23028
      22884
      22740
      22595
      22449
      22302
      22154
      22006
      21819
      21668
      21555
      21365
      21212
      21059
      20904
      20749
      20593
      20436
      20279
      20081
      19961
      19761
      19601
      19479
      19277
      19114
      18950
      18786
      18621
      18455
      18288
      18079
      17911
      17743
      17573
      17403
      17233
      17061
      16889
      16717
      16543
      16326
      16151
      15976
      15800
      15624
      15447
      15269
      15091
      14912
      14688
      14508
      14373
      14146
      13965
      13828
      13600
      13417
      13233
      13049
      12864
      12679
      12447
      12261
      12074
      11887
      11699
      11511
      11323
      11134
      10945
      10755
      10517
      10326
      10135
       9992
       9800
       9560
       9368
       9175
       8982
       8788
       8546
       8351
       8206
       7962
       7767
       7571
       7376
       7180
       6983
       6787
       6590
       6393
       6146
       5948
       5751
       5553
       5354
       5156
       4907
       4758
       4559
       4310
       4111
       3961
       3762
       3562
       3312
       3112
       2912
       2711
       2511
       2260
       2110
       1859
       1658
       1507
       1256
       1055
        854
        653
        402
        201
          0
       -201
       -402
       -603
       -804
      -1005
      -1206
      -1407
      -1608
      -1809
      -2009
      -2210
      -2461
      -2611
      -2861
      -3062
      -3312
      -3512
      -3712
      -3911
      -4061
      -4260
      -4460
      -4659
      -4907
      -5106
      -5305
      -5503
      -5701
      -5899
      -6097
      -6294
      -6491
      -6737
      -6934
      -7130
      -7327
      -7522
      -7718
      -7962
      -8157
      -8351
      -8546
      -8740
      -8933
      -9127
      -9319
      -9512
      -9704
      -9944
     -10088
     -10279
     -10517
     -10707
     -10897
     -11087
     -11276
     -11464
     -11652
     -11840
     -12027
     -12214
     -12400
     -12586
     -12818
     -13003
     -13187
     -13371
     -13554
     -13737
     -13919
     -14101
     -14282
     -14463
     -14688
     -14867
     -15046
     -15225
     -15402
     -15580
     -15756
     -15932
     -16108
     -16326
     -16456
     -16630
     -16846
     -17018
     -17190
     -17361
     -17531
     -17700
     -17869
     -18037
     -18247
     -18413
     -18579
     -18745
     -18909
     -19073
     -19236
     -19399
     -19560
     -19721
     -19921
     -20081
     -20239
     -20397
     -20554
     -20710
     -20865
     -21020
     -21174
     -21365
     -21517
     -21668
     -21819
     -21968
     -22117
     -22265
     -22412
     -22558
     -22704
     -22848
     -23028
     -23170
     -23277
     -23453
     -23593
     -23732
     -23870
     -24008
     -24144
     -24279
     -24448
     -24581
     -24713
     -24812
     -24943
     -25073
     -25202
     -25362
     -25489
     -25615
     -25739
     -25863
     -25986
     -26108
     -26229
     -26379
     -26468
     -26616
     -26733
     -26848
     -26963
     -27105
     -27190
     -27329
     -27440
     -27549
     -27630
     -27765
     -27871
     -27976
     -28080
     -28183
     -28285
     -28386
     -28486
     -28585
     -28707
     -28803
     -28899
     -28993
     -29086
     -29201
     -29292
     -29381
     -29470
     -29535
     -29643
     -29729
     -29813
     -29895
     -29977
     -30058
     -30137
     -30216
     -30293
     -30388
     -30462
     -30536
     -30608
     -30680
     -30750
     -30819
     -30886
     -30953
     -31034
     -31082
     -31161
     -31223
     -31283
     -31342
     -31400
     -31457
     -31513
     -31568
     -31621
     -31686
     -31737
     -31786
     -31834
     -31881
     -31927
     -31972
     -32015
     -32058
     -32099
     -32148
     -32177
     -32224
     -32259
     -32294
     -32328
     -32360
     -32391
     -32421
     -32456
     -32483
     -32509
     -32534
     -32551
     -32579
     -32600
     -32620
     -32638
     -32656
     -32672
     -32686
     -32700
     -32715
     -32723
     -32736
     -32744
     -32751
     -32757
     -32761
     -32765
     -32767
     -32767
     -32767
     -32766
     -32762
     -32759
     -32753
     -32746
     -32738
     -32729
     -32718
     -32706
     -32690
     -32675
     -32660
     -32643
     -32625
     -32605
     -32579
     -32563
     -32540
     -32515
     -32490
     -32463
     -32428
     -32398
     -32368
     -32336
     -32303
     -32268
     -32233
     -32196
     -32148
     -32109
     -32078
     -32026
     -31994
     -31938
     -31893
     -31846
     -31786
     -31737
     -31686
     -31647
     -31581
     -31527
     -31471
     -31415
     -31357
     -31298
     -31238
     -31177
     -31114
     -31034
     -30986
     -30903
     -30836
     -30767
     -30697
     -30626
     -30554
     -30481
     -30388
     -30331
     -30235
     -30157
     -30078
     -29997
     -29916
     -29833
     -29750
     -29665
     -29557
     -29470
     -29404
     -29292
     -29201
     -29109
     -29016
     -28922
     -28827
     -28731
     -28634
     -28536
     -28411
     -28311
     -28209
     -28106
     -28002
     -27897
     -27791
     -27684
     -27576
     -27467
     -27329
     -27218
     -27105
     -26992
     -26877
     -26762
     -26645
     -26528
     -26409
     -26290
     -26139
     -26048
     -25894
     -25802
     -25646
     -25520
     -25394
     -25266
     -25138
     -24976
     -24845
     -24746
     -24581
     -24448
     -24313
     -24178
     -24042
     -23905
     -23767
     -23628
     -23488
     -23348
     -23206
     -23064
     -22884
     -22776
     -22595
     -22449
     -22302
     -22154
     -22006
     -21856
     -21706
     -21555
     -21365
     -21251
     -21097
     -20904
     -20749
     -20593
     -20436
     -20279
     -20120
     -19921
     -19801
     -19601
     -19479
     -19317
     -19114
     -18950
     -18786
     -18621
     -18455
     -18288
     -18121
     -17953
     -17785
     -17573
     -17403
     -17233
     -17061
     -16846
     -16717
     -16543
     -16369
     -16195
     -15976
     -15844
     -15668
     -15447
     -15269
     -15091
     -14912
     -14733
     -14553
     -14373
     -14146
     -14010
     -13783
     -13600
     -13417
     -13233
     -13049
     -12864
     -12679
     -12447
     -12307
     -12121
     -11887
     -11699
     -11511
     -11323
     -11134
     -10945
     -10707
     -10565
     -10326
     -10135
      -9944
      -9800
      -9560
      -9368
      -9175
      -8982
      -8788
      -8594
      -8351
      -8157
      -7962
      -7767
      -7620
      -7376
      -7180
      -6983
      -6787
      -6541
      -6343
      -6146
      -5948
      -5751
      -5553
      -5354
      -5156
      -4957
      -4758
      -4559
      -4310
      -4161
      -3961
      -3712
      -3512
      -3312
      -3062
      -2861
      -2661
      -2461
      -2310
      -2060
      -1859
      -1708
      -1507
      -1256
      -1055
       -854
       -653
       -452
       -251
        -50
        201
        402
        603
        804
       1005
       1206
       1407
       1608
       1809
       2060
       2260
       2411
       2661
       2861
       3062
       3262
       3462
       3712
       3861
       4061
       4310
       4510
       4709
       4907
       5106
       5305
       5503
       5701
       5948
       6146
       6294
       6541
       6737
       6885
       7130
       7327
       7522
       7718
       7962
       8108
       8303
       8497
       8740
       8933
       9127
       9319
       9512
       9704
       9896
      10088
      10326
      10517
      10707
      10897
      11087
      11276
      11464
      11652
      11840
      12027
      12261
      12400
      12633
      12818
      13003
      13187
      13371
      13554
      13737
      13965
      14101
      14282
      14508
      14643
      14823
      15002
      15225
      15402
      15580
      15756
      15932
      16108
      16282
      16456
      16673
      16846
      17018
      17190
      17361
      17531
      17700
      17869
      18079
      18247
      18372
      18538
      18745
      18909
      19073
      19236
      19399
      19560
      19761
      19921
      20081
      20239
      20357
      20554
      20710
      20865
      21020
      21174
      21327
      21517
      21631
      21781
      21968
      22117
      22265
      22412
      22558
      22740
      22848
      22992
      23135
      23312
      23453
      23593
      23732
      23870
      24008
      24144
      24279
      24414
      24548
      24680
      24812
      24943
      25105
      25234
      25362
      25489
      25615
      25771
      25863
      26017
      26139
      26259
      26379
      26498
      26616
      26733
      26848
      26963
      27105
      27218
      27301
      27440
      27549
      27657
      27765
      27871
      27976
      28080
      28183
      28285
      28386
      28486
      28585
      28707
      28803
      28899
      28993
      29086
      29201
      29292
      29381
      29470
      29557
      29643
      29729
      29813
      29895
      29977
      30058
      30137
      30216
      30312
      30388
      30462
      30536
      30608
      30680
      30750
      30819
      30903
      30969
      31018
      31098
      31146
      31223
      31268
      31342
      31400
      31457
      31513
      31568
      31621
      31686
      31724
      31786
      31834
      31881
      31927
      31972
      32015
      32058
      32099
      32138
      32186
      32224
      32259
      32294
      32328
      32360
      32391
      32428
      32449
      32477
      32509
      32534
      32557
      32579
      32600
      32620
      32638
      32656
      32672
      32690
      32703
      32715
      32723
      32736
      32742
      32751
      32757
      32761
      32765
      32767
      32767
      32767
      32766
      32762
      32758
      32753
      32746
      32738
      32729
      32718
      32706
      32690
      32675
      32660
      32643
      32625
      32605
      32585
      32563
      32540
      32515
      32483
      32456
      32428
      32398
      32368
      32336
      32303
      32268
      32233
      32196
      32158
      32109
      32078
      32037
      31983
      31938
      31893
      31846
      31798
      31749
      31686
      31634
      31581
      31527
      31471
      31415
      31357
      31283
      31223
      31161
      31114
      31050
      30986
      30903
      30853
      30767
      30697
      30626
      30554
      30481
      30388
      30331
      30235
      30157
      30098
      30018
      29916
      29833
      29729
      29643
      29557
      29492
      29381
      29292
      29201
      29109
      29016
      28922
      28803
      28707
      28610
      28511
      28436
      28311
      28209
      28106
      28002
      27897
      27791
      27684
      27576
      27467
      27357
      27218
      27105
      26992
      26906
      26762
      26645
      26528
      26409
      26290
      26139
      26048
      25894
      25771
      25677
      25552
      25394
      25266
      25138
      25008
      24878
      24746
      24614
      24481
      24313
      24178
      24042
      23905
      23732
      23593
      23453
      23312
      23206
      23028
      22920
      22740
      22595
      22449
      22302
      22154
      22006
      21856
      21706
      21555
      21365
      21212
      21059
      20904
      20749
      20593
      20436
      20279
      20081
      19961
      19761
      19641
      19439
      19277
      19114
      18950
      18786
      18579
      18455
      18288
      18121
      17911
      17743
      17573
      17403
      17233
      17061
      16889
      16717
      16543
      16369
      16151
      15976
      15800
      15624
      15447
      15225
      15046
      14867
      14688
      14508
      14373
      14146
      13965
      13783
      13600
      13417
      13233
      13003
      12818
      12633
      12447
      12307
      12074
      11887
      11699
      11511
      11323
      11134
      10897
      10755
      10565
      10374
      10135
       9992
       9800
       9560
       9368
       9175
       8982
       8788
       8594
       8351
       8157
       7962
       7767
       7571
       7327
       7130
       6934
       6737
       6541
       6343
       6146
       5998
       5800
       5553
       5354
       5156
       4957
       4709
       4559
       4310
       4111
       3911
       3762
       3512
       3312
       3112
       2912
       2711
       2511
       2260
       2060
       1859
       1658
       1457
       1256
       1055
        854
        653
        402
        201
          0
       -151
       -402
       -603
       -804
      -1005
      -1206
      -1407
      -1658
      -1859
      -2009
      -2260
      -2461
      -2661
      -2861
      -3062
      -3262
      -3462
      -3662
      -3861
      -4061
      -4260
      -4460
      -4709
      -4858
      -5057
      -5305
      -5503
      -5701
      -5948
      -6146
      -6343
      -6491
      -6688
      -6934
      -7130
      -7327
      -7522
      -7718
      -7913
      -8157
      -8303
      -8497
      -8691
      -8885
      -9127
      -9319
      -9512
      -9704
      -9896
     -10088
     -10279
     -10469
     -10707
     -10897
     -11087
     -11276
     -11464
     -11652
     -11840
     -12027
     -12214
     -12400
     -12633
     -12818
     -13003
     -13187
     -13371
     -13554
     -13737
     -13919
     -14101
     -14282
     -14508
     -14643
     -14867
     -15002
     -15180
     -15402
     -15580
     -15756
     -15932
     -16151
     -16282
     -16500
     -16673
     -16846
     -17018
     -17190
     -17361
     -17573
     -17743
     -17869
     -18037
     -18205
     -18372
     -18579
     -18703
     -18909
     -19073
     -19236
     -19399
     -19560
     -19721
     -19881
     -20041
     -20200
     -20357
     -20515
     -20710
     -20865
     -21020
     -21212
     -21365
     -21479
     -21668
     -21781
     -21968
     -22117
     -22265
     -22412
     -22558
     -22740
     -22848
     -22992
     -23170
     -23277
     -23453
     -23558
     -23732
     -23870
     -24008
     -24144
     -24279
     -24414
     -24581
     -24680
     -24845
     -24943
     -25105
     -25234
     -25362
     -25489
     -25615
     -25739
     -25863
     -26017
     -26108
     -26259
     -26379
     -26498
     -26616
     -26733
     -26848
     -26992
     -27105
     -27190
     -27301
     -27412
     -27522
     -27630
     -27765
     -27871
     -28002
     -28106
     -28209
     -28285
     -28411
     -28511
     -28585
     -28683
     -28779
     -28899
     -28993
     -29086
     -29178
     -29269
     -29381
     -29470
     -29557
     -29643
     -29729
     -29813
     -29895
     -29977
     -30058
     -30137
     -30235
     -30312
     -30388
     -30462
     -30536
     -30608
     -30680
     -30750
     -30836
     -30903
     -30969
     -31018
     -31098
     -31146
     -31223
     -31283
     -31342
     -31400
     -31457
     -31513
     -31568
     -31621
     -31686
     -31737
     -31786
     -31822
     -31881
     -31927
     -31972
     -32015
     -32068
     -32109
     -32148
     -32177
     -32224
     -32251
     -32294
     -32328
     -32360
     -32391
     -32421
     -32456
     -32483
     -32503
     -32534
     -32557
     -32579
     -32600
     -32625
     -32643
     -32660
     -32675
     -32690
     -32703
     -32715
     -32726
     -32736
     -32744
     -32751
     -32758
     -32762
     -32766
     -32767
     -32767
     -32767
     -32766
     -32762
     -32758
     -32753
     -32746
     -32738
     -32729
     -32718
     -32706
     -32693
     -32675
     -32660
     -32647
     -32625
     -32605
     -32585
     -32563
     -32540
     -32515
     -32490
     -32463
     -32428
     -32398
     -32368
     -32336
     -32303
     -32268
     -32224
     -32186
     -32158
     -32119
     -32078
     -32037
     -31994
     -31938
     -31893
     -31846
     -31798
     -31749
     -31699
     -31634
     -31581
     -31527
     -31471
     -31415
     -31357
     -31298
     -31238
     -31161
     -31114
     -31034
     -30969
     -30903
     -30836
     -30767
     -30697
     -30626
     -30554
     -30481
     -30407
     -30312
     -30254
     -30157
     -30078
     -29997
     -29916
     -29833
     -29750
     -29665
     -29579
     -29470
     -29381
     -29292
     -29201
     -29109
     -29016
     -28922
     -28803
     -28707
     -28610
     -28511
     -28436
     -28336
     -28234
     -28132
     -28002
     -27897
     -27791
     -27684
     -27576
     -27467
     -27357
     -27246
     -27133
     -26992
     -26906
     -26762
     -26645
     -26528
     -26379
     -26259
     -26139
     -26017
     -25894
     -25802
     -25677
     -25520
     -25394
     -25266
     -25138
     -25008
     -24878
     -24746
     -24614
     -24448
     -24313
     -24178
     -24042
     -23905
     -23767
     -23628
     -23453
     -23312
     -23170
     -23028
     -22920
     -22740
     -22631
     -22449
     -22302
     -22154
     -22006
     -21819
     -21668
     -21555
     -21365
     -21212
     -21059
     -20904
     -20749
     -20593
     -20436
     -20279
     -20120
     -19921
     -19761
     -19601
     -19439
     -19277
     -19114
     -18950
     -18786
     -18621
     -18413
     -18247
     -18079
     -17911
     -17743
     -17573
     -17403
     -17233
     -17018
     -16889
     -16717
     -16500
     -16326
     -16151
     -15976
     -15844
     -15624
     -15447
     -15269
     -15091
     -14912
     -14688
     -14508
     -14373
     -14146
     -13965
     -13783
     -13600
     -13417
     -13233
     -13049
     -12864
     -12679
     -12493
     -12261
     -12074
     -11887
     -11699
     -11511
     -11323
     -11134
     -10945
     -10755
     -10517
     -10374
     -10135
      -9944
      -9752
      -9560
      -9368
      -9175
      -8933
      -8740
      -8546
      -8351
      -8157
      -8011
      -7767
      -7571
      -7327
      -7130
      -6934
      -6737
      -6541
      -6343
      -6146
      -5948
      -5751
      -5553
      -5354
      -5156
      -4957
      -4758
      -4510
      -4310
      -4111
      -3911
      -3762
      -3512
      -3312
      -3112
      -2912
      -2711
      -2511
      -2310
      -2110
      -1859
      -1658
      -1457
      -1256
      -1055
       -854
       -653
       -452
       -251
        -50
        201
        352
        553
        804
       1005
       1256
       1457
       1658
       1859
       2060
       2210
       2411
       2661
       2861
       3062
       3262
       3462
       3712
       3911
       4061
       4260
       4460
       4659
       4907
       5106
       5305
       5553
       5751
       5948
       6146
       6294
       6541
       6737
       6934
       7130
       7327
       7522
       7767
       7913
       8108
       8351
       8546
       8740
       8933
       9127
       9319
       9512
       9704
       9896
      10088
      10279
      10469
      10707
      10850
      11039
      11228
      11464
      11652
      11840
      12027
      12214
      12400
      12633
      12772
      12957
      13187
      13371
      13554
      13783
      13965
      14146
      14282
      14463
      14643
      14867
      15046
      15225
      15402
      15580
      15756
      15976
      16151
      16282
      16500
      16630
      16846
      17018
      17190
      17403
      17573
      17743
      17911
      18037
      18205
      18372
      18538
      18745
      18868
      19073
      19236
      19399
      19560
      19721
      19921
      20041
      20239
      20397
      20554
      20710
      20865
      21020
      21212
      21365
      21517
      21631
      21819
      21931
      22080
      22265
      22412
      22558
      22704
      22848
      23028
      23135
      23312
      23418
      23593
      23732
      23870
      24008
      24144
      24279
      24448
      24581
      24713
      24845
      24976
      25105
      25234
      25362
      25520
      25646
      25771
      25894
      25986
      26108
      26259
      26379
      26468
      26616
      26733
      26848
      26992
      27105
      27218
      27301
      27412
      27549
      27630
      27738
      27871
      27976
      28080
      28183
      28285
      28386
      28511
      28585
      28707
      28803
      28899
      28993
      29086
      29178
      29269
      29359
      29470
      29557
      29622
      29729
      29813
      29895
      29977
      30058
      30157
      30216
      30312
      30388
      30444
      30536
      30608
      30680
      30750
      30819
      30886
      30953
      31018
      31082
      31161
      31223
      31283
      31342
      31400
      31457
      31513
      31581
      31621
      31686
      31737
      31786
      31822
      31881
      31927
      31972
      32015
      32068
      32109
      32138
      32186
      32214
      32259
      32286
      32328
      32360
      32391
      32421
      32449
      32483
      32509
      32534
      32557
      32579
      32600
      32620
      32638
      32656
      32672
      32686
      32700
      32715
      32726
      32736
      32744
      32751
      32757
      32762
      32765
      32767
      32767
      32767
      32766
      32762
      32758
      32753
      32746
      32738
      32729
      32718
      32706
      32690
      32675
      32660
      32643
      32625
      32605
      32585
      32563
      32540
      32509
      32483
      32456
      32435
      32398
      32368
      32336
      32294
      32259
      32224
      32186
      32158
      32109
      32068
      32026
      31983
      31938
      31893
      31846
      31798
      31749
      31699
      31647
      31594
      31540
      31471
      31415
      31357
      31298
      31238
      31177
      31114
      31050
      30969
      30903
      30836
      30767
      30697
      30608
      30536
      30481
      30407
      30312
      30235
      30157
      30078
      29997
      29916
      29833
      29729
      29643
      29579
      29492
      29404
      29292
      29224
      29109
      29016
      28922
      28827
      28731
      28634
      28536
      28436
      28336
      28234
      28106
      28002
      27897
      27791
      27684
      27576
      27467
      27329
      27218
      27133
      26992
      26877
      26762
      26645
      26528
      26379
      26259
      26139
      26017
      25925
      25771
      25646
      25520
      25394
      25266
      25138
      25008
      24845
      24713
      24614
      24481
      24313
      24212
      24042
      23905
      23767
      23628
      23488
      23348
      23206
      23064
      22920
      22740
      22595
      22449
      22302
      22154
      22006
      21819
      21668
      21517
      21365
      21212
      21097
      20904
      20749
      20593
      20436
      20279
      20120
      19961
      19801
      19601
      19479
      19317
      19114
      18950
      18786
      18579
      18413
      18247
      18079
      17911
      17743
      17616
      17403
      17233
      17061
      16889
      16717
      16543
      16369
      16151
      16020
      15800
      15624
      15447
      15225
      15046
      14867
      14688
      14553
      14327
      14146
      13965
      13783
      13600
      13417
      13233
      13049
      12864
      12679
      12447
      12261
      12074
      11887
      11699
      11511
      11323
      11134
      10945
      10755
      10565
      10326
      10135
       9944
       9752
       9560
       9368
       9175
       8982
       8740
       8546
       8400
       8157
       7962
       7767
       7571
       7376
       7130
       6934
       6787
       6590
       6393
       6146
       5948
       5751
       5602
       5354
       5156
       4957
       4758
       4559
       4360
       4161
       3911
       3762
       3512
       3312
       3112
       2912
       2711
       2511
       2310
       2110
       1909
       1658
       1457
       1256
       1055
        854
        653
        452
        251
         50
       -151
       -402
       -603
       -804
      -1005
      -1206
      -1407
      -1608
      -1809
      -2009
      -2260
      -2461
      -2661
      -2861
      -3062
      -3262
      -3462
      -3662
      -3861
      -4061
      -4260
      -4460
      -4659
      -4858
      -5106
      -5305
      -5503
      -5701
      -5899
      -6097
      -6343
      -6491
      -6688
      -6934
      -7130
      -7327
      -7522
      -7718
      -7913
      -8108
      -8351
      -8497
      -8740
      -8933
      -9127
      -9319
      -9512
      -9704
      -9944
     -10135
     -10279
     -10517
     -10707
     -10897
     -11087
     -11276
     -11464
     -11652
     -11840
     -12027
     -12214
     -12447
     -12633
     -12818
     -13003
     -13187
     -13371
     -13554
     -13737
     -13919
     -14146
     -14282
     -14508
     -14688
     -14823
     -15002
     -15225
     -15402
     -15580
     -15756
     -15932
     -16108
     -16326
     -16500
     -16673
     -16846
     -17018
     -17190
     -17361
     -17573
     -17743
     -17869
     -18037
     -18247
     -18372
     -18579
     -18703
     -18868
     -19073
     -19236
     -19399
     -19560
     -19721
     -19921
     -20081
     -20239
     -20397
     -20554
     -20710
     -20865
     -21059
     -21212
     -21365
     -21479
     -21668
     -21781
     -21968
     -22080
     -22265
     -22412
     -22558
     -22740
     -22884
     -23028
     -23170
     -23312
     -23453
     -23593
     -23732
     -23870
     -24008
     -24144
     -24313
     -24448
     -24548
     -24713
     -24812
     -24976
     -25105
     -25234
     -25362
     -25520
     -25646
     -25739
     -25863
     -25986
     -26139
     -26259
     -26379
     -26498
     -26616
     -26733
     -26848
     -26963
     -27077
     -27190
     -27329
     -27412
     -27549
     -27657
     -27765
     -27871
     -27976
     -28106
     -28183
     -28285
     -28386
     -28511
     -28585
     -28707
     -28803
     -28899
     -28993
     -29086
     -29178
     -29269
     -29381
     -29470
     -29535
     -29622
     -29729
     -29813
     -29895
     -29977
     -30078
     -30157
     -30235
     -30312
     -30388
     -30444
     -30536
     -30608
     -30680
     -30750
     -30819
     -30886
     -30953
     -31034
     -31082
     -31161
     -31223
     -31283
     -31342
     -31400
     -31457
     -31527
     -31581
     -31634
     -31686
     -31737
     -31774
     -31834
     -31881
     -31927
     -31972
     -32015
     -32068
     -32109
     -32148
     -32177
     -32224
     -32259
     -32294
     -32328
     -32360
     -32391
     -32421
     -32456
     -32483
     -32509
     -32534
     -32557
     -32579
     -32600
     -32620
     -32638
     -32656
     -32672
     -32686
     -32703
     -32715
     -32726
     -32736
     -32744
     -32751
     -32757
     -32761
     -32765
     -32767
     -32767
     -32767
     -32766
     -32763
     -32758
     -32753
     -32746
     -32738
     -32726
     -32715
     -32706
     -32690
     -32679
     -32660
     -32647
     -32625
     -32605
     -32585
     -32563
     -32540
     -32515
     -32490
     -32456
     -32428
     -32398
     -32368
     -32336
     -32303
     -32268
     -32233
     -32196
     -32158
     -32109
     -32078
     -32037
     -31983
     -31938
     -31893
     -31846
     -31798
     -31749
     -31686
     -31634
     -31581
     -31527
     -31471
     -31415
     -31357
     -31298
     -31238
     -31177
     -31114
     -31050
     -30986
     -30903
     -30853
     -30767
     -30697
     -30626
     -30554
     -30462
     -30388
     -30331
     -30235
     -30177
     -30078
     -29997
     -29916
     -29833
     -29729
     -29665
     -29579
     -29492
     -29404
     -29314
     -29201
     -29109
     -29016
     -28922
     -28827
     -28731
     -28634
     -28536
     -28436
     -28311
     -28234
     -28106
     -28002
     -27897
     -27791
     -27684
     -27549
     -27440
     -27357
     -27218
     -27105
     -26992
     -26877
     -26762
     -26645
     -26528
     -26409
     -26290
     -26139
     -26017
     -25894
     -25802
     -25677
     -25520
     -25394
     -25266
     -25138
     -25008
     -24878
     -24746
     -24614
     -24481
     -24347
     -24178
     -24042
     -23905
     -23767
     -23628
     -23488
     -23312
     -23206
     -23028
     -22920
     -22740
     -22595
     -22449
     -22302
     -22154
     -22006
     -21856
     -21706
     -21517
     -21365
     -21212
     -21059
     -20904
     -20749
     -20593
     -20436
     -20279
     -20120
     -19921
     -19761
     -19641
     -19439
     -19277
     -19114
     -18950
     -18786
     -18621
     -18413
     -18247
     -18079
     -17911
     -17743
     -17573
     -17403
     -17233
     -17061
     -16889
     -16717
     -16500
     -16369
     -16151
     -16020
     -15800
     -15668
     -15447
     -15269
     -15091
     -14912
     -14733
     -14508
     -14373
     -14146
     -14010
     -13783
     -13600
     -13371
     -13187
     -13003
     -12818
     -12633
     -12447
     -12261
     -12074
     -11887
     -11699
     -11511
     -11323
     -11134
     -10945
     -10707
     -10517
     -10326
     -10135
      -9944
      -9752
      -9560
      -9368
      -9175
      -8982
      -8788
      -8546
      -8351
      -8157
      -7962
      -7767
      -7571
      -7376
      -7180
      -6983
      -6787
      -6590
      -6343
      -6146
      -5948
      -5751
      -5553
      -5354
      -5156
      -4957
      -4758
      -4559
      -4310
      -4111
      -3961
      -3712
      -3512
      -3312
      -3112
      -2912
      -2711
      -2511
      -2260
      -2060
      -1909
      -1708
      -1457
      -1307
      -1055
       -854
       -653
       -452
       -251
