          0
        205
        411
        617
        823
       1029
       1234
       1440
       1646
       1852
       2057
       2262
       2468
       2673
       2878
       3083
       3288
       3493
       3698
       3902
       4106
       4310
       4515
       4719
       4922
       5125
       5329
       5532
       5735
       5937
       6140
       6342
       6544
       6745
       6946
       7147
       7349
       7548
       7749
       7949
       8148
       8348
       8547
       8746
       8943
       9142
       9339
       9536
       9733
       9929
      10126
      10321
      10516
      10711
      10905
      11100
      11293
      11486
      11678
      11871
      12062
      12253
      12444
      12635
      12824
      13014
      13202
      13390
      13578
      13765
      13951
      14137
      14323
      14508
      14692
      14875
      15059
      15242
      15423
      15605
      15785
      15966
      16146
      16324
      16502
      16679
      16857
      17033
      17209
      17384
      17558
      17731
      17904
      18075
      18247
      18417
      18587
      18757
      18925
      19093
      19260
      19427
      19591
      19756
      19920
      20084
      20245
      20407
      20568
      20728
      20886
      21045
      21202
      21359
      21514
      21669
      21824
      21976
      22129
      22280
      22431
      22580
      22729
      22877
      23024
      23170
      23315
      23459
      23603
      23745
      23886
      24027
      24166
      24304
      24442
      24579
      24714
      24849
      24984
      25116
      25248
      25379
      25508
      25637
      25764
      25891
      26017
      26142
      26265
      26388
      26509
      26630
      26750
      26867
      26985
      27101
      27217
      27330
      27444
      27556
      27666
      27777
      27885
      27992
      28099
      28204
      28308
      28411
      28514
      28615
      28714
      28812
      28911
      29007
      29102
      29196
      29289
      29381
      29471
      29560
      29648
      29736
      29822
      29906
      29990
      30073
      30153
      30234
      30312
      30390
      30466
      30542
      30615
      30689
      30760
      30831
      30899
      30968
      31034
      31099
      31164
      31227
      31288
      31349
      31408
      31466
      31523
      31579
      31633
      31686
      31738
      31789
      31838
      31886
      31933
      31979
      32022
      32066
      32108
      32148
      32187
      32225
      32261
      32297
      32332
      32364
      32396
      32426
      32455
      32483
      32509
      32535
      32558
      32580
      32602
      32622
      32640
      32659
      32675
      32689
      32703
      32715
      32726
      32736
      32744
      32751
      32757
      32761
      32765
      32767
      32767
      32766
      32765
      32761
      32757
      32752
      32744
      32736
      32727
      32715
      32703
      32689
      32674
      32658
      32641
      32622
      32602
      32581
      32558
      32535
      32509
      32482
      32455
      32426
      32395
      32364
      32331
      32298
      32261
      32225
      32187
      32148
      32108
      32066
      32023
      31979
      31932
      31886
      31838
      31788
      31738
      31687
      31633
      31579
      31523
      31466
      31409
      31349
      31288
      31227
      31164
      31099
      31034
      30967
      30899
      30831
      30760
      30688
      30615
      30541
      30466
      30390
      30312
      30234
      30154
      30073
      29990
      29907
      29822
      29736
      29649
      29561
      29472
      29380
      29289
      29196
      29102
      29006
      28910
      28813
      28714
      28615
      28514
      28411
      28309
      28204
      28099
      27992
      27885
      27776
      27666
      27556
      27444
      27331
      27217
      27101
      26985
      26868
      26750
      26630
      26510
      26388
      26266
      26142
      26018
      25891
      25765
      25637
      25508
      25379
      25248
      25116
      24983
      24850
      24714
      24579
      24443
      24305
      24166
      24027
      23887
      23745
      23603
      23459
      23316
      23170
      23024
      22877
      22729
      22581
      22431
      22280
      22129
      21977
      21823
      21669
      21514
      21359
      21202
      21045
      20886
      20728
      20568
      20407
      20246
      20083
      19920
      19756
      19592
      19426
      19260
      19093
      18925
      18757
      18588
      18418
      18247
      18076
      17903
      17731
      17557
      17383
      17209
      17033
      16856
      16680
      16502
      16324
      16145
      15966
      15785
      15605
      15424
      15241
      15059
      14876
      14692
      14508
      14323
      14137
      13952
      13765
      13578
      13390
      13202
      13013
      12824
      12634
      12444
      12254
      12062
      11871
      11678
      11486
      11293
      11099
      10906
      10711
      10516
      10321
      10125
       9929
       9733
       9536
       9339
       9142
       8944
       8745
       8547
       8347
       8149
       7949
       7749
       7549
       7349
       7148
       6946
       6746
       6544
       6341
       6140
       5937
       5735
       5532
       5329
       5126
       4922
       4718
       4514
       4311
       4107
       3902
       3698
       3493
       3288
       3083
       2879
       2673
       2468
       2262
       2058
       1852
       1646
       1440
       1234
       1028
        823
        617
        411
        205
          0
       -206
       -412
       -618
       -824
      -1030
      -1235
      -1441
      -1647
      -1853
      -2058
      -2263
      -2469
      -2674
      -2879
      -3084
      -3289
      -3494
      -3699
      -3903
      -4107
      -4311
      -4516
      -4720
      -4923
      -5126
      -5330
      -5533
      -5736
      -5938
      -6141
      -6343
      -6545
      -6746
      -6947
      -7148
      -7350
      -7549
      -7750
      -7950
      -8149
      -8349
      -8548
      -8747
      -8944
      -9143
      -9340
      -9537
      -9734
      -9930
     -10127
     -10322
     -10517
     -10712
     -10906
     -11101
     -11294
     -11487
     -11679
     -11872
     -12063
     -12254
     -12445
     -12636
     -12825
     -13015
     -13203
     -13391
     -13579
     -13766
     -13952
     -14138
     -14324
     -14509
     -14693
     -14876
     -15060
     -15243
     -15424
     -15606
     -15786
     -15967
     -16147
     -16325
     -16503
     -16680
     -16858
     -17034
     -17210
     -17385
     -17559
     -17732
     -17905
     -18076
     -18248
     -18418
     -18588
     -18758
     -18926
     -19094
     -19261
     -19428
     -19592
     -19757
     -19921
     -20085
     -20246
     -20408
     -20569
     -20729
     -20887
     -21046
     -21203
     -21360
     -21515
     -21670
     -21825
     -21977
     -22130
     -22281
     -22432
     -22581
     -22730
     -22878
     -23025
     -23170
     -23316
     -23460
     -23604
     -23746
     -23887
     -24028
     -24167
     -24305
     -24443
     -24580
     -24715
     -24850
     -24985
     -25117
     -25249
     -25380
     -25509
     -25638
     -25765
     -25892
     -26018
     -26143
     -26266
     -26389
     -26510
     -26631
     -26751
     -26868
     -26986
     -27102
     -27218
     -27331
     -27445
     -27557
     -27667
     -27778
     -27886
     -27993
     -28100
     -28205
     -28309
     -28412
     -28515
     -28616
     -28715
     -28813
     -28912
     -29008
     -29103
     -29197
     -29290
     -29382
     -29472
     -29561
     -29649
     -29737
     -29823
     -29907
     -29991
     -30074
     -30154
     -30235
     -30313
     -30391
     -30467
     -30543
     -30616
     -30690
     -30761
     -30832
     -30900
     -30969
     -31035
     -31100
     -31165
     -31228
     -31289
     -31350
     -31409
     -31467
     -31524
     -31580
     -31634
     -31687
     -31739
     -31790
     -31839
     -31887
     -31934
     -31980
     -32023
     -32067
     -32109
     -32149
     -32188
     -32226
     -32262
     -32298
     -32333
     -32365
     -32397
     -32427
     -32456
     -32484
     -32510
     -32536
     -32559
     -32581
     -32603
     -32623
     -32641
     -32660
     -32676
     -32690
     -32704
     -32716
     -32727
     -32737
     -32745
     -32752
     -32758
     -32762
     -32766
     -32768
     -32767
     -32767
     -32766
     -32762
     -32758
     -32753
     -32745
     -32737
     -32728
     -32716
     -32704
     -32690
     -32675
     -32659
     -32642
     -32623
     -32603
     -32582
     -32559
     -32536
     -32510
     -32483
     -32456
     -32427
     -32396
     -32365
     -32332
     -32299
     -32262
     -32226
     -32188
     -32149
     -32109
     -32067
     -32024
     -31980
     -31933
     -31887
     -31839
     -31789
     -31739
     -31688
     -31634
     -31580
     -31524
     -31467
     -31410
     -31350
     -31289
     -31228
     -31165
     -31100
     -31035
     -30968
     -30900
     -30832
     -30761
     -30689
     -30616
     -30542
     -30467
     -30391
     -30313
     -30235
     -30155
     -30074
     -29991
     -29908
     -29823
     -29737
     -29650
     -29562
     -29473
     -29381
     -29290
     -29197
     -29103
     -29007
     -28911
     -28814
     -28715
     -28616
     -28515
     -28412
     -28310
     -28205
     -28100
     -27993
     -27886
     -27777
     -27667
     -27557
     -27445
     -27332
     -27218
     -27102
     -26986
     -26869
     -26751
     -26631
     -26511
     -26389
     -26267
     -26143
     -26019
     -25892
     -25766
     -25638
     -25509
     -25380
     -25249
     -25117
     -24984
     -24851
     -24715
     -24580
     -24444
     -24306
     -24167
     -24028
     -23888
     -23746
     -23604
     -23460
     -23317
     -23170
     -23025
     -22878
     -22730
     -22582
     -22432
     -22281
     -22130
     -21978
     -21824
     -21670
     -21515
     -21360
     -21203
     -21046
     -20887
     -20729
     -20569
     -20408
     -20247
     -20084
     -19921
     -19757
     -19593
     -19427
     -19261
     -19094
     -18926
     -18758
     -18589
     -18419
     -18248
     -18077
     -17904
     -17732
     -17558
     -17384
     -17210
     -17034
     -16857
     -16681
     -16503
     -16325
     -16146
     -15967
     -15786
     -15606
     -15425
     -15242
     -15060
     -14877
     -14693
     -14509
     -14324
     -14138
     -13953
     -13766
     -13579
     -13391
     -13203
     -13014
     -12825
     -12635
     -12445
     -12255
     -12063
     -11872
     -11679
     -11487
     -11294
     -11100
     -10907
     -10712
     -10517
     -10322
     -10126
      -9930
      -9734
      -9537
      -9340
      -9143
      -8945
      -8746
      -8548
      -8348
      -8150
      -7950
      -7750
      -7550
      -7350
      -7149
      -6947
      -6747
      -6545
      -6342
      -6141
      -5938
      -5736
      -5533
      -5330
      -5127
      -4923
      -4719
      -4515
      -4312
      -4108
      -3903
      -3699
      -3494
      -3289
      -3084
      -2880
      -2674
      -2469
      -2263
      -2059
      -1853
      -1647
      -1441
      -1235
      -1029
       -824
       -618
       -412
       -206
          0
        205
        411
        617
        823
       1029
       1234
       1440
       1646
       1852
       2057
       2262
       2468
       2673
       2878
       3083
       3288
       3493
       3698
       3902
       4106
       4310
       4515
       4719
       4922
       5125
       5329
       5532
       5735
       5937
       6140
       6342
       6544
       6745
       6946
       7147
       7349
       7548
       7749
       7949
       8148
       8348
       8547
       8746
       8943
       9142
       9339
       9536
       9733
       9929
      10126
      10321
      10516
      10711
      10905
      11100
      11293
      11486
      11678
      11871
      12062
      12253
      12444
      12635
      12824
      13014
      13202
      13390
      13578
      13765
      13951
      14137
      14323
      14508
      14692
      14875
      15059
      15242
      15423
      15605
      15785
      15966
      16146
      16324
      16502
      16679
      16857
      17033
      17209
      17384
      17558
      17731
      17904
      18075
      18247
      18417
      18587
      18757
      18925
      19093
      19260
      19427
      19591
      19756
      19920
      20084
      20245
      20407
      20568
      20728
      20886
      21045
      21202
      21359
      21514
      21669
      21824
      21976
      22129
      22280
      22431
      22580
      22729
      22877
      23024
      23170
      23315
      23459
      23603
      23745
      23886
      24027
      24166
      24304
      24442
      24579
      24714
      24849
      24984
      25116
      25248
      25379
      25508
      25637
      25764
      25891
      26017
      26142
      26265
      26388
      26509
      26630
      26750
      26867
      26985
      27101
      27217
      27330
      27444
      27556
      27666
      27777
      27885
      27992
      28099
      28204
      28308
      28411
      28514
      28615
      28714
      28812
      28911
      29007
      29102
      29196
      29289
      29381
      29471
      29560
      29648
      29736
      29822
      29906
      29990
      30073
      30153
      30234
      30312
      30390
      30466
      30542
      30615
      30689
      30760
      30831
      30899
      30968
      31034
      31099
      31164
      31227
      31288
      31349
      31408
      31466
      31523
      31579
      31633
      31686
      31738
      31789
      31838
      31886
      31933
      31979
      32022
      32066
      32108
      32148
      32187
      32225
      32261
      32297
      32332
      32364
      32396
      32426
      32455
      32483
      32509
      32535
      32558
      32580
      32602
      32622
      32640
      32659
      32675
      32689
      32703
      32715
      32726
      32736
      32744
      32751
      32757
      32761
      32765
      32767
      32767
      32766
      32765
      32761
      32757
      32752
      32744
      32736
      32727
      32715
      32703
      32689
      32674
      32658
      32641
      32622
      32602
      32581
      32558
      32535
      32509
      32482
      32455
      32426
      32395
      32364
      32331
      32298
      32261
      32225
      32187
      32148
      32108
      32066
      32023
      31979
      31932
      31886
      31838
      31788
      31738
      31687
      31633
      31579
      31523
      31466
      31409
      31349
      31288
      31227
      31164
      31099
      31034
      30967
      30899
      30831
      30760
      30688
      30615
      30541
      30466
      30390
      30312
      30234
      30154
      30073
      29990
      29907
      29822
      29736
      29649
      29561
      29472
      29380
      29289
      29196
      29102
      29006
      28910
      28813
      28714
      28615
      28514
      28411
      28309
      28204
      28099
      27992
      27885
      27776
      27666
      27556
      27444
      27331
      27217
      27101
      26985
      26868
      26750
      26630
      26510
      26388
      26266
      26142
      26018
      25891
      25765
      25637
      25508
      25379
      25248
      25116
      24983
      24850
      24714
      24579
      24443
      24305
      24166
      24027
      23887
      23745
      23603
      23459
      23316
      23170
      23024
      22877
      22729
      22581
      22431
      22280
      22129
      21977
      21823
      21669
      21514
      21359
      21202
      21045
      20886
      20728
      20568
      20407
      20246
      20083
      19920
      19756
      19592
      19426
      19260
      19093
      18925
      18757
      18588
      18418
      18247
      18076
      17903
      17731
      17557
      17383
      17209
      17033
      16856
      16680
      16502
      16324
      16145
      15966
      15785
      15605
      15424
      15241
      15059
      14876
      14692
      14508
      14323
      14137
      13952
      13765
      13578
      13390
      13202
      13013
      12824
      12634
      12444
      12254
      12062
      11871
      11678
      11486
      11293
      11099
      10906
      10711
      10516
      10321
      10125
       9929
       9733
       9536
       9339
       9142
       8944
       8745
       8547
       8347
       8149
       7949
       7749
       7549
       7349
       7148
       6946
       6746
       6544
       6341
       6140
       5937
       5735
       5532
       5329
       5126
       4922
       4718
       4514
       4311
       4107
       3902
       3698
       3493
       3288
       3083
       2879
       2673
       2468
       2262
       2058
       1852
       1646
       1440
       1234
       1028
        823
        617
        411
        205
          0
       -206
       -412
       -618
       -824
      -1030
      -1235
      -1441
      -1647
      -1853
      -2058
      -2263
      -2469
      -2674
      -2879
      -3084
      -3289
      -3494
      -3699
      -3903
      -4107
      -4311
      -4516
      -4720
      -4923
      -5126
      -5330
      -5533
      -5736
      -5938
      -6141
      -6343
      -6545
      -6746
      -6947
      -7148
      -7350
      -7549
      -7750
      -7950
      -8149
      -8349
      -8548
      -8747
      -8944
      -9143
      -9340
      -9537
      -9734
      -9930
     -10127
     -10322
     -10517
     -10712
     -10906
     -11101
     -11294
     -11487
     -11679
     -11872
     -12063
     -12254
     -12445
     -12636
     -12825
     -13015
     -13203
     -13391
     -13579
     -13766
     -13952
     -14138
     -14324
     -14509
     -14693
     -14876
     -15060
     -15243
     -15424
     -15606
     -15786
     -15967
     -16147
     -16325
     -16503
     -16680
     -16858
     -17034
     -17210
     -17385
     -17559
     -17732
     -17905
     -18076
     -18248
     -18418
     -18588
     -18758
     -18926
     -19094
     -19261
     -19428
     -19592
     -19757
     -19921
     -20085
     -20246
     -20408
     -20569
     -20729
     -20887
     -21046
     -21203
     -21360
     -21515
     -21670
     -21825
     -21977
     -22130
     -22281
     -22432
     -22581
     -22730
     -22878
     -23025
     -23170
     -23316
     -23460
     -23604
     -23746
     -23887
     -24028
     -24167
     -24305
     -24443
     -24580
     -24715
     -24850
     -24985
     -25117
     -25249
     -25380
     -25509
     -25638
     -25765
     -25892
     -26018
     -26143
     -26266
     -26389
     -26510
     -26631
     -26751
     -26868
     -26986
     -27102
     -27218
     -27331
     -27445
     -27557
     -27667
     -27778
     -27886
     -27993
     -28100
     -28205
     -28309
     -28412
     -28515
     -28616
     -28715
     -28813
     -28912
     -29008
     -29103
     -29197
     -29290
     -29382
     -29472
     -29561
     -29649
     -29737
     -29823
     -29907
     -29991
     -30074
     -30154
     -30235
     -30313
     -30391
     -30467
     -30543
     -30616
     -30690
     -30761
     -30832
     -30900
     -30969
     -31035
     -31100
     -31165
     -31228
     -31289
     -31350
     -31409
     -31467
     -31524
     -31580
     -31634
     -31687
     -31739
     -31790
     -31839
     -31887
     -31934
     -31980
     -32023
     -32067
     -32109
     -32149
     -32188
     -32226
     -32262
     -32298
     -32333
     -32365
     -32397
     -32427
     -32456
     -32484
     -32510
     -32536
     -32559
     -32581
     -32603
     -32623
     -32641
     -32660
     -32676
     -32690
     -32704
     -32716
     -32727
     -32737
     -32745
     -32752
     -32758
     -32762
     -32766
     -32768
     -32767
     -32767
     -32766
     -32762
     -32758
     -32753
     -32745
     -32737
     -32728
     -32716
     -32704
     -32690
     -32675
     -32659
     -32642
     -32623
     -32603
     -32582
     -32559
     -32536
     -32510
     -32483
     -32456
     -32427
     -32396
     -32365
     -32332
     -32299
     -32262
     -32226
     -32188
     -32149
     -32109
     -32067
     -32024
     -31980
     -31933
     -31887
     -31839
     -31789
     -31739
     -31688
     -31634
     -31580
     -31524
     -31467
     -31410
     -31350
     -31289
     -31228
     -31165
     -31100
     -31035
     -30968
     -30900
     -30832
     -30761
     -30689
     -30616
     -30542
     -30467
     -30391
     -30313
     -30235
     -30155
     -30074
     -29991
     -29908
     -29823
     -29737
     -29650
     -29562
     -29473
     -29381
     -29290
     -29197
     -29103
     -29007
     -28911
     -28814
     -28715
     -28616
     -28515
     -28412
     -28310
     -28205
     -28100
     -27993
     -27886
     -27777
     -27667
     -27557
     -27445
     -27332
     -27218
     -27102
     -26986
     -26869
     -26751
     -26631
     -26511
     -26389
     -26267
     -26143
     -26019
     -25892
     -25766
     -25638
     -25509
     -25380
     -25249
     -25117
     -24984
     -24851
     -24715
     -24580
     -24444
     -24306
     -24167
     -24028
     -23888
     -23746
     -23604
     -23460
     -23317
     -23170
     -23025
     -22878
     -22730
     -22582
     -22432
     -22281
     -22130
     -21978
     -21824
     -21670
     -21515
     -21360
     -21203
     -21046
     -20887
     -20729
     -20569
     -20408
     -20247
     -20084
     -19921
     -19757
     -19593
     -19427
     -19261
     -19094
     -18926
     -18758
     -18589
     -18419
     -18248
     -18077
     -17904
     -17732
     -17558
     -17384
     -17210
     -17034
     -16857
     -16681
     -16503
     -16325
     -16146
     -15967
     -15786
     -15606
     -15425
     -15242
     -15060
     -14877
     -14693
     -14509
     -14324
     -14138
     -13953
     -13766
     -13579
     -13391
     -13203
     -13014
     -12825
     -12635
     -12445
     -12255
     -12063
     -11872
     -11679
     -11487
     -11294
     -11100
     -10907
     -10712
     -10517
     -10322
     -10126
      -9930
      -9734
      -9537
      -9340
      -9143
      -8945
      -8746
      -8548
      -8348
      -8150
      -7950
      -7750
      -7550
      -7350
      -7149
      -6947
      -6747
      -6545
      -6342
      -6141
      -5938
      -5736
      -5533
      -5330
      -5127
      -4923
      -4719
      -4515
      -4312
      -4108
      -3903
      -3699
      -3494
      -3289
      -3084
      -2880
      -2674
      -2469
      -2263
      -2059
      -1853
      -1647
      -1441
      -1235
      -1029
       -824
       -618
       -412
       -206
          0
        205
        411
        617
        823
       1029
       1234
       1440
       1646
       1852
       2057
       2262
       2468
       2673
       2878
       3083
       3288
       3493
       3698
       3902
       4106
       4310
       4515
       4719
       4922
       5125
       5329
       5532
       5735
       5937
       6140
       6342
       6544
       6745
       6946
       7147
       7349
       7548
       7749
       7949
       8148
       8348
       8547
       8746
       8943
       9142
       9339
       9536
       9733
       9929
      10126
      10321
      10516
      10711
      10905
      11100
      11293
      11486
      11678
      11871
      12062
      12253
      12444
      12635
      12824
      13014
      13202
      13390
      13578
      13765
      13951
      14137
      14323
      14508
      14692
      14875
      15059
      15242
      15423
      15605
      15785
      15966
      16146
      16324
      16502
      16679
      16857
      17033
      17209
      17384
      17558
      17731
      17904
      18075
      18247
      18417
      18587
      18757
      18925
      19093
      19260
      19427
      19591
      19756
      19920
      20084
      20245
      20407
      20568
      20728
      20886
      21045
      21202
      21359
      21514
      21669
      21824
      21976
      22129
      22280
      22431
      22580
      22729
      22877
      23024
      23170
      23315
      23459
      23603
      23745
      23886
      24027
      24166
      24304
      24442
      24579
      24714
      24849
      24984
      25116
      25248
      25379
      25508
      25637
      25764
      25891
      26017
      26142
      26265
      26388
      26509
      26630
      26750
      26867
      26985
      27101
      27217
      27330
      27444
      27556
      27666
      27777
      27885
      27992
      28099
      28204
      28308
      28411
      28514
      28615
      28714
      28812
      28911
      29007
      29102
      29196
      29289
      29381
      29471
      29560
      29648
      29736
      29822
      29906
      29990
      30073
      30153
      30234
      30312
      30390
      30466
      30542
      30615
      30689
      30760
      30831
      30899
      30968
      31034
      31099
      31164
      31227
      31288
      31349
      31408
      31466
      31523
      31579
      31633
      31686
      31738
      31789
      31838
      31886
      31933
      31979
      32022
      32066
      32108
      32148
      32187
      32225
      32261
      32297
      32332
      32364
      32396
      32426
      32455
      32483
      32509
      32535
      32558
      32580
      32602
      32622
      32640
      32659
      32675
      32689
      32703
      32715
      32726
      32736
      32744
      32751
      32757
      32761
      32765
      32767
      32767
      32766
      32765
      32761
      32757
      32752
      32744
      32736
      32727
      32715
      32703
      32689
      32674
      32658
      32641
      32622
      32602
      32581
      32558
      32535
      32509
      32482
      32455
      32426
      32395
      32364
      32331
      32298
      32261
      32225
      32187
      32148
      32108
      32066
      32023
      31979
      31932
      31886
      31838
      31788
      31738
      31687
      31633
      31579
      31523
      31466
      31409
      31349
      31288
      31227
      31164
      31099
      31034
      30967
      30899
      30831
      30760
      30688
      30615
      30541
      30466
      30390
      30312
      30234
      30154
      30073
      29990
      29907
      29822
      29736
      29649
      29561
      29472
      29380
      29289
      29196
      29102
      29006
      28910
      28813
      28714
      28615
      28514
      28411
      28309
      28204
      28099
      27992
      27885
      27776
      27666
      27556
      27444
      27331
      27217
      27101
      26985
      26868
      26750
      26630
      26510
      26388
      26266
      26142
      26018
      25891
      25765
      25637
      25508
      25379
      25248
      25116
      24983
      24850
      24714
      24579
      24443
      24305
      24166
      24027
      23887
      23745
      23603
      23459
      23316
      23170
      23024
      22877
      22729
      22581
      22431
      22280
      22129
      21977
      21823
      21669
      21514
      21359
      21202
      21045
      20886
      20728
      20568
      20407
      20246
      20083
      19920
      19756
      19592
      19426
      19260
      19093
      18925
      18757
      18588
      18418
      18247
      18076
      17903
      17731
      17557
      17383
      17209
      17033
      16856
      16680
      16502
      16324
      16145
      15966
      15785
      15605
      15424
      15241
      15059
      14876
      14692
      14508
      14323
      14137
      13952
      13765
      13578
      13390
      13202
      13013
      12824
      12634
      12444
      12254
      12062
      11871
      11678
      11486
      11293
      11099
      10906
      10711
      10516
      10321
      10125
       9929
       9733
       9536
       9339
       9142
       8944
       8745
       8547
       8347
       8149
       7949
       7749
       7549
       7349
       7148
       6946
       6746
       6544
       6341
       6140
       5937
       5735
       5532
       5329
       5126
       4922
       4718
       4514
       4311
       4107
       3902
       3698
       3493
       3288
       3083
       2879
       2673
       2468
       2262
       2058
       1852
       1646
       1440
       1234
       1028
        823
        617
        411
        205
          0
       -206
       -412
       -618
       -824
      -1030
      -1235
      -1441
      -1647
      -1853
      -2058
      -2263
      -2469
      -2674
      -2879
      -3084
      -3289
      -3494
      -3699
      -3903
      -4107
      -4311
      -4516
      -4720
      -4923
      -5126
      -5330
      -5533
      -5736
      -5938
      -6141
      -6343
      -6545
      -6746
      -6947
      -7148
      -7350
      -7549
      -7750
      -7950
      -8149
      -8349
      -8548
      -8747
      -8944
      -9143
      -9340
      -9537
      -9734
      -9930
     -10127
     -10322
     -10517
     -10712
     -10906
     -11101
     -11294
     -11487
     -11679
     -11872
     -12063
     -12254
     -12445
     -12636
     -12825
     -13015
     -13203
     -13391
     -13579
     -13766
     -13952
     -14138
     -14324
     -14509
     -14693
     -14876
     -15060
     -15243
     -15424
     -15606
     -15786
     -15967
     -16147
     -16325
     -16503
     -16680
     -16858
     -17034
     -17210
     -17385
     -17559
     -17732
     -17905
     -18076
     -18248
     -18418
     -18588
     -18758
     -18926
     -19094
     -19261
     -19428
     -19592
     -19757
     -19921
     -20085
     -20246
     -20408
     -20569
     -20729
     -20887
     -21046
     -21203
     -21360
     -21515
     -21670
     -21825
     -21977
     -22130
     -22281
     -22432
     -22581
     -22730
     -22878
     -23025
     -23170
     -23316
     -23460
     -23604
     -23746
     -23887
     -24028
     -24167
     -24305
     -24443
     -24580
     -24715
     -24850
     -24985
     -25117
     -25249
     -25380
     -25509
     -25638
     -25765
     -25892
     -26018
     -26143
     -26266
     -26389
     -26510
     -26631
     -26751
     -26868
     -26986
     -27102
     -27218
     -27331
     -27445
     -27557
     -27667
     -27778
     -27886
     -27993
     -28100
     -28205
     -28309
     -28412
     -28515
     -28616
     -28715
     -28813
     -28912
     -29008
     -29103
     -29197
     -29290
     -29382
     -29472
     -29561
     -29649
     -29737
     -29823
     -29907
     -29991
     -30074
     -30154
     -30235
     -30313
     -30391
     -30467
     -30543
     -30616
     -30690
     -30761
     -30832
     -30900
     -30969
     -31035
     -31100
     -31165
     -31228
     -31289
     -31350
     -31409
     -31467
     -31524
     -31580
     -31634
     -31687
     -31739
     -31790
     -31839
     -31887
     -31934
     -31980
     -32023
     -32067
     -32109
     -32149
     -32188
     -32226
     -32262
     -32298
     -32333
     -32365
     -32397
     -32427
     -32456
     -32484
     -32510
     -32536
     -32559
     -32581
     -32603
     -32623
     -32641
     -32660
     -32676
     -32690
     -32704
     -32716
     -32727
     -32737
     -32745
     -32752
     -32758
     -32762
     -32766
     -32768
     -32767
     -32767
     -32766
     -32762
     -32758
     -32753
     -32745
     -32737
     -32728
     -32716
     -32704
     -32690
     -32675
     -32659
     -32642
     -32623
     -32603
     -32582
     -32559
     -32536
     -32510
     -32483
     -32456
     -32427
     -32396
     -32365
     -32332
     -32299
     -32262
     -32226
     -32188
     -32149
     -32109
     -32067
     -32024
     -31980
     -31933
     -31887
     -31839
     -31789
     -31739
     -31688
     -31634
     -31580
     -31524
     -31467
     -31410
     -31350
     -31289
     -31228
     -31165
     -31100
     -31035
     -30968
     -30900
     -30832
     -30761
     -30689
     -30616
     -30542
     -30467
     -30391
     -30313
     -30235
     -30155
     -30074
     -29991
     -29908
     -29823
     -29737
     -29650
     -29562
     -29473
     -29381
     -29290
     -29197
     -29103
     -29007
     -28911
     -28814
     -28715
     -28616
     -28515
     -28412
     -28310
     -28205
     -28100
     -27993
     -27886
     -27777
     -27667
     -27557
     -27445
     -27332
     -27218
     -27102
     -26986
     -26869
     -26751
     -26631
     -26511
     -26389
     -26267
     -26143
     -26019
     -25892
     -25766
     -25638
     -25509
     -25380
     -25249
     -25117
     -24984
     -24851
     -24715
     -24580
     -24444
     -24306
     -24167
     -24028
     -23888
     -23746
     -23604
     -23460
     -23317
     -23170
     -23025
     -22878
     -22730
     -22582
     -22432
     -22281
     -22130
     -21978
     -21824
     -21670
     -21515
     -21360
     -21203
     -21046
     -20887
     -20729
     -20569
     -20408
     -20247
     -20084
     -19921
     -19757
     -19593
     -19427
     -19261
     -19094
     -18926
     -18758
     -18589
     -18419
     -18248
     -18077
     -17904
     -17732
     -17558
     -17384
     -17210
     -17034
     -16857
     -16681
     -16503
     -16325
     -16146
     -15967
     -15786
     -15606
     -15425
     -15242
     -15060
     -14877
     -14693
     -14509
     -14324
     -14138
     -13953
     -13766
     -13579
     -13391
     -13203
     -13014
     -12825
     -12635
     -12445
     -12255
     -12063
     -11872
     -11679
     -11487
     -11294
     -11100
     -10907
     -10712
     -10517
     -10322
     -10126
      -9930
      -9734
      -9537
      -9340
      -9143
      -8945
      -8746
      -8548
      -8348
      -8150
      -7950
      -7750
      -7550
      -7350
      -7149
      -6947
      -6747
      -6545
      -6342
      -6141
      -5938
      -5736
      -5533
      -5330
      -5127
      -4923
      -4719
      -4515
      -4312
      -4108
      -3903
      -3699
      -3494
      -3289
      -3084
      -2880
      -2674
      -2469
      -2263
      -2059
      -1853
      -1647
      -1441
      -1235
      -1029
       -824
       -618
       -412
       -206
          0
        205
        411
        617
        823
       1029
       1234
       1440
       1646
       1852
       2057
       2262
       2468
       2673
       2878
       3083
       3288
       3493
       3698
       3902
       4106
       4310
       4515
       4719
       4922
       5125
       5329
       5532
       5735
       5937
       6140
       6342
       6544
       6745
       6946
       7147
       7349
       7548
       7749
       7949
       8148
       8348
       8547
       8746
       8943
       9142
       9339
       9536
       9733
       9929
      10126
      10321
      10516
      10711
      10905
      11100
      11293
      11486
      11678
      11871
      12062
      12253
      12444
      12635
      12824
      13014
      13202
      13390
      13578
      13765
      13951
      14137
      14323
      14508
      14692
      14875
      15059
      15242
      15423
      15605
      15785
      15966
      16146
      16324
      16502
      16679
      16857
      17033
      17209
      17384
      17558
      17731
      17904
      18075
      18247
      18417
      18587
      18757
      18925
      19093
      19260
      19427
      19591
      19756
      19920
      20084
      20245
      20407
      20568
      20728
      20886
      21045
      21202
      21359
      21514
      21669
      21824
      21976
      22129
      22280
      22431
      22580
      22729
      22877
      23024
      23170
      23315
      23459
      23603
      23745
      23886
      24027
      24166
      24304
      24442
      24579
      24714
      24849
      24984
      25116
      25248
      25379
      25508
      25637
      25764
      25891
      26017
      26142
      26265
      26388
      26509
      26630
      26750
      26867
      26985
      27101
      27217
      27330
      27444
      27556
      27666
      27777
      27885
      27992
      28099
      28204
      28308
      28411
      28514
      28615
      28714
      28812
      28911
      29007
      29102
      29196
      29289
      29381
      29471
      29560
      29648
      29736
      29822
      29906
      29990
      30073
      30153
      30234
      30312
      30390
      30466
      30542
      30615
      30689
      30760
      30831
      30899
      30968
      31034
      31099
      31164
      31227
      31288
      31349
      31408
      31466
      31523
      31579
      31633
      31686
      31738
      31789
      31838
      31886
      31933
      31979
      32022
      32066
      32108
      32148
      32187
      32225
      32261
      32297
      32332
      32364
      32396
      32426
      32455
      32483
      32509
      32535
      32558
      32580
      32602
      32622
      32640
      32659
      32675
      32689
      32703
      32715
      32726
      32736
      32744
      32751
      32757
      32761
      32765
      32767
      32767
      32766
      32765
      32761
      32757
      32752
      32744
      32736
      32727
      32715
      32703
      32689
      32674
      32658
      32641
      32622
      32602
      32581
      32558
      32535
      32509
      32482
      32455
      32426
      32395
      32364
      32331
      32298
      32261
      32225
      32187
      32148
      32108
      32066
      32023
      31979
      31932
      31886
      31838
      31788
      31738
      31687
      31633
      31579
      31523
      31466
      31409
      31349
      31288
      31227
      31164
      31099
      31034
      30967
      30899
      30831
      30760
      30688
      30615
      30541
      30466
      30390
      30312
      30234
      30154
      30073
      29990
      29907
      29822
      29736
      29649
      29561
      29472
      29380
      29289
      29196
      29102
      29006
      28910
      28813
      28714
      28615
      28514
      28411
      28309
      28204
      28099
      27992
      27885
      27776
      27666
      27556
      27444
      27331
      27217
      27101
      26985
      26868
      26750
      26630
      26510
      26388
      26266
      26142
      26018
      25891
      25765
      25637
      25508
      25379
      25248
      25116
      24983
      24850
      24714
      24579
      24443
      24305
      24166
      24027
      23887
      23745
      23603
      23459
      23316
      23170
      23024
      22877
      22729
      22581
      22431
      22280
      22129
      21977
      21823
      21669
      21514
      21359
      21202
      21045
      20886
      20728
      20568
      20407
      20246
      20083
      19920
      19756
      19592
      19426
      19260
      19093
      18925
      18757
      18588
      18418
      18247
      18076
      17903
      17731
      17557
      17383
      17209
      17033
      16856
      16680
      16502
      16324
      16145
      15966
      15785
      15605
      15424
      15241
      15059
      14876
      14692
      14508
      14323
      14137
      13952
      13765
      13578
      13390
      13202
      13013
      12824
      12634
      12444
      12254
      12062
      11871
      11678
      11486
      11293
      11099
      10906
      10711
      10516
      10321
      10125
       9929
       9733
       9536
       9339
       9142
       8944
       8745
       8547
       8347
       8149
       7949
       7749
       7549
       7349
       7148
       6946
       6746
       6544
       6341
       6140
       5937
       5735
       5532
       5329
       5126
       4922
       4718
       4514
       4311
       4107
       3902
       3698
       3493
       3288
       3083
       2879
       2673
       2468
       2262
       2058
       1852
       1646
       1440
       1234
       1028
        823
        617
        411
        205
          0
       -206
       -412
       -618
       -824
      -1030
      -1235
      -1441
      -1647
      -1853
      -2058
      -2263
      -2469
      -2674
      -2879
      -3084
      -3289
      -3494
      -3699
      -3903
      -4107
      -4311
      -4516
      -4720
      -4923
      -5126
      -5330
      -5533
      -5736
      -5938
      -6141
      -6343
      -6545
      -6746
      -6947
      -7148
      -7350
      -7549
      -7750
      -7950
      -8149
      -8349
      -8548
      -8747
      -8944
      -9143
      -9340
      -9537
      -9734
      -9930
     -10127
     -10322
     -10517
     -10712
     -10906
     -11101
     -11294
     -11487
     -11679
     -11872
     -12063
     -12254
     -12445
     -12636
     -12825
     -13015
     -13203
     -13391
     -13579
     -13766
     -13952
     -14138
     -14324
     -14509
     -14693
     -14876
     -15060
     -15243
     -15424
     -15606
     -15786
     -15967
     -16147
     -16325
     -16503
     -16680
     -16858
     -17034
     -17210
     -17385
     -17559
     -17732
     -17905
     -18076
     -18248
     -18418
     -18588
     -18758
     -18926
     -19094
     -19261
     -19428
     -19592
     -19757
     -19921
     -20085
     -20246
     -20408
     -20569
     -20729
     -20887
     -21046
     -21203
     -21360
     -21515
     -21670
     -21825
     -21977
     -22130
     -22281
     -22432
     -22581
     -22730
     -22878
     -23025
     -23170
     -23316
     -23460
     -23604
     -23746
     -23887
     -24028
     -24167
     -24305
     -24443
     -24580
     -24715
     -24850
     -24985
     -25117
     -25249
     -25380
     -25509
     -25638
     -25765
     -25892
     -26018
     -26143
     -26266
     -26389
     -26510
     -26631
     -26751
     -26868
     -26986
     -27102
     -27218
     -27331
     -27445
     -27557
     -27667
     -27778
     -27886
     -27993
     -28100
     -28205
     -28309
     -28412
     -28515
     -28616
     -28715
     -28813
     -28912
     -29008
     -29103
     -29197
     -29290
     -29382
     -29472
     -29561
     -29649
     -29737
     -29823
     -29907
     -29991
     -30074
     -30154
     -30235
     -30313
     -30391
     -30467
     -30543
     -30616
     -30690
     -30761
     -30832
     -30900
     -30969
     -31035
     -31100
     -31165
     -31228
     -31289
     -31350
     -31409
     -31467
     -31524
     -31580
     -31634
     -31687
     -31739
     -31790
     -31839
     -31887
     -31934
     -31980
     -32023
     -32067
     -32109
     -32149
     -32188
     -32226
     -32262
     -32298
     -32333
     -32365
     -32397
     -32427
     -32456
     -32484
     -32510
     -32536
     -32559
     -32581
     -32603
     -32623
     -32641
     -32660
     -32676
     -32690
     -32704
     -32716
     -32727
     -32737
     -32745
     -32752
     -32758
     -32762
     -32766
     -32768
     -32767
     -32767
     -32766
     -32762
     -32758
     -32753
     -32745
     -32737
     -32728
     -32716
     -32704
     -32690
     -32675
     -32659
     -32642
     -32623
     -32603
     -32582
     -32559
     -32536
     -32510
     -32483
     -32456
     -32427
     -32396
     -32365
     -32332
     -32299
     -32262
     -32226
     -32188
     -32149
     -32109
     -32067
     -32024
     -31980
     -31933
     -31887
     -31839
     -31789
     -31739
     -31688
     -31634
     -31580
     -31524
     -31467
     -31410
     -31350
     -31289
     -31228
     -31165
     -31100
     -31035
     -30968
     -30900
     -30832
     -30761
     -30689
     -30616
     -30542
     -30467
     -30391
     -30313
     -30235
     -30155
     -30074
     -29991
     -29908
     -29823
     -29737
     -29650
     -29562
     -29473
     -29381
     -29290
     -29197
     -29103
     -29007
     -28911
     -28814
     -28715
     -28616
     -28515
     -28412
     -28310
     -28205
     -28100
     -27993
     -27886
     -27777
     -27667
     -27557
     -27445
     -27332
     -27218
     -27102
     -26986
     -26869
     -26751
     -26631
     -26511
     -26389
     -26267
     -26143
     -26019
     -25892
     -25766
     -25638
     -25509
     -25380
     -25249
     -25117
     -24984
     -24851
     -24715
     -24580
     -24444
     -24306
     -24167
     -24028
     -23888
     -23746
     -23604
     -23460
     -23317
     -23170
     -23025
     -22878
     -22730
     -22582
     -22432
     -22281
     -22130
     -21978
     -21824
     -21670
     -21515
     -21360
     -21203
     -21046
     -20887
     -20729
     -20569
     -20408
     -20247
     -20084
     -19921
     -19757
     -19593
     -19427
     -19261
     -19094
     -18926
     -18758
     -18589
     -18419
     -18248
     -18077
     -17904
     -17732
     -17558
     -17384
     -17210
     -17034
     -16857
     -16681
     -16503
     -16325
     -16146
     -15967
     -15786
     -15606
     -15425
     -15242
     -15060
     -14877
     -14693
     -14509
     -14324
     -14138
     -13953
     -13766
     -13579
     -13391
     -13203
     -13014
     -12825
     -12635
     -12445
     -12255
     -12063
     -11872
     -11679
     -11487
     -11294
     -11100
     -10907
     -10712
     -10517
     -10322
     -10126
      -9930
      -9734
      -9537
      -9340
      -9143
      -8945
      -8746
      -8548
      -8348
      -8150
      -7950
      -7750
      -7550
      -7350
      -7149
      -6947
      -6747
      -6545
      -6342
      -6141
      -5938
      -5736
      -5533
      -5330
      -5127
      -4923
      -4719
      -4515
      -4312
      -4108
      -3903
      -3699
      -3494
      -3289
      -3084
      -2880
      -2674
      -2469
      -2263
      -2059
      -1853
      -1647
      -1441
      -1235
      -1029
       -824
       -618
       -412
       -206
          0
        205
        411
        617
        823
       1029
       1234
       1440
       1646
       1852
       2057
       2262
       2468
       2673
       2878
       3083
       3288
       3493
       3698
       3902
       4106
       4310
       4515
       4719
       4922
       5125
       5329
       5532
       5735
       5937
       6140
       6342
       6544
       6745
       6946
       7147
       7349
       7548
       7749
       7949
       8148
       8348
       8547
       8746
       8943
       9142
       9339
       9536
       9733
       9929
      10126
      10321
      10516
      10711
      10905
      11100
      11293
      11486
      11678
      11871
      12062
      12253
      12444
      12635
      12824
      13014
      13202
      13390
      13578
      13765
      13951
      14137
      14323
      14508
      14692
      14875
      15059
      15242
      15423
      15605
      15785
      15966
      16146
      16324
      16502
      16679
      16857
      17033
      17209
      17384
      17558
      17731
      17904
      18075
      18247
      18417
      18587
      18757
      18925
      19093
      19260
      19427
      19591
      19756
      19920
      20084
      20245
      20407
      20568
      20728
      20886
      21045
      21202
      21359
      21514
      21669
      21824
      21976
      22129
      22280
      22431
      22580
      22729
      22877
      23024
      23170
      23315
      23459
      23603
      23745
      23886
      24027
      24166
      24304
      24442
      24579
      24714
      24849
      24984
      25116
      25248
      25379
      25508
      25637
      25764
      25891
      26017
      26142
      26265
      26388
      26509
      26630
      26750
      26867
      26985
      27101
      27217
      27330
      27444
      27556
      27666
      27777
      27885
      27992
      28099
      28204
      28308
      28411
      28514
      28615
      28714
      28812
      28911
      29007
      29102
      29196
      29289
      29381
      29471
      29560
      29648
      29736
      29822
      29906
      29990
      30073
      30153
      30234
      30312
      30390
      30466
      30542
      30615
      30689
      30760
      30831
      30899
      30968
      31034
      31099
      31164
      31227
      31288
      31349
      31408
      31466
      31523
      31579
      31633
      31686
      31738
      31789
      31838
      31886
      31933
      31979
      32022
      32066
      32108
      32148
      32187
      32225
      32261
      32297
      32332
      32364
      32396
      32426
      32455
      32483
      32509
      32535
      32558
      32580
      32602
      32622
      32640
      32659
      32675
      32689
      32703
      32715
      32726
      32736
      32744
      32751
      32757
      32761
      32765
      32767
      32767
      32766
      32765
      32761
      32757
      32752
      32744
      32736
      32727
      32715
      32703
      32689
      32674
      32658
      32641
      32622
      32602
      32581
      32558
      32535
      32509
      32482
      32455
      32426
      32395
      32364
      32331
      32298
      32261
      32225
      32187
      32148
      32108
      32066
      32023
      31979
      31932
      31886
      31838
      31788
      31738
      31687
      31633
      31579
      31523
      31466
      31409
      31349
      31288
      31227
      31164
      31099
      31034
      30967
      30899
      30831
      30760
      30688
      30615
      30541
      30466
      30390
      30312
      30234
      30154
      30073
      29990
      29907
      29822
      29736
      29649
      29561
      29472
      29380
      29289
      29196
      29102
      29006
      28910
      28813
      28714
      28615
      28514
      28411
      28309
      28204
      28099
      27992
      27885
      27776
      27666
      27556
      27444
      27331
      27217
      27101
      26985
      26868
      26750
      26630
      26510
      26388
      26266
      26142
      26018
      25891
      25765
      25637
      25508
      25379
      25248
      25116
      24983
      24850
      24714
      24579
      24443
      24305
      24166
      24027
      23887
      23745
      23603
      23459
      23316
      23170
      23024
      22877
      22729
      22581
      22431
      22280
      22129
      21977
      21823
      21669
      21514
      21359
      21202
      21045
      20886
      20728
      20568
      20407
      20246
      20083
      19920
      19756
      19592
      19426
      19260
      19093
      18925
      18757
      18588
      18418
      18247
      18076
      17903
      17731
      17557
      17383
      17209
      17033
      16856
      16680
      16502
      16324
      16145
      15966
      15785
      15605
      15424
      15241
      15059
      14876
      14692
      14508
      14323
      14137
      13952
      13765
      13578
      13390
      13202
      13013
      12824
      12634
      12444
      12254
      12062
      11871
      11678
      11486
      11293
      11099
      10906
      10711
      10516
      10321
      10125
       9929
       9733
       9536
       9339
       9142
       8944
       8745
       8547
       8347
       8149
       7949
       7749
       7549
       7349
       7148
       6946
       6746
       6544
       6341
       6140
       5937
       5735
       5532
       5329
       5126
       4922
       4718
       4514
       4311
       4107
       3902
       3698
       3493
       3288
       3083
       2879
       2673
       2468
       2262
       2058
       1852
       1646
       1440
       1234
       1028
        823
        617
        411
        205
          0
       -206
       -412
       -618
       -824
      -1030
      -1235
      -1441
      -1647
      -1853
      -2058
      -2263
      -2469
      -2674
      -2879
      -3084
      -3289
      -3494
      -3699
      -3903
      -4107
      -4311
      -4516
      -4720
      -4923
      -5126
      -5330
      -5533
      -5736
      -5938
      -6141
      -6343
      -6545
      -6746
      -6947
      -7148
      -7350
      -7549
      -7750
      -7950
      -8149
      -8349
      -8548
      -8747
      -8944
      -9143
      -9340
      -9537
      -9734
      -9930
     -10127
     -10322
     -10517
     -10712
     -10906
     -11101
     -11294
     -11487
     -11679
     -11872
     -12063
     -12254
     -12445
     -12636
     -12825
     -13015
     -13203
     -13391
     -13579
     -13766
     -13952
     -14138
     -14324
     -14509
     -14693
     -14876
     -15060
     -15243
     -15424
     -15606
     -15786
     -15967
     -16147
     -16325
     -16503
     -16680
     -16858
     -17034
     -17210
     -17385
     -17559
     -17732
     -17905
     -18076
     -18248
     -18418
     -18588
     -18758
     -18926
     -19094
     -19261
     -19428
     -19592
     -19757
     -19921
     -20085
     -20246
     -20408
     -20569
     -20729
     -20887
     -21046
     -21203
     -21360
     -21515
     -21670
     -21825
     -21977
     -22130
     -22281
     -22432
     -22581
     -22730
     -22878
     -23025
     -23170
     -23316
     -23460
     -23604
     -23746
     -23887
     -24028
     -24167
     -24305
     -24443
     -24580
     -24715
     -24850
     -24985
     -25117
     -25249
     -25380
     -25509
     -25638
     -25765
     -25892
     -26018
     -26143
     -26266
     -26389
     -26510
     -26631
     -26751
     -26868
     -26986
     -27102
     -27218
     -27331
     -27445
     -27557
     -27667
     -27778
     -27886
     -27993
     -28100
     -28205
     -28309
     -28412
     -28515
     -28616
     -28715
     -28813
     -28912
     -29008
     -29103
     -29197
     -29290
     -29382
     -29472
     -29561
     -29649
     -29737
     -29823
     -29907
     -29991
     -30074
     -30154
     -30235
     -30313
     -30391
     -30467
     -30543
     -30616
     -30690
     -30761
     -30832
     -30900
     -30969
     -31035
     -31100
     -31165
     -31228
     -31289
     -31350
     -31409
     -31467
     -31524
     -31580
     -31634
     -31687
     -31739
     -31790
     -31839
     -31887
     -31934
     -31980
     -32023
     -32067
     -32109
     -32149
     -32188
     -32226
     -32262
     -32298
     -32333
     -32365
     -32397
     -32427
     -32456
     -32484
     -32510
     -32536
     -32559
     -32581
     -32603
     -32623
     -32641
     -32660
     -32676
     -32690
     -32704
     -32716
     -32727
     -32737
     -32745
     -32752
     -32758
     -32762
     -32766
     -32768
     -32767
     -32767
     -32766
     -32762
     -32758
     -32753
     -32745
     -32737
     -32728
     -32716
     -32704
     -32690
     -32675
     -32659
     -32642
     -32623
     -32603
     -32582
     -32559
     -32536
     -32510
     -32483
     -32456
     -32427
     -32396
     -32365
     -32332
     -32299
     -32262
     -32226
     -32188
     -32149
     -32109
     -32067
     -32024
     -31980
     -31933
     -31887
     -31839
     -31789
     -31739
     -31688
     -31634
     -31580
     -31524
     -31467
     -31410
     -31350
     -31289
     -31228
     -31165
     -31100
     -31035
     -30968
     -30900
     -30832
     -30761
     -30689
     -30616
     -30542
     -30467
     -30391
     -30313
     -30235
     -30155
     -30074
     -29991
     -29908
     -29823
     -29737
     -29650
     -29562
     -29473
     -29381
     -29290
     -29197
     -29103
     -29007
     -28911
     -28814
     -28715
     -28616
     -28515
     -28412
     -28310
     -28205
     -28100
     -27993
     -27886
     -27777
     -27667
     -27557
     -27445
     -27332
     -27218
     -27102
     -26986
     -26869
     -26751
     -26631
     -26511
     -26389
     -26267
     -26143
     -26019
     -25892
     -25766
     -25638
     -25509
     -25380
     -25249
     -25117
     -24984
     -24851
     -24715
     -24580
     -24444
     -24306
     -24167
     -24028
     -23888
     -23746
     -23604
     -23460
     -23317
     -23170
     -23025
     -22878
     -22730
     -22582
     -22432
     -22281
     -22130
     -21978
     -21824
     -21670
     -21515
     -21360
     -21203
     -21046
     -20887
     -20729
     -20569
     -20408
     -20247
     -20084
     -19921
     -19757
     -19593
     -19427
     -19261
     -19094
     -18926
     -18758
     -18589
     -18419
     -18248
     -18077
     -17904
     -17732
     -17558
     -17384
     -17210
     -17034
     -16857
     -16681
     -16503
     -16325
     -16146
     -15967
     -15786
     -15606
     -15425
     -15242
     -15060
     -14877
     -14693
     -14509
     -14324
     -14138
     -13953
     -13766
     -13579
     -13391
     -13203
     -13014
     -12825
     -12635
     -12445
     -12255
     -12063
     -11872
     -11679
     -11487
     -11294
     -11100
     -10907
     -10712
     -10517
     -10322
     -10126
      -9930
      -9734
      -9537
      -9340
      -9143
      -8945
      -8746
      -8548
      -8348
      -8150
      -7950
      -7750
      -7550
      -7350
      -7149
      -6947
      -6747
      -6545
      -6342
      -6141
      -5938
      -5736
      -5533
      -5330
      -5127
      -4923
      -4719
      -4515
      -4312
      -4108
      -3903
      -3699
      -3494
      -3289
      -3084
      -2880
      -2674
      -2469
      -2263
      -2059
      -1853
      -1647
      -1441
      -1235
      -1029
       -824
       -618
       -412
       -206
          0
        205
        411
        617
        823
       1029
       1234
       1440
       1646
       1852
       2057
       2262
       2468
       2673
       2878
       3083
       3288
       3493
       3698
       3902
       4106
       4310
       4515
       4719
       4922
       5125
       5329
       5532
       5735
       5937
       6140
       6342
       6544
       6745
       6946
       7147
       7349
       7548
       7749
       7949
       8148
       8348
       8547
       8746
       8943
       9142
       9339
       9536
       9733
       9929
      10126
      10321
      10516
      10711
      10905
      11100
      11293
      11486
      11678
      11871
      12062
      12253
      12444
      12635
      12824
      13014
      13202
      13390
      13578
      13765
      13951
      14137
      14323
      14508
      14692
      14875
      15059
      15242
      15423
      15605
      15785
      15966
      16146
      16324
      16502
      16679
      16857
      17033
      17209
      17384
      17558
      17731
      17904
      18075
      18247
      18417
      18587
      18757
      18925
      19093
      19260
      19427
      19591
      19756
      19920
      20084
      20245
      20407
      20568
      20728
      20886
      21045
      21202
      21359
      21514
      21669
      21824
      21976
      22129
      22280
      22431
      22580
      22729
      22877
      23024
      23170
      23315
      23459
      23603
      23745
      23886
      24027
      24166
      24304
      24442
      24579
      24714
      24849
      24984
      25116
      25248
      25379
      25508
      25637
      25764
      25891
      26017
      26142
      26265
      26388
      26509
      26630
      26750
      26867
      26985
      27101
      27217
      27330
      27444
      27556
      27666
      27777
      27885
      27992
      28099
      28204
      28308
      28411
      28514
      28615
      28714
      28812
      28911
      29007
      29102
      29196
      29289
      29381
      29471
      29560
      29648
      29736
      29822
      29906
      29990
      30073
      30153
      30234
      30312
      30390
      30466
      30542
      30615
      30689
      30760
      30831
      30899
      30968
      31034
      31099
      31164
      31227
      31288
      31349
      31408
      31466
      31523
      31579
      31633
      31686
      31738
      31789
      31838
      31886
      31933
      31979
      32022
      32066
      32108
      32148
      32187
      32225
      32261
      32297
      32332
      32364
      32396
      32426
      32455
      32483
      32509
      32535
      32558
      32580
      32602
      32622
      32640
      32659
      32675
      32689
      32703
      32715
      32726
      32736
      32744
      32751
      32757
      32761
      32765
      32767
      32767
      32766
      32765
      32761
      32757
      32752
      32744
      32736
      32727
      32715
      32703
      32689
      32674
      32658
      32641
      32622
      32602
      32581
      32558
      32535
      32509
      32482
      32455
      32426
      32395
      32364
      32331
      32298
      32261
      32225
      32187
      32148
      32108
      32066
      32023
      31979
      31932
      31886
      31838
      31788
      31738
      31687
      31633
      31579
      31523
      31466
      31409
      31349
      31288
      31227
      31164
      31099
      31034
      30967
      30899
      30831
      30760
      30688
      30615
      30541
      30466
      30390
      30312
      30234
      30154
      30073
      29990
      29907
      29822
      29736
      29649
      29561
      29472
      29380
      29289
      29196
      29102
      29006
      28910
      28813
      28714
      28615
      28514
      28411
      28309
      28204
      28099
      27992
      27885
      27776
      27666
      27556
      27444
      27331
      27217
      27101
      26985
      26868
      26750
      26630
      26510
      26388
      26266
      26142
      26018
      25891
      25765
      25637
      25508
      25379
      25248
      25116
      24983
      24850
      24714
      24579
      24443
      24305
      24166
      24027
      23887
      23745
      23603
      23459
      23316
      23170
      23024
      22877
      22729
      22581
      22431
      22280
      22129
      21977
      21823
      21669
      21514
      21359
      21202
      21045
      20886
      20728
      20568
      20407
      20246
      20083
      19920
      19756
      19592
      19426
      19260
      19093
      18925
      18757
      18588
      18418
      18247
      18076
      17903
      17731
      17557
      17383
      17209
      17033
      16856
      16680
      16502
      16324
      16145
      15966
      15785
      15605
      15424
      15241
      15059
      14876
      14692
      14508
      14323
      14137
      13952
      13765
      13578
      13390
      13202
      13013
      12824
      12634
      12444
      12254
      12062
      11871
      11678
      11486
      11293
      11099
      10906
      10711
      10516
      10321
      10125
       9929
       9733
       9536
       9339
       9142
       8944
       8745
       8547
       8347
       8149
       7949
       7749
       7549
       7349
       7148
       6946
       6746
       6544
       6341
       6140
       5937
       5735
       5532
       5329
       5126
       4922
       4718
       4514
       4311
       4107
       3902
       3698
       3493
       3288
       3083
       2879
       2673
       2468
       2262
       2058
       1852
       1646
       1440
       1234
       1028
        823
        617
        411
        205
          0
       -206
       -412
       -618
       -824
      -1030
      -1235
      -1441
      -1647
      -1853
      -2058
      -2263
      -2469
      -2674
      -2879
      -3084
      -3289
      -3494
      -3699
      -3903
      -4107
      -4311
      -4516
      -4720
      -4923
      -5126
      -5330
      -5533
      -5736
      -5938
      -6141
      -6343
      -6545
      -6746
      -6947
      -7148
      -7350
      -7549
      -7750
      -7950
      -8149
      -8349
      -8548
      -8747
      -8944
      -9143
      -9340
      -9537
      -9734
      -9930
     -10127
     -10322
     -10517
     -10712
     -10906
     -11101
     -11294
     -11487
     -11679
     -11872
     -12063
     -12254
     -12445
     -12636
     -12825
     -13015
     -13203
     -13391
     -13579
     -13766
     -13952
     -14138
     -14324
     -14509
     -14693
     -14876
     -15060
     -15243
     -15424
     -15606
     -15786
     -15967
     -16147
     -16325
     -16503
     -16680
     -16858
     -17034
     -17210
     -17385
     -17559
     -17732
     -17905
     -18076
     -18248
     -18418
     -18588
     -18758
     -18926
     -19094
     -19261
     -19428
     -19592
     -19757
     -19921
     -20085
     -20246
     -20408
     -20569
     -20729
     -20887
     -21046
     -21203
     -21360
     -21515
     -21670
     -21825
     -21977
     -22130
     -22281
     -22432
     -22581
     -22730
     -22878
     -23025
     -23170
     -23316
     -23460
     -23604
     -23746
     -23887
     -24028
     -24167
     -24305
     -24443
     -24580
     -24715
     -24850
     -24985
     -25117
     -25249
     -25380
     -25509
     -25638
     -25765
     -25892
     -26018
     -26143
     -26266
     -26389
     -26510
     -26631
     -26751
     -26868
     -26986
     -27102
     -27218
     -27331
     -27445
     -27557
     -27667
     -27778
     -27886
     -27993
     -28100
     -28205
     -28309
     -28412
     -28515
     -28616
     -28715
     -28813
     -28912
     -29008
     -29103
     -29197
     -29290
     -29382
     -29472
     -29561
     -29649
     -29737
     -29823
     -29907
     -29991
     -30074
     -30154
     -30235
     -30313
     -30391
     -30467
     -30543
     -30616
     -30690
     -30761
     -30832
     -30900
     -30969
     -31035
     -31100
     -31165
     -31228
     -31289
     -31350
     -31409
     -31467
     -31524
     -31580
     -31634
     -31687
     -31739
     -31790
     -31839
     -31887
     -31934
     -31980
     -32023
     -32067
     -32109
     -32149
     -32188
     -32226
     -32262
     -32298
     -32333
     -32365
     -32397
     -32427
     -32456
     -32484
     -32510
     -32536
     -32559
     -32581
     -32603
     -32623
     -32641
     -32660
     -32676
     -32690
     -32704
     -32716
     -32727
     -32737
     -32745
     -32752
     -32758
     -32762
     -32766
     -32768
     -32767
     -32767
     -32766
     -32762
     -32758
     -32753
     -32745
     -32737
     -32728
     -32716
     -32704
     -32690
     -32675
     -32659
     -32642
     -32623
     -32603
     -32582
     -32559
     -32536
     -32510
     -32483
     -32456
     -32427
     -32396
     -32365
     -32332
     -32299
     -32262
     -32226
     -32188
     -32149
     -32109
     -32067
     -32024
     -31980
     -31933
     -31887
     -31839
     -31789
     -31739
     -31688
     -31634
     -31580
     -31524
     -31467
     -31410
     -31350
     -31289
     -31228
     -31165
     -31100
     -31035
     -30968
     -30900
     -30832
     -30761
     -30689
     -30616
     -30542
     -30467
     -30391
     -30313
     -30235
     -30155
     -30074
     -29991
     -29908
     -29823
     -29737
     -29650
     -29562
     -29473
     -29381
     -29290
     -29197
     -29103
     -29007
     -28911
     -28814
     -28715
     -28616
     -28515
     -28412
     -28310
     -28205
     -28100
     -27993
     -27886
     -27777
     -27667
     -27557
     -27445
     -27332
     -27218
     -27102
     -26986
     -26869
     -26751
     -26631
     -26511
     -26389
     -26267
     -26143
     -26019
     -25892
     -25766
     -25638
     -25509
     -25380
     -25249
     -25117
     -24984
     -24851
     -24715
     -24580
     -24444
     -24306
     -24167
     -24028
     -23888
     -23746
     -23604
     -23460
     -23317
     -23170
     -23025
     -22878
     -22730
     -22582
     -22432
     -22281
     -22130
     -21978
     -21824
     -21670
     -21515
     -21360
     -21203
     -21046
     -20887
     -20729
     -20569
     -20408
     -20247
     -20084
     -19921
     -19757
     -19593
     -19427
     -19261
     -19094
     -18926
     -18758
     -18589
     -18419
     -18248
     -18077
     -17904
     -17732
     -17558
     -17384
     -17210
     -17034
     -16857
     -16681
     -16503
     -16325
     -16146
     -15967
     -15786
     -15606
     -15425
     -15242
     -15060
     -14877
     -14693
     -14509
     -14324
     -14138
     -13953
     -13766
     -13579
     -13391
     -13203
     -13014
     -12825
     -12635
     -12445
     -12255
     -12063
     -11872
     -11679
     -11487
     -11294
     -11100
     -10907
     -10712
     -10517
     -10322
     -10126
      -9930
      -9734
      -9537
      -9340
      -9143
      -8945
      -8746
      -8548
      -8348
      -8150
      -7950
      -7750
      -7550
      -7350
      -7149
      -6947
      -6747
      -6545
      -6342
      -6141
      -5938
      -5736
      -5533
      -5330
      -5127
      -4923
      -4719
      -4515
      -4312
      -4108
      -3903
      -3699
      -3494
      -3289
      -3084
      -2880
      -2674
      -2469
      -2263
      -2059
      -1853
      -1647
      -1441
      -1235
      -1029
       -824
       -618
       -412
       -206
          0
        205
        411
        617
        823
       1029
       1234
       1440
       1646
       1852
       2057
       2262
       2468
       2673
       2878
       3083
       3288
       3493
       3698
       3902
       4106
       4310
       4515
       4719
       4922
       5125
       5329
       5532
       5735
       5937
       6140
       6342
       6544
       6745
       6946
       7147
       7349
       7548
       7749
       7949
       8148
       8348
       8547
       8746
       8943
       9142
       9339
       9536
       9733
       9929
      10126
      10321
      10516
      10711
      10905
      11100
      11293
      11486
      11678
      11871
      12062
      12253
      12444
      12635
      12824
      13014
      13202
      13390
      13578
      13765
      13951
      14137
      14323
      14508
      14692
      14875
      15059
      15242
      15423
      15605
      15785
      15966
      16146
      16324
      16502
      16679
      16857
      17033
      17209
      17384
      17558
      17731
      17904
      18075
      18247
      18417
      18587
      18757
      18925
      19093
      19260
      19427
      19591
      19756
      19920
      20084
      20245
      20407
      20568
      20728
      20886
      21045
      21202
      21359
      21514
      21669
      21824
      21976
      22129
      22280
      22431
      22580
      22729
      22877
      23024
      23170
      23315
      23459
      23603
      23745
      23886
      24027
      24166
      24304
      24442
      24579
      24714
      24849
      24984
      25116
      25248
      25379
      25508
      25637
      25764
      25891
      26017
      26142
      26265
      26388
      26509
      26630
      26750
      26867
      26985
      27101
      27217
      27330
      27444
      27556
      27666
      27777
      27885
      27992
      28099
      28204
      28308
      28411
      28514
      28615
      28714
      28812
      28911
      29007
      29102
      29196
      29289
      29381
      29471
      29560
      29648
      29736
      29822
      29906
      29990
      30073
      30153
      30234
      30312
      30390
      30466
      30542
      30615
      30689
      30760
      30831
      30899
      30968
      31034
      31099
      31164
      31227
      31288
      31349
      31408
      31466
      31523
      31579
      31633
      31686
      31738
      31789
      31838
      31886
      31933
      31979
      32022
      32066
      32108
      32148
      32187
      32225
      32261
      32297
      32332
      32364
      32396
      32426
      32455
      32483
      32509
      32535
      32558
      32580
      32602
      32622
      32640
      32659
      32675
      32689
      32703
      32715
      32726
      32736
      32744
      32751
      32757
      32761
      32765
      32767
      32767
      32766
      32765
      32761
      32757
      32752
      32744
      32736
      32727
      32715
      32703
      32689
      32674
      32658
      32641
      32622
      32602
      32581
      32558
      32535
      32509
      32482
      32455
      32426
      32395
      32364
      32331
      32298
      32261
      32225
      32187
      32148
      32108
      32066
      32023
      31979
      31932
      31886
      31838
      31788
      31738
      31687
      31633
      31579
      31523
      31466
      31409
      31349
      31288
      31227
      31164
      31099
      31034
      30967
      30899
      30831
      30760
      30688
      30615
      30541
      30466
      30390
      30312
      30234
      30154
      30073
      29990
      29907
      29822
      29736
      29649
      29561
      29472
      29380
      29289
      29196
      29102
      29006
      28910
      28813
      28714
      28615
      28514
      28411
      28309
      28204
      28099
      27992
      27885
      27776
      27666
      27556
      27444
      27331
      27217
      27101
      26985
      26868
      26750
      26630
      26510
      26388
      26266
      26142
      26018
      25891
      25765
      25637
      25508
      25379
      25248
      25116
      24983
      24850
      24714
      24579
      24443
      24305
      24166
      24027
      23887
      23745
      23603
      23459
      23316
      23170
      23024
      22877
      22729
      22581
      22431
      22280
      22129
      21977
      21823
      21669
      21514
      21359
      21202
      21045
      20886
      20728
      20568
      20407
      20246
      20083
      19920
      19756
      19592
      19426
      19260
      19093
      18925
      18757
      18588
      18418
      18247
      18076
      17903
      17731
      17557
      17383
      17209
      17033
      16856
      16680
      16502
      16324
      16145
      15966
      15785
      15605
      15424
      15241
      15059
      14876
      14692
      14508
      14323
      14137
      13952
      13765
      13578
      13390
      13202
      13013
      12824
      12634
      12444
      12254
      12062
      11871
      11678
      11486
      11293
      11099
      10906
      10711
      10516
      10321
      10125
       9929
       9733
       9536
       9339
       9142
       8944
       8745
       8547
       8347
       8149
       7949
       7749
       7549
       7349
       7148
       6946
       6746
       6544
       6341
       6140
       5937
       5735
       5532
       5329
       5126
       4922
       4718
       4514
       4311
       4107
       3902
       3698
       3493
       3288
       3083
       2879
       2673
       2468
       2262
       2058
       1852
       1646
       1440
       1234
       1028
        823
        617
        411
        205
          0
       -206
       -412
       -618
       -824
      -1030
      -1235
      -1441
      -1647
      -1853
      -2058
      -2263
      -2469
      -2674
      -2879
      -3084
      -3289
      -3494
      -3699
      -3903
      -4107
      -4311
      -4516
      -4720
      -4923
      -5126
      -5330
      -5533
      -5736
      -5938
      -6141
      -6343
      -6545
      -6746
      -6947
      -7148
      -7350
      -7549
      -7750
      -7950
      -8149
      -8349
      -8548
      -8747
      -8944
      -9143
      -9340
      -9537
      -9734
      -9930
     -10127
     -10322
     -10517
     -10712
     -10906
     -11101
     -11294
     -11487
     -11679
     -11872
     -12063
     -12254
     -12445
     -12636
     -12825
     -13015
     -13203
     -13391
     -13579
     -13766
     -13952
     -14138
     -14324
     -14509
     -14693
     -14876
     -15060
     -15243
     -15424
     -15606
     -15786
     -15967
     -16147
     -16325
     -16503
     -16680
     -16858
     -17034
     -17210
     -17385
     -17559
     -17732
     -17905
     -18076
     -18248
     -18418
     -18588
     -18758
     -18926
     -19094
     -19261
     -19428
     -19592
     -19757
     -19921
     -20085
     -20246
     -20408
     -20569
     -20729
     -20887
     -21046
     -21203
     -21360
     -21515
     -21670
     -21825
     -21977
     -22130
     -22281
     -22432
     -22581
     -22730
     -22878
     -23025
     -23170
     -23316
     -23460
     -23604
     -23746
     -23887
     -24028
     -24167
     -24305
     -24443
     -24580
     -24715
     -24850
     -24985
     -25117
     -25249
     -25380
     -25509
     -25638
     -25765
     -25892
     -26018
     -26143
     -26266
     -26389
     -26510
     -26631
     -26751
     -26868
     -26986
     -27102
     -27218
     -27331
     -27445
     -27557
     -27667
     -27778
     -27886
     -27993
     -28100
     -28205
     -28309
     -28412
     -28515
     -28616
     -28715
     -28813
     -28912
     -29008
     -29103
     -29197
     -29290
     -29382
     -29472
     -29561
     -29649
     -29737
     -29823
     -29907
     -29991
     -30074
     -30154
     -30235
     -30313
     -30391
     -30467
     -30543
     -30616
     -30690
     -30761
     -30832
     -30900
     -30969
     -31035
     -31100
     -31165
     -31228
     -31289
     -31350
     -31409
     -31467
     -31524
     -31580
     -31634
     -31687
     -31739
     -31790
     -31839
     -31887
     -31934
     -31980
     -32023
     -32067
     -32109
     -32149
     -32188
     -32226
     -32262
     -32298
     -32333
     -32365
     -32397
     -32427
     -32456
     -32484
     -32510
     -32536
     -32559
     -32581
     -32603
     -32623
     -32641
     -32660
     -32676
     -32690
     -32704
     -32716
     -32727
     -32737
     -32745
     -32752
     -32758
     -32762
     -32766
     -32768
     -32767
     -32767
     -32766
     -32762
     -32758
     -32753
     -32745
     -32737
     -32728
     -32716
     -32704
     -32690
     -32675
     -32659
     -32642
     -32623
     -32603
     -32582
     -32559
     -32536
     -32510
     -32483
     -32456
     -32427
     -32396
     -32365
     -32332
     -32299
     -32262
     -32226
     -32188
     -32149
     -32109
     -32067
     -32024
     -31980
     -31933
     -31887
     -31839
     -31789
     -31739
     -31688
     -31634
     -31580
     -31524
     -31467
     -31410
     -31350
     -31289
     -31228
     -31165
     -31100
     -31035
     -30968
     -30900
     -30832
     -30761
     -30689
     -30616
     -30542
     -30467
     -30391
     -30313
     -30235
     -30155
     -30074
     -29991
     -29908
     -29823
     -29737
     -29650
     -29562
     -29473
     -29381
     -29290
     -29197
     -29103
     -29007
     -28911
     -28814
     -28715
     -28616
     -28515
     -28412
     -28310
     -28205
     -28100
     -27993
     -27886
     -27777
     -27667
     -27557
     -27445
     -27332
     -27218
     -27102
     -26986
     -26869
     -26751
     -26631
     -26511
     -26389
     -26267
     -26143
     -26019
     -25892
     -25766
     -25638
     -25509
     -25380
     -25249
     -25117
     -24984
     -24851
     -24715
     -24580
     -24444
     -24306
     -24167
     -24028
     -23888
     -23746
     -23604
     -23460
     -23317
     -23170
     -23025
     -22878
     -22730
     -22582
     -22432
     -22281
     -22130
     -21978
     -21824
     -21670
     -21515
     -21360
     -21203
     -21046
     -20887
     -20729
     -20569
     -20408
     -20247
     -20084
     -19921
     -19757
     -19593
     -19427
     -19261
     -19094
     -18926
     -18758
     -18589
     -18419
     -18248
     -18077
     -17904
     -17732
     -17558
     -17384
     -17210
     -17034
     -16857
     -16681
     -16503
     -16325
     -16146
     -15967
     -15786
     -15606
     -15425
     -15242
     -15060
     -14877
     -14693
     -14509
     -14324
     -14138
     -13953
     -13766
     -13579
     -13391
     -13203
     -13014
     -12825
     -12635
     -12445
     -12255
     -12063
     -11872
     -11679
     -11487
     -11294
     -11100
     -10907
     -10712
     -10517
     -10322
     -10126
      -9930
      -9734
      -9537
      -9340
      -9143
      -8945
      -8746
      -8548
      -8348
      -8150
      -7950
      -7750
      -7550
      -7350
      -7149
      -6947
      -6747
      -6545
      -6342
      -6141
      -5938
      -5736
      -5533
      -5330
      -5127
      -4923
      -4719
      -4515
      -4312
      -4108
      -3903
      -3699
      -3494
      -3289
      -3084
      -2880
      -2674
      -2469
      -2263
      -2059
      -1853
      -1647
      -1441
      -1235
      -1029
       -824
       -618
       -412
       -206
          0
        205
        411
        617
        823
       1029
       1234
       1440
       1646
       1852
       2057
       2262
       2468
       2673
       2878
       3083
       3288
       3493
       3698
       3902
       4106
       4310
       4515
       4719
       4922
       5125
       5329
       5532
       5735
       5937
       6140
       6342
       6544
       6745
       6946
       7147
       7349
       7548
       7749
       7949
       8148
       8348
       8547
       8746
       8943
       9142
       9339
       9536
       9733
       9929
      10126
      10321
      10516
      10711
      10905
      11100
      11293
      11486
      11678
      11871
      12062
      12253
      12444
      12635
      12824
      13014
      13202
      13390
      13578
      13765
      13951
      14137
      14323
      14508
      14692
      14875
      15059
      15242
      15423
      15605
      15785
      15966
      16146
      16324
      16502
      16679
      16857
      17033
      17209
      17384
      17558
      17731
      17904
      18075
      18247
      18417
      18587
      18757
      18925
      19093
      19260
      19427
      19591
      19756
      19920
      20084
      20245
      20407
      20568
      20728
      20886
      21045
      21202
      21359
      21514
      21669
      21824
      21976
      22129
      22280
      22431
      22580
      22729
      22877
      23024
      23170
      23315
      23459
      23603
      23745
      23886
      24027
      24166
      24304
      24442
      24579
      24714
      24849
      24984
      25116
      25248
      25379
      25508
      25637
      25764
      25891
      26017
      26142
      26265
      26388
      26509
      26630
      26750
      26867
      26985
      27101
      27217
      27330
      27444
      27556
      27666
      27777
      27885
      27992
      28099
      28204
      28308
      28411
      28514
      28615
      28714
      28812
      28911
      29007
      29102
      29196
      29289
      29381
      29471
      29560
      29648
      29736
      29822
      29906
      29990
      30073
      30153
      30234
      30312
      30390
      30466
      30542
      30615
      30689
      30760
      30831
      30899
      30968
      31034
      31099
      31164
      31227
      31288
      31349
      31408
      31466
      31523
      31579
      31633
      31686
      31738
      31789
      31838
      31886
      31933
      31979
      32022
      32066
      32108
      32148
      32187
      32225
      32261
      32297
      32332
      32364
      32396
      32426
      32455
      32483
      32509
      32535
      32558
      32580
      32602
      32622
      32640
      32659
      32675
      32689
      32703
      32715
      32726
      32736
      32744
      32751
      32757
      32761
      32765
      32767
      32767
      32766
      32765
      32761
      32757
      32752
      32744
      32736
      32727
      32715
      32703
      32689
      32674
      32658
      32641
      32622
      32602
      32581
      32558
      32535
      32509
      32482
      32455
      32426
      32395
      32364
      32331
      32298
      32261
      32225
      32187
      32148
      32108
      32066
      32023
      31979
      31932
      31886
      31838
      31788
      31738
      31687
      31633
      31579
      31523
      31466
      31409
      31349
      31288
      31227
      31164
      31099
      31034
      30967
      30899
      30831
      30760
      30688
      30615
      30541
      30466
      30390
      30312
      30234
      30154
      30073
      29990
      29907
      29822
      29736
      29649
      29561
      29472
      29380
      29289
      29196
      29102
      29006
      28910
      28813
      28714
      28615
      28514
      28411
      28309
      28204
      28099
      27992
      27885
      27776
      27666
      27556
      27444
      27331
      27217
      27101
      26985
      26868
      26750
      26630
      26510
      26388
      26266
      26142
      26018
      25891
      25765
      25637
      25508
      25379
      25248
      25116
      24983
      24850
      24714
      24579
      24443
      24305
      24166
      24027
      23887
      23745
      23603
      23459
      23316
      23170
      23024
      22877
      22729
      22581
      22431
      22280
      22129
      21977
      21823
      21669
      21514
      21359
      21202
      21045
      20886
      20728
      20568
      20407
      20246
      20083
      19920
      19756
      19592
      19426
      19260
      19093
      18925
      18757
      18588
      18418
      18247
      18076
      17903
      17731
      17557
      17383
      17209
      17033
      16856
      16680
      16502
      16324
      16145
      15966
      15785
      15605
      15424
      15241
      15059
      14876
      14692
      14508
      14323
      14137
      13952
      13765
      13578
      13390
      13202
      13013
      12824
      12634
      12444
      12254
      12062
      11871
      11678
      11486
      11293
      11099
      10906
      10711
      10516
      10321
      10125
       9929
       9733
       9536
       9339
       9142
       8944
       8745
       8547
       8347
       8149
       7949
       7749
       7549
       7349
       7148
       6946
       6746
       6544
       6341
       6140
       5937
       5735
       5532
       5329
       5126
       4922
       4718
       4514
       4311
       4107
       3902
       3698
       3493
       3288
       3083
       2879
       2673
       2468
       2262
       2058
       1852
       1646
       1440
       1234
       1028
        823
        617
        411
        205
          0
       -206
       -412
       -618
       -824
      -1030
      -1235
      -1441
      -1647
      -1853
      -2058
      -2263
      -2469
      -2674
      -2879
      -3084
      -3289
      -3494
      -3699
      -3903
      -4107
      -4311
      -4516
      -4720
      -4923
      -5126
      -5330
      -5533
      -5736
      -5938
      -6141
      -6343
      -6545
      -6746
      -6947
      -7148
      -7350
      -7549
      -7750
      -7950
      -8149
      -8349
      -8548
      -8747
      -8944
      -9143
      -9340
      -9537
      -9734
      -9930
     -10127
     -10322
     -10517
     -10712
     -10906
     -11101
     -11294
     -11487
     -11679
     -11872
     -12063
     -12254
     -12445
     -12636
     -12825
     -13015
     -13203
     -13391
     -13579
     -13766
     -13952
     -14138
     -14324
     -14509
     -14693
     -14876
     -15060
     -15243
     -15424
     -15606
     -15786
     -15967
     -16147
     -16325
     -16503
     -16680
     -16858
     -17034
     -17210
     -17385
     -17559
     -17732
     -17905
     -18076
     -18248
     -18418
     -18588
     -18758
     -18926
     -19094
     -19261
     -19428
     -19592
     -19757
     -19921
     -20085
     -20246
     -20408
     -20569
     -20729
     -20887
     -21046
     -21203
     -21360
     -21515
     -21670
     -21825
     -21977
     -22130
     -22281
     -22432
     -22581
     -22730
     -22878
     -23025
     -23170
     -23316
     -23460
     -23604
     -23746
     -23887
     -24028
     -24167
     -24305
     -24443
     -24580
     -24715
     -24850
     -24985
     -25117
     -25249
     -25380
     -25509
     -25638
     -25765
     -25892
     -26018
     -26143
     -26266
     -26389
     -26510
     -26631
     -26751
     -26868
     -26986
     -27102
     -27218
     -27331
     -27445
     -27557
     -27667
     -27778
     -27886
     -27993
     -28100
     -28205
     -28309
     -28412
     -28515
     -28616
     -28715
     -28813
     -28912
     -29008
     -29103
     -29197
     -29290
     -29382
     -29472
     -29561
     -29649
     -29737
     -29823
     -29907
     -29991
     -30074
     -30154
     -30235
     -30313
     -30391
     -30467
     -30543
     -30616
     -30690
     -30761
     -30832
     -30900
     -30969
     -31035
     -31100
     -31165
     -31228
     -31289
     -31350
     -31409
     -31467
     -31524
     -31580
     -31634
     -31687
     -31739
     -31790
     -31839
     -31887
     -31934
     -31980
     -32023
     -32067
     -32109
     -32149
     -32188
     -32226
     -32262
     -32298
     -32333
     -32365
     -32397
     -32427
     -32456
     -32484
     -32510
     -32536
     -32559
     -32581
     -32603
     -32623
     -32641
     -32660
     -32676
     -32690
     -32704
     -32716
     -32727
     -32737
     -32745
     -32752
     -32758
     -32762
     -32766
     -32768
     -32767
     -32767
     -32766
     -32762
     -32758
     -32753
     -32745
     -32737
     -32728
     -32716
     -32704
     -32690
     -32675
     -32659
     -32642
     -32623
     -32603
     -32582
     -32559
     -32536
     -32510
     -32483
     -32456
     -32427
     -32396
     -32365
     -32332
     -32299
     -32262
     -32226
     -32188
     -32149
     -32109
     -32067
     -32024
     -31980
     -31933
     -31887
     -31839
     -31789
     -31739
     -31688
     -31634
     -31580
     -31524
     -31467
     -31410
     -31350
     -31289
     -31228
     -31165
     -31100
     -31035
     -30968
     -30900
     -30832
     -30761
     -30689
     -30616
     -30542
     -30467
     -30391
     -30313
     -30235
     -30155
     -30074
     -29991
     -29908
     -29823
     -29737
     -29650
     -29562
     -29473
     -29381
     -29290
     -29197
     -29103
     -29007
     -28911
     -28814
     -28715
     -28616
     -28515
     -28412
     -28310
     -28205
     -28100
     -27993
     -27886
     -27777
     -27667
     -27557
     -27445
     -27332
     -27218
     -27102
     -26986
     -26869
     -26751
     -26631
     -26511
     -26389
     -26267
     -26143
     -26019
     -25892
     -25766
     -25638
     -25509
     -25380
     -25249
     -25117
     -24984
     -24851
     -24715
     -24580
     -24444
     -24306
     -24167
     -24028
     -23888
     -23746
     -23604
     -23460
     -23317
     -23170
     -23025
     -22878
     -22730
     -22582
     -22432
     -22281
     -22130
     -21978
     -21824
     -21670
     -21515
     -21360
     -21203
     -21046
     -20887
     -20729
     -20569
     -20408
     -20247
     -20084
     -19921
     -19757
     -19593
     -19427
     -19261
     -19094
     -18926
     -18758
     -18589
     -18419
     -18248
     -18077
     -17904
     -17732
     -17558
     -17384
     -17210
     -17034
     -16857
     -16681
     -16503
     -16325
     -16146
     -15967
     -15786
     -15606
     -15425
     -15242
     -15060
     -14877
     -14693
     -14509
     -14324
     -14138
     -13953
     -13766
     -13579
     -13391
     -13203
     -13014
     -12825
     -12635
     -12445
     -12255
     -12063
     -11872
     -11679
     -11487
     -11294
     -11100
     -10907
     -10712
     -10517
     -10322
     -10126
      -9930
      -9734
      -9537
      -9340
      -9143
      -8945
      -8746
      -8548
      -8348
      -8150
      -7950
      -7750
      -7550
      -7350
      -7149
      -6947
      -6747
      -6545
      -6342
      -6141
      -5938
      -5736
      -5533
      -5330
      -5127
      -4923
      -4719
      -4515
      -4312
      -4108
      -3903
      -3699
      -3494
      -3289
      -3084
      -2880
      -2674
      -2469
      -2263
      -2059
      -1853
      -1647
      -1441
      -1235
      -1029
       -824
       -618
       -412
       -206
          0
        205
        411
        617
        823
       1029
       1234
       1440
       1646
       1852
       2057
       2262
       2468
       2673
       2878
       3083
       3288
       3493
       3698
       3902
       4106
       4310
       4515
       4719
       4922
       5125
       5329
       5532
       5735
       5937
       6140
       6342
       6544
       6745
       6946
       7147
       7349
       7548
       7749
       7949
       8148
       8348
       8547
       8746
       8943
       9142
       9339
       9536
       9733
       9929
      10126
      10321
      10516
      10711
      10905
      11100
      11293
      11486
      11678
      11871
      12062
      12253
      12444
      12635
      12824
      13014
      13202
      13390
      13578
      13765
      13951
      14137
      14323
      14508
      14692
      14875
      15059
      15242
      15423
      15605
      15785
      15966
      16146
      16324
      16502
      16679
      16857
      17033
      17209
      17384
      17558
      17731
      17904
      18075
      18247
      18417
      18587
      18757
      18925
      19093
      19260
      19427
      19591
      19756
      19920
      20084
      20245
      20407
      20568
      20728
      20886
      21045
      21202
      21359
      21514
      21669
      21824
      21976
      22129
      22280
      22431
      22580
      22729
      22877
      23024
      23170
      23315
      23459
      23603
      23745
      23886
      24027
      24166
      24304
      24442
      24579
      24714
      24849
      24984
      25116
      25248
      25379
      25508
      25637
      25764
      25891
      26017
      26142
      26265
      26388
      26509
      26630
      26750
      26867
      26985
      27101
      27217
      27330
      27444
      27556
      27666
      27777
      27885
      27992
      28099
      28204
      28308
      28411
      28514
      28615
      28714
      28812
      28911
      29007
      29102
      29196
      29289
      29381
      29471
      29560
      29648
      29736
      29822
      29906
      29990
      30073
      30153
      30234
      30312
      30390
      30466
      30542
      30615
      30689
      30760
      30831
      30899
      30968
      31034
      31099
      31164
      31227
      31288
      31349
      31408
      31466
      31523
      31579
      31633
      31686
      31738
      31789
      31838
      31886
      31933
      31979
      32022
      32066
      32108
      32148
      32187
      32225
      32261
      32297
      32332
      32364
      32396
      32426
      32455
      32483
      32509
      32535
      32558
      32580
      32602
      32622
      32640
      32659
      32675
      32689
      32703
      32715
      32726
      32736
      32744
      32751
      32757
      32761
      32765
      32767
      32767
      32766
      32765
      32761
      32757
      32752
      32744
      32736
      32727
      32715
      32703
      32689
      32674
      32658
      32641
      32622
      32602
      32581
      32558
      32535
      32509
      32482
      32455
      32426
      32395
      32364
      32331
      32298
      32261
      32225
      32187
      32148
      32108
      32066
      32023
      31979
      31932
      31886
      31838
      31788
      31738
      31687
      31633
      31579
      31523
      31466
      31409
      31349
      31288
      31227
      31164
      31099
      31034
      30967
      30899
      30831
      30760
      30688
      30615
      30541
      30466
      30390
      30312
      30234
      30154
      30073
      29990
      29907
      29822
      29736
      29649
      29561
      29472
      29380
      29289
      29196
      29102
      29006
      28910
      28813
      28714
      28615
      28514
      28411
      28309
      28204
      28099
      27992
      27885
      27776
      27666
      27556
      27444
      27331
      27217
      27101
      26985
      26868
      26750
      26630
      26510
      26388
      26266
      26142
      26018
      25891
      25765
      25637
      25508
      25379
      25248
      25116
      24983
      24850
      24714
      24579
      24443
      24305
      24166
      24027
      23887
      23745
      23603
      23459
      23316
      23170
      23024
      22877
      22729
      22581
      22431
      22280
      22129
      21977
      21823
      21669
      21514
      21359
      21202
      21045
      20886
      20728
      20568
      20407
      20246
      20083
      19920
      19756
      19592
      19426
      19260
      19093
      18925
      18757
      18588
      18418
      18247
      18076
      17903
      17731
      17557
      17383
      17209
      17033
      16856
      16680
      16502
      16324
      16145
      15966
      15785
      15605
      15424
      15241
      15059
      14876
      14692
      14508
      14323
      14137
      13952
      13765
      13578
      13390
      13202
      13013
      12824
      12634
      12444
      12254
      12062
      11871
      11678
      11486
      11293
      11099
      10906
      10711
      10516
      10321
      10125
       9929
       9733
       9536
       9339
       9142
       8944
       8745
       8547
       8347
       8149
       7949
       7749
       7549
       7349
       7148
       6946
       6746
       6544
       6341
       6140
       5937
       5735
       5532
       5329
       5126
       4922
       4718
       4514
       4311
       4107
       3902
       3698
       3493
       3288
       3083
       2879
       2673
       2468
       2262
       2058
       1852
       1646
       1440
       1234
       1028
        823
        617
        411
        205
          0
       -206
       -412
       -618
       -824
      -1030
      -1235
      -1441
      -1647
      -1853
      -2058
      -2263
      -2469
      -2674
      -2879
      -3084
      -3289
      -3494
      -3699
      -3903
      -4107
      -4311
      -4516
      -4720
      -4923
      -5126
      -5330
      -5533
      -5736
      -5938
      -6141
      -6343
      -6545
      -6746
      -6947
      -7148
      -7350
      -7549
      -7750
      -7950
      -8149
      -8349
      -8548
      -8747
      -8944
      -9143
      -9340
      -9537
      -9734
      -9930
     -10127
     -10322
     -10517
     -10712
     -10906
     -11101
     -11294
     -11487
     -11679
     -11872
     -12063
     -12254
     -12445
     -12636
     -12825
     -13015
     -13203
     -13391
     -13579
     -13766
     -13952
     -14138
     -14324
     -14509
     -14693
     -14876
     -15060
     -15243
     -15424
     -15606
     -15786
     -15967
     -16147
     -16325
     -16503
     -16680
     -16858
     -17034
     -17210
     -17385
     -17559
     -17732
     -17905
     -18076
     -18248
     -18418
     -18588
     -18758
     -18926
     -19094
     -19261
     -19428
     -19592
     -19757
     -19921
     -20085
     -20246
     -20408
     -20569
     -20729
     -20887
     -21046
     -21203
     -21360
     -21515
     -21670
     -21825
     -21977
     -22130
     -22281
     -22432
     -22581
     -22730
     -22878
     -23025
     -23170
     -23316
     -23460
     -23604
     -23746
     -23887
     -24028
     -24167
     -24305
     -24443
     -24580
     -24715
     -24850
     -24985
     -25117
     -25249
     -25380
     -25509
     -25638
     -25765
     -25892
     -26018
     -26143
     -26266
     -26389
     -26510
     -26631
     -26751
     -26868
     -26986
     -27102
     -27218
     -27331
     -27445
     -27557
     -27667
     -27778
     -27886
     -27993
     -28100
     -28205
     -28309
     -28412
     -28515
     -28616
     -28715
     -28813
     -28912
     -29008
     -29103
     -29197
     -29290
     -29382
     -29472
     -29561
     -29649
     -29737
     -29823
     -29907
     -29991
     -30074
     -30154
     -30235
     -30313
     -30391
     -30467
     -30543
     -30616
     -30690
     -30761
     -30832
     -30900
     -30969
     -31035
     -31100
     -31165
     -31228
     -31289
     -31350
     -31409
     -31467
     -31524
     -31580
     -31634
     -31687
     -31739
     -31790
     -31839
     -31887
     -31934
     -31980
     -32023
     -32067
     -32109
     -32149
     -32188
     -32226
     -32262
     -32298
     -32333
     -32365
     -32397
     -32427
     -32456
     -32484
     -32510
     -32536
     -32559
     -32581
     -32603
     -32623
     -32641
     -32660
     -32676
     -32690
     -32704
     -32716
     -32727
     -32737
     -32745
     -32752
     -32758
     -32762
     -32766
     -32768
     -32767
     -32767
     -32766
     -32762
     -32758
     -32753
     -32745
     -32737
     -32728
     -32716
     -32704
     -32690
     -32675
     -32659
     -32642
     -32623
     -32603
     -32582
     -32559
     -32536
     -32510
     -32483
     -32456
     -32427
     -32396
     -32365
     -32332
     -32299
     -32262
     -32226
     -32188
     -32149
     -32109
     -32067
     -32024
     -31980
     -31933
     -31887
     -31839
     -31789
     -31739
     -31688
     -31634
     -31580
     -31524
     -31467
     -31410
     -31350
     -31289
     -31228
     -31165
     -31100
     -31035
     -30968
     -30900
     -30832
     -30761
     -30689
     -30616
     -30542
     -30467
     -30391
     -30313
     -30235
     -30155
     -30074
     -29991
     -29908
     -29823
     -29737
     -29650
     -29562
     -29473
     -29381
     -29290
     -29197
     -29103
     -29007
     -28911
     -28814
     -28715
     -28616
     -28515
     -28412
     -28310
     -28205
     -28100
     -27993
     -27886
     -27777
     -27667
     -27557
     -27445
     -27332
     -27218
     -27102
     -26986
     -26869
     -26751
     -26631
     -26511
     -26389
     -26267
     -26143
     -26019
     -25892
     -25766
     -25638
     -25509
     -25380
     -25249
     -25117
     -24984
     -24851
     -24715
     -24580
     -24444
     -24306
     -24167
     -24028
     -23888
     -23746
     -23604
     -23460
     -23317
     -23170
     -23025
     -22878
     -22730
     -22582
     -22432
     -22281
     -22130
     -21978
     -21824
     -21670
     -21515
     -21360
     -21203
     -21046
     -20887
     -20729
     -20569
     -20408
     -20247
     -20084
     -19921
     -19757
     -19593
     -19427
     -19261
     -19094
     -18926
     -18758
     -18589
     -18419
     -18248
     -18077
     -17904
     -17732
     -17558
     -17384
     -17210
     -17034
     -16857
     -16681
     -16503
     -16325
     -16146
     -15967
     -15786
     -15606
     -15425
     -15242
     -15060
     -14877
     -14693
     -14509
     -14324
     -14138
     -13953
     -13766
     -13579
     -13391
     -13203
     -13014
     -12825
     -12635
     -12445
     -12255
     -12063
     -11872
     -11679
     -11487
     -11294
     -11100
     -10907
     -10712
     -10517
     -10322
     -10126
      -9930
      -9734
      -9537
      -9340
      -9143
      -8945
      -8746
      -8548
      -8348
      -8150
      -7950
      -7750
      -7550
      -7350
      -7149
      -6947
      -6747
      -6545
      -6342
      -6141
      -5938
      -5736
      -5533
      -5330
      -5127
      -4923
      -4719
      -4515
      -4312
      -4108
      -3903
      -3699
      -3494
      -3289
      -3084
      -2880
      -2674
      -2469
      -2263
      -2059
      -1853
      -1647
      -1441
      -1235
      -1029
       -824
       -618
       -412
       -206
          0
        205
        411
        617
        823
       1029
       1234
       1440
       1646
       1852
       2057
       2262
       2468
       2673
       2878
       3083
       3288
       3493
       3698
       3902
       4106
       4310
       4515
       4719
       4922
       5125
       5329
       5532
       5735
       5937
       6140
       6342
       6544
       6745
       6946
       7147
       7349
       7548
       7749
       7949
       8148
       8348
       8547
       8746
       8943
       9142
       9339
       9536
       9733
       9929
      10126
      10321
      10516
      10711
      10905
      11100
      11293
      11486
      11678
      11871
      12062
      12253
      12444
      12635
      12824
      13014
      13202
      13390
      13578
      13765
      13951
      14137
      14323
      14508
      14692
      14875
      15059
      15242
      15423
      15605
      15785
      15966
      16146
      16324
      16502
      16679
      16857
      17033
      17209
      17384
      17558
      17731
      17904
      18075
      18247
      18417
      18587
      18757
      18925
      19093
      19260
      19427
      19591
      19756
      19920
      20084
      20245
      20407
      20568
      20728
      20886
      21045
      21202
      21359
      21514
      21669
      21824
      21976
      22129
      22280
      22431
      22580
      22729
      22877
      23024
      23170
      23315
      23459
      23603
      23745
      23886
      24027
      24166
      24304
      24442
      24579
      24714
      24849
      24984
      25116
      25248
      25379
      25508
      25637
      25764
      25891
      26017
      26142
      26265
      26388
      26509
      26630
      26750
      26867
      26985
      27101
      27217
      27330
      27444
      27556
      27666
      27777
      27885
      27992
      28099
      28204
      28308
      28411
      28514
      28615
      28714
      28812
      28911
      29007
      29102
      29196
      29289
      29381
      29471
      29560
      29648
      29736
      29822
      29906
      29990
      30073
      30153
      30234
      30312
      30390
      30466
      30542
      30615
      30689
      30760
      30831
      30899
      30968
      31034
      31099
      31164
      31227
      31288
      31349
      31408
      31466
      31523
      31579
      31633
      31686
      31738
      31789
      31838
      31886
      31933
      31979
      32022
      32066
      32108
      32148
      32187
      32225
      32261
      32297
      32332
      32364
      32396
      32426
      32455
      32483
      32509
      32535
      32558
      32580
      32602
      32622
      32640
      32659
      32675
      32689
      32703
      32715
      32726
      32736
      32744
      32751
      32757
      32761
      32765
      32767
      32767
      32766
      32765
      32761
      32757
      32752
      32744
      32736
      32727
      32715
      32703
      32689
      32674
      32658
      32641
      32622
      32602
      32581
      32558
      32535
      32509
      32482
      32455
      32426
      32395
      32364
      32331
      32298
      32261
      32225
      32187
      32148
      32108
      32066
      32023
      31979
      31932
      31886
      31838
      31788
      31738
      31687
      31633
      31579
      31523
      31466
      31409
      31349
      31288
      31227
      31164
      31099
      31034
      30967
      30899
      30831
      30760
      30688
      30615
      30541
      30466
      30390
      30312
      30234
      30154
      30073
      29990
      29907
      29822
      29736
      29649
      29561
      29472
      29380
      29289
      29196
      29102
      29006
      28910
      28813
      28714
      28615
      28514
      28411
      28309
      28204
      28099
      27992
      27885
      27776
      27666
      27556
      27444
      27331
      27217
      27101
      26985
      26868
      26750
      26630
      26510
      26388
      26266
      26142
      26018
      25891
      25765
      25637
      25508
      25379
      25248
      25116
      24983
      24850
      24714
      24579
      24443
      24305
      24166
      24027
      23887
      23745
      23603
      23459
      23316
      23170
      23024
      22877
      22729
      22581
      22431
      22280
      22129
      21977
      21823
      21669
      21514
      21359
      21202
      21045
      20886
      20728
      20568
      20407
      20246
      20083
      19920
      19756
      19592
      19426
      19260
      19093
      18925
      18757
      18588
      18418
      18247
      18076
      17903
      17731
      17557
      17383
      17209
      17033
      16856
      16680
      16502
      16324
      16145
      15966
      15785
      15605
      15424
      15241
      15059
      14876
      14692
      14508
      14323
      14137
      13952
      13765
      13578
      13390
      13202
      13013
      12824
      12634
      12444
      12254
      12062
      11871
      11678
      11486
      11293
      11099
      10906
      10711
      10516
      10321
      10125
       9929
       9733
       9536
       9339
       9142
       8944
       8745
       8547
       8347
       8149
       7949
       7749
       7549
       7349
       7148
       6946
       6746
       6544
       6341
       6140
       5937
       5735
       5532
       5329
       5126
       4922
       4718
       4514
       4311
       4107
       3902
       3698
       3493
       3288
       3083
       2879
       2673
       2468
       2262
       2058
       1852
       1646
       1440
       1234
       1028
        823
        617
        411
        205
          0
       -206
       -412
       -618
       -824
      -1030
      -1235
      -1441
      -1647
      -1853
      -2058
      -2263
      -2469
      -2674
      -2879
      -3084
      -3289
      -3494
      -3699
      -3903
      -4107
      -4311
      -4516
      -4720
      -4923
      -5126
      -5330
      -5533
      -5736
      -5938
      -6141
      -6343
      -6545
      -6746
      -6947
      -7148
      -7350
      -7549
      -7750
      -7950
      -8149
      -8349
      -8548
      -8747
      -8944
      -9143
      -9340
      -9537
      -9734
      -9930
     -10127
     -10322
     -10517
     -10712
     -10906
     -11101
     -11294
     -11487
     -11679
     -11872
     -12063
     -12254
     -12445
     -12636
     -12825
     -13015
     -13203
     -13391
     -13579
     -13766
     -13952
     -14138
     -14324
     -14509
     -14693
     -14876
     -15060
     -15243
     -15424
     -15606
     -15786
     -15967
     -16147
     -16325
     -16503
     -16680
     -16858
     -17034
     -17210
     -17385
     -17559
     -17732
     -17905
     -18076
     -18248
     -18418
     -18588
     -18758
     -18926
     -19094
     -19261
     -19428
     -19592
     -19757
     -19921
     -20085
     -20246
     -20408
     -20569
     -20729
     -20887
     -21046
     -21203
     -21360
     -21515
     -21670
     -21825
     -21977
     -22130
     -22281
     -22432
     -22581
     -22730
     -22878
     -23025
     -23170
     -23316
     -23460
     -23604
     -23746
     -23887
     -24028
     -24167
     -24305
     -24443
     -24580
     -24715
     -24850
     -24985
     -25117
     -25249
     -25380
     -25509
     -25638
     -25765
     -25892
     -26018
     -26143
     -26266
     -26389
     -26510
     -26631
     -26751
     -26868
     -26986
     -27102
     -27218
     -27331
     -27445
     -27557
     -27667
     -27778
     -27886
     -27993
     -28100
     -28205
     -28309
     -28412
     -28515
     -28616
     -28715
     -28813
     -28912
     -29008
     -29103
     -29197
     -29290
     -29382
     -29472
     -29561
     -29649
     -29737
     -29823
     -29907
     -29991
     -30074
     -30154
     -30235
     -30313
     -30391
     -30467
     -30543
     -30616
     -30690
     -30761
     -30832
     -30900
     -30969
     -31035
     -31100
     -31165
     -31228
     -31289
     -31350
     -31409
     -31467
     -31524
     -31580
     -31634
     -31687
     -31739
     -31790
     -31839
     -31887
     -31934
     -31980
     -32023
     -32067
     -32109
     -32149
     -32188
     -32226
     -32262
     -32298
     -32333
     -32365
     -32397
     -32427
     -32456
     -32484
     -32510
     -32536
     -32559
     -32581
     -32603
     -32623
     -32641
     -32660
     -32676
     -32690
     -32704
     -32716
     -32727
     -32737
     -32745
     -32752
     -32758
     -32762
     -32766
     -32768
     -32767
     -32767
     -32766
     -32762
     -32758
     -32753
     -32745
     -32737
     -32728
     -32716
     -32704
     -32690
     -32675
     -32659
     -32642
     -32623
     -32603
     -32582
     -32559
     -32536
     -32510
     -32483
     -32456
     -32427
     -32396
     -32365
     -32332
     -32299
     -32262
     -32226
     -32188
     -32149
     -32109
     -32067
     -32024
     -31980
     -31933
     -31887
     -31839
     -31789
     -31739
     -31688
     -31634
     -31580
     -31524
     -31467
     -31410
     -31350
     -31289
     -31228
     -31165
     -31100
     -31035
     -30968
     -30900
     -30832
     -30761
     -30689
     -30616
     -30542
     -30467
     -30391
     -30313
     -30235
     -30155
     -30074
     -29991
     -29908
     -29823
     -29737
     -29650
     -29562
     -29473
     -29381
     -29290
     -29197
     -29103
     -29007
     -28911
     -28814
     -28715
     -28616
     -28515
     -28412
     -28310
     -28205
     -28100
     -27993
     -27886
     -27777
     -27667
     -27557
     -27445
     -27332
     -27218
     -27102
     -26986
     -26869
     -26751
     -26631
     -26511
     -26389
     -26267
     -26143
     -26019
     -25892
     -25766
     -25638
     -25509
     -25380
     -25249
     -25117
     -24984
     -24851
     -24715
     -24580
     -24444
     -24306
     -24167
     -24028
     -23888
     -23746
     -23604
     -23460
     -23317
     -23170
     -23025
     -22878
     -22730
     -22582
     -22432
     -22281
     -22130
     -21978
     -21824
     -21670
     -21515
     -21360
     -21203
     -21046
     -20887
     -20729
     -20569
     -20408
     -20247
     -20084
     -19921
     -19757
     -19593
     -19427
     -19261
     -19094
     -18926
     -18758
     -18589
     -18419
     -18248
     -18077
     -17904
     -17732
     -17558
     -17384
     -17210
     -17034
     -16857
     -16681
     -16503
     -16325
     -16146
     -15967
     -15786
     -15606
     -15425
     -15242
     -15060
     -14877
     -14693
     -14509
     -14324
     -14138
     -13953
     -13766
     -13579
     -13391
     -13203
     -13014
     -12825
     -12635
     -12445
     -12255
     -12063
     -11872
     -11679
     -11487
     -11294
     -11100
     -10907
     -10712
     -10517
     -10322
     -10126
      -9930
      -9734
      -9537
      -9340
      -9143
      -8945
      -8746
      -8548
      -8348
      -8150
      -7950
      -7750
      -7550
      -7350
      -7149
      -6947
      -6747
      -6545
      -6342
      -6141
      -5938
      -5736
      -5533
      -5330
      -5127
      -4923
      -4719
      -4515
      -4312
      -4108
      -3903
      -3699
      -3494
      -3289
      -3084
      -2880
      -2674
      -2469
      -2263
      -2059
      -1853
      -1647
      -1441
      -1235
      -1029
       -824
       -618
       -412
       -206
